word,answer
mangamanhwadonghuavtuberstreamergame, <noise>
confused-depressed-feelingbad-regret,confused depressed feeling bad regret
depresikebayang-depresikebayang.dan, depresi kebayang
semogaadajalankeluarnydariorangbaik, semoga ada jalan keluarnya dari orang baik
depressed-ketawa-depressed-ketawa,depressed ketawa
depresikebayang-depresikebayang,depresi kebayang
.............................., <noise>
nctdream_thedreamshowa_jakarta, <noise>
anxious-linglung-bengong-nugas,anxious linglung bengong nugas
kinda-depressed-but-not-really,kinda depressed but not really
ngebullyngatai-ngebullyngatai,membully menghina
innalillahiwainnailaihirojiun,innalillahiwainnailaihirojiun
pemalusensitifbaperanpesimis, <noise>
sedangberkatapadadirisendiri, <noise>
garnieradfoamserumxmilklove,<noise>
diaturdisuruh-diaturdisuruh,diatur
ceritasharing-ceritasharing,cerita sharing
iklan-layanan-masyarakat-as,iklan layanan masyarakat
우리도_사랑해_스트레이키즈, <noise>
high-functioning-depressed,high-functioning depressed
whenlifegivesyoutangerines, <noise>
djjdjdksnxsnksckncdnkcdncd, <noise>
wkwkwkwkkwkwkwkwkwkwkwkwkw, <noise>
hahahhahahahahhahahahahaha, hahaha
stresscemasinsecureanxiety, <noise>
berhari2berbulan2bertahun,berhari-hari berbulan-bulan bertahun-tahun
lasttwilightseriesfinalep, <noise>
permasalahan-permasalahan,permasalahan
nyeninyentrikuniksurealis, <noise>
........................., <noise>
daydreaminghyperphantasia, <noise>
stres-depressed-hopeless,stres depressed hopeless 
kepalaoverthinkingteralu, <noise>
justiceformydayindonesia, <noise>
bismillahirrahmanirrahim,bismillahirrahmanirrahim
ringogamonsemakindidepan, <noise>
agreed anxious menangis, agreed anxious menangis
darahseranggahantusetan, <noise>
perhatianhiperaktivitas, perhatian hiperaktivitas
stressdepressedmentally, stress depressed mentally
anxiousconcernednervous, anxious concerned nervous
stupid-insane-depressed,stupid insane depressed
sorotanpubliksemuaorang, sorotan publik semua orang
dibandingin-dibandingin,dibandngkan
overthinkanxiousmelukai, overthink anxious melukai
mungkinefekterlalusetia, mungkin efek terlalu setia
kemungkinan-kemungkinan,kemungkinan
nahan.bertahun-bertahun, menahan. bertahun-tahun
pejuanganxietyindonesia,pejuangan anxiety indonesia 
sangatnhsjskskakjshshs, sangat stres
gugupgrogitakutgelisah, gugup grogi takut gelisah
ajbxjsbxnsbsnndjabznsn, <noise>
toogetheronlineconcert, <noise>
anxiety.depressi.panic, anxiety depressi panic
mempertanggungjawabkan, mempertanggubjawakan
 dipertanggungjawabkan, dipertanggungjawabkan
fakfakafakafakafakfak, fuck
tiktok-1paragraf-beli,tiktok beli
stopjokowitigaperiode,stop jokowi tiga periode
dipertanggungjawabkan, dipertanggungjawabkan
pengalaman-pengalaman,pengalaman
manyanjung-manyanjung,menyanjung-nyanjung
hancurberantakanrusak, hancur berantakan rusak
wkwkwkwkkwkwkwkwkwkwk, <noise>
tibamurung.tibamerasa, tiba murung. tiba merasa
terpingkal-terpingkal,terpingkal
bngtseakan-bngtseakan,banget seakan-akan
bigmouthep-bigmouthep,<noise>
sahabatorg-sahabatorg,sahabat orang-orang
sosialisasiberkerumun, sosialisasi berkerumun
pertanyaan-pertanyaan,pertanyaan
kesesatanampkegelapan,kesesatan kegelapan
evaluation-evaluation,evaluation
sosialisasikomunikasi, sosialiasi komunikasi
verbalkata-verbalkata,verbal kata
sesungguhnya.misalnya, sesungguhnya. misalnya
berkembang-berkembang,berkembang
ganteng.insecure.jika, ganteng insecure jika
astaghfirullahaladzim,astaghfirullah
perfeksionisdisleksia, perfeksionis disleksia
boundaries-boundaries,boundaries
perjuanganpengorbanan, perjuangan pengorbanan
bersosialisasi.sering, bersosialisasi sering
skripsi-sidang-wisuda,skripsi sidang wisuda
post-alchemy-of-soul,post-alchemy-of-soul
sekencang-kencangnya,sekencang-kencangnya
dibanding-bandingkan,dibanding-bandingkan
solusinya.terimaksih,solusinya. terima kasih
sensitifmanjacengeng,sensitif manja cengeng
mygoldenbloodfinalep, <noise>
organizingcluttering,organizing cluttering
bangunpesantrenyatim, bangun pesantren yatim
stressnervousanxious,stress nervous anxious
uangnyapengalamannya,uangnya pengalamannya
ngebanding-bandingin,dibanding-bandingkan
ngeongan-ngeongannya,ngeongan-ngeongannya
ketidakgoodlookingan, tidak goodlooking 
beta-mercaptoethanol,beta-mercaptoethanol
insecureampdepressed, insecure and depressed
mempertanggubjawakan,mempertanggubjawakan
kelakuan-kelakuannya,kelakuan-kelakuannya
wordamppointampexcel,word amp point amp excel
khususygsudahmenikah, khusus yang sudah menikah
policiesampdecisions,policies amp decisions
hahahahahahhaahahaha, <noise>
mentaltakselalusehat, mental tak selalu sehat
membaik.alhamdulilah, membaik. alhamdulillah
cnbluentityinjakarta, <noise>
psycho-anxiety-trust,psycho anxiety trust
polisipembunuhrakyat,polisi pembunuh rakyat
sempurnaperfeksionis,sempurna perfeksionis
semangat-semangatnya,semangat-semangatnya
ketakutan-ketakutan,ketakutan
keinginan-keinginan,keinginan
bisexualgenderfuild,bisexual gender fluid
skrzrahcurhatsesion,<noise>
bagaimana-bagaimana,bagaimana-bagaimana
sekenceng-sekenceng,sekencang-kencang
berusaha.selebihnya,berusaha. selebihnya
shouldvegoneforblue,shouldve gone for blue
berpindah-berpindah,berpindah-pindah
interaksisemuaorang,interaksi semua orang
hahahahahahahahahah,<noise>
keringetangemeteran,keringatan gemetaran
berlebihan.sehingga,berlebihan. sehingga
kesulitan-kesulitan,kesulitan
kebersihankerapihan,kebersihan kerapihan
kebiasaan-kebiasaan,kebiasaan
kecanduannya.kasian,kecanduannya. kasihan
kebaikan-kebaikanmu,kebaikanmu
algortima-algortima,algoritma
berminggu-berminggu,berminggu-minggu
over-identification,identifikasi berlebihan
nongkrong-nongkrong,nongkrong
bersumpah-bersumpah,bersumpah
pakcepakcepakjedeyr,<noise>
dipersiapkan.pasrah,dipersiapkan. pasrah
dioverprotective-in,terlalu dilindungi
adhdneurodivergence,adhd neurodivergence
selingkuh-selingkuh,selingkuh
terbayang-terbayang,terbayang
dibanding-dibanding,dibanding-bandingkan
menenangkanmembantu,menenangkan membantu
menjatah.menghitung,menjatah. menghitung
transaksi-transaksi,transaksi
perempuan-perempuan,perempuan
aslamgatmadulambung,aslam gat madu lambung
bingung.males.cemas,bingung. malas. cemas
pekerjaanperusahaan,pekerjaan perusahaan
plisplidplsissllsis,<noise>
bercabang-bercabang,bercabang-cabang
terngiang-terngiang,terngiang
inisiatif.sumpah.gw,inisiatif. sumpah. gue
istandwithpalestine,i stand with palestine
pakenceng-pakenceng,kencang-kencang
menyanjung-nyanjung,menyanjung-nyanjung
menggeneralisasikan,menggeneralisasikan
mempermasalahkannya,mempermasalahkannya
perasaan-perasaanku,perasaan-perasaanku
semental-mentalnya,semental-mentalnya
salamsehatjiwaraga,salam sehat jiwa raga
seterang-terangnya,seterang-terangnya
ditambah-tambahkan,ditambah-tambahkan
setinggi-tingginya,setinggi-tingginya
methylprednisolone,methylprednisolone
menyalah-nyalahkan,menyalah-nyalahkan
sosbsossjsbssishsb,<noise>
pengalaman.makasih,pengalaman. terima kasih
aowkaowkokaowkaowk,<noise>
deadcrazydepressed,dead crazy depressed
sebelum-sebelumnya,sebelum-sebelumnya
kerja-pulang-tidur,kerja pulang tidur
ketapang-gilimanuk,ketapang gilimanuk
psikiaterpsikologi,psikiater psikologi
noisegerakekspresi,noise gerak ekspresi
bola.muncak.kumpul,bola. muncak. kumpul
ajdjdkskxjakdnsjja,<noise>
menjadi-jadiketika,menjadi
dainakaixjacquemus,daina kai x jacquemus
childintroverttrue,child introvert true
semangat.malas.dan,semangat. malas. dan
..................,<noise>
neurodivergentadhd,neurodivergent adhd
dibanding-bandingi,dibanding
healing-healingnya,healing-healingnya
banding-bandingkan,banding-bandingkan
raihkeberkahanpagi,raih keberkahan pagi
chainsawmancosplay,chainsaw man cosplay
mengalahintropeksi,mengalah introspeksi
usir-usir.bertahan,usir-usir. bertahan
wkwkwkwkwkwkwkwkwk,<noise>
stopgenocideingaza,stop genocide in gaza
pertemanankeuangan,pertemanan keuangan
sensasi-sensasinya,sensasi-sensasinya
day6_erd_worldtour,day6 erd world tour
ketidakberuntungan,ketidakberuntungan
mendeskripsikannya,mendeskripsikannya
depresi-depresinya,depresi-depresinya
kebersihanhygienic,kebersihan hygienic
mengekspresikannya,mengekspresikannya
sehancur-hancurnya,sehancur-hancurnya
bandeltambengkeras,bandel tambeng keras
ketidakproduktifan,ketidakproduktifan
toxicrelationships,toxic relationships
cemburu-cemburunya,cemburunya
psikiatrispsikolog,psikiatris psikolog
bersihinnetralisir,bersihin netralisir
ngilanginngurangin,ngilangin ngurangin
mengeneralisasikan,menggeneralisasikan
anxious-anxiousnya,anxious
2stahun.dihadapkan,2 tahun. dihadapkan
tolakdwifungsiabri,tolak dwifungsi abri
kebayang-kebayang,terbayang-bayang
t_______________t,<noise>
keseringan.sampai,keseringan. sampai
menjelek-jelekkan,menjelek-jelekkan
melayang-melayang,melayang-layang
work-life-balance,work-life-balance
bayangin-bayangin,bayangin
kebangun-kebangun,kebangun-bangun
bgtbener-bgtbener,banget bener-bener
kejadian-kejadian,kejadian
3anak.kdang-kdang,3 anak. kadang-kadang
brunei-darusallam,brunei darussalam
terbalik-terbalik,terbalik
gangguankecemasan,gangguan kecemasan
perlahan-perlahan,perlahan
dihilang.ditambah,dihilang. ditambah
sekarang-sekarang,sekarang
friday26april2o24,friday 26 april 2024
perasaan-perasaan,perasaan
psikopat-psikopat,psikopat
lisaatcelinepopup,lisa at celine pop up
curhatan-curhatan,curhatan
semangat-semangat,semangat
mengulang-ngulang,mengulang-ulang
ngejelek-ngejelek,ngejelek
karyawan-karyawan,karyawan
laailaahaillallah,la ilaha illallah
struggle-struggle,struggle
kecemasanberlebih,kecemasan berlebih
selamalamalamanya,selama-lamanya
sekencang-kencang,sekencang-kencangnya
spikiater.rasanya,psikiater. rasanya
toxicrelationship,toxic relationship
depressed-anxious,depressed anxious
berbunga-berbunga,berbunga-bunga
assallammualaikum,assalamualaikum
gakeluar-gakeluar,tidak keluar
epiphanyampanswer,epiphany amp answer
saudara-saudaraku,saudara-saudaraku
ketidakmampuannya,ketidakmampuannya
kenal-deket-putus,kenal deket putus
berhenti-berhenti,berhenti-henti
ngelakuinngerjain,melakukan pekerjaan
magazinenewspaper,magazine newspaper
.................,<noise>
puaskuranganxious,puas kurang anxious
tolakruukejaksaan,tolak ruu kejaksaan
dianjing-dianjing,dianjing-anjing
penyakit-penyakit,penyakit
curhat-curhatanku,curhatanku
narcissisticabuse,narcissistic abuse
psikologpsikeater,psikolog psikiater
berkelahi.rasanya,berkelahi. rasanya
istilahnyamembaca,istilahnya membaca
depresiampanxiety,depresi amp anxiety
digotong-digotong,digotong
depressedhisteris,depressed histeris
prestasi-prestasi,prestasi
berlarut-berlarut,berlarut-berlarut
bertahun-bertahun,bertahun-bertahun
perselingkuhannya,perselingkuhannya
berkapel-berkapel,berkapel-berkapel
sepupunya.katanya,sepupunya. katanya
dibentak-dibentak,dibentak-bentak
klrgorng-klrgorng,keluarga orang-orang
penguasa-penguasa,penguasa
sensitifemosional,sensitif emosional
berganti-berganti,berganti-ganti
manisnya.sehingga,manisnya. sehingga
autoimmunewarrior,autoimmune warrior
ngantukhabismakan,ngantuk habis makan
dihitung-dihitung,dihitung-hitung
thinkinghusnudzon,thinking husnuzan
hahajahjagajahaja,<noise>
sendirian.suamiku,sendirian. suamiku
tercandu-tercandu,tercandu
diangkat-diangkat,diangkat-angkat
ditengah-ditengah,tengah
meninggal.pikiran,meninggal. pikiran
canggung-canggung,canggung
keluarga-keluarga,keluarga
bertanya-bertanya,bertanya
ditempel-ditempel,ditempel
depressionanxiety,depression anxiety
brrhenti-brrhenti,berhenti-henti
sedih.sesak.cemas,sedih. sesak. cemas
symptoms-symptoms,symptoms
bergaulkomunikasi,bergaul komunikasi
ketumpuk-ketumpuk,ketumpuk
berulang-berulang,berulang
makimachainsawman,makima chainsaw man
fidgetingstimming,fidgeting stimming
diganggu-diganggu,diganggu-ganggu
berbulan-berbulan,berbulan-bulan
setengah-setengah,setengah
kebohong-kebohong,kebohongan
inginsembuhphobia,ingin sembuh fobia
pemasukan.sekedar,pemasukan. sekadar
overyinktink.cara,overthinking. cara
menjerit-menjerit,menjerit
naenjawkkaebbejid,<noise>
diberita-diberita,diberita-berita
innailaihirojioun,innalillahiwainnailaihirojiun
kehidupantetaplah,kehidupan tetaplah
comeback-comeback,comeback
trbayang-trbayang,terbayang
peringatandarurat,peringatan darurat
pikiran-pikiranku,pikiran
terbangkalai.buat,terbangkalai. buat
bertengkar.selalu,bertengkar. selalu
berturut-berturut,berturut
berdebar-berdebar,berdebar-debar
kerja.pengeluaran,kerja. pengeluaran
psikolog-psikolog,psikolog
terluntanglantung,terlunta-lunta
pemalas.bagaimana,pemalas. bagaimana
keliling-keliling,keliling
ngelipet-ngelipet,melipat
amburadul.maafkan,amburadul. maafkan
selamjumatmubarak,selamat jumat mubarak
ketertinggalannya,ketertinggalannya
kegiatan-kegiatan,kegiatan
capekanxiouspanic,capek anxious panic
psikologpsikiater,psikolog psikiater
psikiaterpsikolog,psikiater psikolog
browsing-browsing,browsing
dikambinghitamkan,dikambinghitamkan
bermacam-bermacam,bermacam-bermacam
menggebu-menggebu,menggebu
tetangga-tetangga,tetangga
ungkapinya.gimana,ungkapkannya. bagaimana
digoblok-goblokin,digoblok-goblokin
merepresentasikan,merepresentasikan
wassalamu'alaikum,wassalamu'alaikum
kucing-kucingnya,kucing-kucingnya
ketidakbahagiaan,ketidakbahagiaan
bercabang-cabang,bercabang
berminggu-minggu,berminggu-minggu
bersenang-senang,bersenang-senang
rempel-rempelnya,rempel-rempelnya
kemuhamadiyyahan,kemuhamadiyyahan
memperjuangkanmu,memperjuangkanmu
separah-parahnya,separah-parahnya
republikinsomnia,republik insomnia
understimulation,understimulation
mempermasalahkan,mempermasalahkan
high-functioning,high-functioning
terombang-ambing,terombang-ambing
hangat-hangatnya,hangat-hangatnya
under-stimulated,under-stimulated
nyakitinkalaupun,nyakitin kalaupun
assalamuaalaikum,assalamualaikum
curhatnyaterlalu,curhatnya terlalu
berketegantungan,ketergantungan
kecemasananxiety,kecemasan anxiety
alhamdulillahnya,alhamdulillah
aromamenenangkan,aroma menenangkan
assallamualaikum,assalamualaikum
berlebih-lebihan,berlebihan
dsjdhjajdjsjdjje,<noise>
opporenoi2series,<noise>
tolakrevisiuutni,tolak revisi uu tni
dibilang-bilangi,dibilang-bilangi
diburuk-burukkan,diburuk-burukkan
menyelesaikannya,menyelesaikannya
antikonvulsannya,antikonvulsannya
dibayang-bayangi,dibayang-bayangi
mempertimbangkan,mempertimbangkan
melebih-lebihkan,melebih-lebihkan
teroverstimulasi,teroverstimulasi
nangis-nangisnya,nangis
diobatinditerapi,diobatin diterapi
lingkunganbosnya,lingkungan bosnya
bertanggungjawab,bertanggung jawab
berangkat-pulang,berangkat pulang
kebanyakan.sejak,kebanyakan. sejak
pleaeaeaeaeaease,please
inginengasingkan,ingin mengasingkan
se2orangmasalalu,seseorang masa lalu
depressed-jeremy,depressed jeremy
reclaimyourpower,reclaim your power
keluarga_sendiri,keluarga sendiri
status-statusnya,status-statusnya
mengendalikannya,mengendalikannya
bulet-buletannya,bulet-buletannya
prescription-nya,prescription-nya
puncak-puncaknya,puncak-puncaknya
dibesar-besarkan,dibesar-besarkan
mengungkapkannya,mengungkapkannya
didokumentasikan,didokumentasikan
belajardarizahwa,belajar dari zahwa
assalamu'alaikum,assalamualaikum
internshipmagang,internship magang
tersengal-sengal,tersengal
sendiriananxious,sendirian anxious
엔하이픈_선우,엔하이픈_선우
trichotillomania,trichotillomania
menjelek-jelekan,menjelek-jelekan
menggeneralisasi,menggeneralisasi
menghilangkannya,menghilangkannya
iyananakcakeshop,iyan anak cake shop
nsnsosjsishdisid,<noise>
ikatancintaep2s3,<noise>
mempresentasikan,mempresentasikan
sekeras-kerasnya,sekeras-kerasnya
sempat-sempatnya,sempat-sempatnya
oktober-desember,oktober-desember
sejujur-jujurnya,sejujur-jujurnya
secapek-capeknya,secapek-capeknya
menitip-nitipkan,menitip-nitipkan
karakteristiknya,karakteristiknya
bisacarakuserius,bisa caraku serius
aasalammualaikum,assalamualaikum
maafin.sementara,maafkan. sementara
mempertanyakan-u,mempertanyakan
seriusexpressing,serius expressing
assalaamualaikum,assalamualaikum
berdebartratapan,berdebar tratapan
pingsankesurupan,pingsan kesurupan
konten-kontennya,konten-kontennya
ketidakmungkinan,ketidakmungkinan
tempat-tempatnya,tempat-tempatnya
terbayang-bayang,terbayang-bayang
muda.bener-bener,muda. benar-benar
berdebar2pindah2,berdebar-debar pindah-pindah
nastushaampdante,<noise>
anxietyindonesia,<noise>
terngiang-ngiang,terngiang
ceritadiskusinya,cerita diskusinya
ungkapkanluapkan,ungkapkan luapkan
mylovemixupthep4,<noise>
feedbackupcoming,feedback upcoming
nongkrong-kuliah,nongkrong kuliah
assalamuallaikum,assalamualaikum
questionoftheday,question of the day
kisahpenuhkecewa,kisah penuh kecewa
................,<noise>
melakukan apapun,melakukan apapun
relasikomunikasi,relasi komunikasi
anxietydisorders,<noise>
kerjainpelototin,kerjain pelototin
sehatkanmentalmu,sehatkan mentalmu
disembuhkan.stop,disembuhkan. stop
lyfewithdementia,lyfe with dementia
di-friendzone-in,dianggap hanya teman
ketertingalannya,ketertinggalannya
gender.boro-boro,gender. boro-boro
consciousanxiety,conscious anxiety
senang-senangnya,senang-senangnya
depressed_banget,depressed banget
masalah.pokoknya,masalah. pokoknya
salamsehatselalu,salam sehat selalu
menganggur.kalau,menganggur. kalau
tenang-tenangnya,tenang
masing-masing.ya,masing-masing. ya
didalampekerjaan,di dalam pekerjaan
selingkuhsebagai,selingkuh sebagai
ngedieminngejauh,ngediemin ngejauh
sering-seringnya,sering-seringnya
ketidakberdayaan,ketidakberdayaan
berpindah-pindah,berpindah-pindah
seberat-beratnya,seberat-beratnya
basa-basi.takut,basa-basi. takut
kencang-kencang,kencang-kencang
terpuruk.apakah,terpuruk. apakah
selesai-selesai,selesai
untung-untungan,untung
berpura-berpura,berpura-pura
dipikir-dipikir,dipikir
tergesa-tergesa,tergesa
ngingat-ngingat,mengingat
tersisadorongan,tersisa dorongan
penting-penting,penting
ditusuk-ditusuk,ditusuk
hidupringogalau,hidup rinto galau
pjk.ginjal.gula,pjk. ginjal. gula
kemaren-kemaren,kemaren
gandeng-gandeng,gandeng
prayfortapanuli,pray for tapanuli
wowkoakaowkowkw,wkwkwk
healing-healing,healing
horrorjumpscare,horror jumpscare
inattentive-nya,inattentive
dempet-dempetan,dempet
makanan-makanan,makanan
ngelampiasinnya,melampiaskannya
bertubi-bertubi,bertubi-tubi
sirkel-sirkelan,sirkel-sirkelan
dihitung-hitung,dihitung-hitung
dikoordinasikan,dikoordinasikan
ketidaknyamanan,ketidaknyamanan
kucing-kucingan,kucing-kucingan
diselenggarakan,diselenggarakan
menyembuhkannya,menyembuhkannya
gombal-gombalin,gombal-gombalin
tercari-tercari,tercari
ngantur-ngantur,mengatur
balabalabalabal,bala-bala
symptom-symptom,symptom
gelisah-gelisah,gelisah
menimang-nimang,menimang
kemarin-kemarin,kemarin
unworthyanxiety,unworthy anxiety
diberita-berita,di berita-berita
ajsksjsjskskssh,<noise>
sahabat-sahabat,sahabat
manusia-manusia,manusia
keputusasaanpun,keputusasaan pun
gakelar-gakelar,tidak selesai
hfdhfjgjhdjdgdj,<noise>
mengada-mengada,mengada
denialdepressed,denial depressed
stressdepressed,stress depresi
kenalan-kenalan,kenalan
trbyang-trbyang,terbayang-bayang
persahabatannya,persahabatannya
perlengkapannya,perlengkapannya
realisasikannya,realisasikannya
-menyembunyikan,-menyembunyikan
seberapa.ditmbh,seberapa. ditambah
behenti-behenti,behenti
sharing-sharing,sharing
ngertihsjdkskdk,ngerti <noise>
adhdsuperactive,adhd superactive
ditanya-ditanya,ditanya
keluhan-keluhan,keluhan
berkali-berkali,berkali-kali
bincang-bincang,bincang-bincang
non-judgemental,non-judgemental
congratulations,congratulations
bangga-banggain,bangga-banggain
berangkatpulang,berangkat pulang
masukan-masukan,masukan
anxiousavoidant,anxious avoidant
mancing-mancing,mancing
capres-cawapres,capres cawapres
anxiousparanoid,anxious paranoid
ceasefireingaza,ceasefire in gaza
hagahsgahagahsg,<noise>
takut.kepikiran,takut. kepikiran
flourishedpeony,flourished peony
anxiousberhasil,anxious berhasil
mempedulikannya,memedulikannya
pikiran-pikiran,pikiran
starlinkforgaza,starlink for gaza
kupikir-kupikir,pikir
sendawa-sendawa,sendawa
sebadan-sebadan,sebadan-badan
diulang-diulang,diulang
berkaca-berkaca,berkaca-kaca
ngancam-ngancam,mengancam
situasi-situasi,situasi
mengekspresikan,ekspresikan
anxietydisorder,anxiety disorder
jandjajskkdkaks,<noise>
prescriptionnya,prescription-nya
mengebu-mengebu,mengebu
mentang-mentang,mentang
teman.bagaimana,teman. bagaimana
sehancur-hancur,sehancur
anxietyinsecure,anxiety insecure
ujungsampingnya,ujung sampingnya
kenceng-kenceng,kenceng
merasakontraksi,merasa kontraksi
saudara-saudara,saudara
publish-publish,publish
kalimat-kalimat,kalimat
tekanan-tekanan,tekanan
avoidantanxious,avoidant anxious
sendiringedumel,sendiri ngedumel
geteran-geteran,geteran
dimodif-dimodif,dimodif
kalengankemasan,kalengan kemasan
kebalik-kebalik,kebalik
berhasilampbisa,berhasil dan bisa
mensejahterakan,menyejahterakan
diangkat-angkat,diangkat-angkat
voting-votingan,voting-votingan
disangka-sangka,disangka
sedikit-sedikit,sedikit
mydayberserikat,<noise>
males.kebutuhan,malas. kebutuhan
ngulang-ngulang,mengulang-ngulang
ortukeluarganya,ortu keluarganya
sewaktu-sewaktu,sewaktu
menggeneralisir,menggeneralisasi
kepikirankangen,kepikiran kangen
omongan.munafik,omongan. munafik
kambuh-kambuhan,kambuh
gerakan-gerakan,gerakan
introvetdpemalu,introvert dan pemalu
sungguh-sungguh,sungguh-sungguh
mengulang-ulang,mengulang-ulang
menyalahgunakan,menyalahgunakan
menyayangkannya,menyayangkannya
documentary-nya,documentary-nya
procrastinating,procrastinating
pontang-panting,pontang-panting
kesehatanmental,kesehatan mental
gemetar gelisah,gemetar gelisah
psikismentalnya,psikis mentalnya
dikirim-dikirim,dikirim
istillloveuday9,<noise>
bisabolehpantes,bisa boleh pantas
romansa-romansa,romansa
karakteristikny,karakteristiknya
jnvnhdsuivjugjv,<noise>
musolla-musolla,musholla
pacepet-pacepet,pacepet
kwkwkwkkwbdhxkw,wkwkwk
mylovelyliarep9,<noise>
memperhitungkan,memperhitungkan
adjustments-nya,adjustments-nya
pengkhianat.dan,pengkhianat. dan
mengeluarkannya,mengeluarkannya
menghapus-hapus,menghapus-hapus
mengharapkannya,mengharapkannya
mempermainkanmu,mempermainkanmu
mendiskreditkan,mendiskreditkan
menginginkannya,menginginkannya
ditinggalkannya,ditinggalkannya
mengacak-ngacak,mengacak-ngacak
meninggalkannya,meninggalkannya
mendeskripsikan,mendeskripsikan
memprioritaskan,memprioritaskan
tepung-tepungan,tepung-tepungan
terang-terangan,terang-terangan
membahagiakanmu,membahagiakanmu
memanjangkannya,memanjangkannya
memperlakukanmu,memperlakukanmu
goyang-goyangin,goyang-goyangin
keberhasilannya,keberhasilannya
merasionalisasi,merasionalisasi
bisikan-bisikan,bisikan
april-september,april sampai september
berjamaahsering,berjamaah sering
nangisdepressed,nangis depressed
fikiran-fikiran,pikiran
banget.sekarang,banget. sekarang
berenti-berenti,berhenti-henti
depresikepalaku,depresi kepalaku
beratus-beratus,beratus-ratus
biarpenghasilan,biar penghasilan
manggil-manggil,manggil
over-stimulated,overstimulated
menghantarkanku,mengantarkanku
nginget-nginget,mengingat
hahahahhahahaha,hahahaha
dtnggal-dtnggal,ditinggal
flashbackbayang,flashback bayangan
dipaksa-dipaksa,dipaksa
membayangkannya,membayangkannya
mendiskriminasi,mendiskriminasi
farmakodinamika,farmakodinamika
inkompetensinya,inkompetensinya
ngebela-ngebela,ngebela
berhati-berhati,berhati-hati
omongan-omongan,omongan
dihospitalisasi,dihospitalisasi
keberlangsungan,keberlangsungan
mengatasnamakan,mengatasnamakan
mengatur-ngatur,mengatur-ngatur
mengejar-ngejar,mengejar-ngejar
mengkhawatirkan,mengkhawatirkan
mengingatkannya,mengingatkannya
nangis-nangisan,nangis-nangisan
nikah.solusinya,nikah. solusinya
overthinking-in,overthinking
dikejar-dikejar,dikejar-kejar
...............,<noise>
semi-brokenhome,semi-broken home
bongkar-bongkar,bongkar
onlineinterview,online interview
assalamualaykum,assalamualaikum
disalah-salahin,disalahkan
adhdptsdanxiety,adhd ptsd anxiety
gedubrak-dubrak,gedubrak
makanminumpipis,makan minum pipis
neurodivergence,neurodivergence
update-updatean,update-updatean
dianjing-anjing,dianjing-anjing
apa.sukur-sukur,apa. syukur-syukur
kurang-kurangin,kurang
digedor-digedor,digedor-gedor
kemajuan.sedang,kemajuan. sedang
diinget-diinget,diinget
meraung-meraung,meraung
minggir-minggir,minggir
nendoroidcustom,nendoroid custom
rahasia-rahasia,rahasia
berubah-berubah,berubah-ubah
thingking.harus,thinking. harus
ihatepondokcina,i hate pondok cina
fypreelsシviralシ,fyp reels viral
seneng-senengin,senang
sejalanspndapat,sejalan sependapat
permasalahannya,permasalahan
kab.tasikmalaya,kabupaten. tasikmalaya
mention-mention,mention
disuruh-disuruh,disuruh
masalah-masalah,masalah
ganteng.giliran,ganteng. giliran
sekolah-sekolah,sekolah
ngobrol-ngobrol,mengobrol
sendiri.trutama,sendiri. terutama
hehehehehhehehe,hehehehe
berhari-berhari,berhari-hari
psikologterapis,psikolog terapis
keenggakpastian,ketidakpastian
berlebihantakut,berlebihan takut
bahagia-bahagia,bahagia
nginjek-nginjek,menginjak
nyaring-nyaring,nyaring
meledak-meledak,meledak
semangatpadahal,semangat padahal
kerjaan-kerjaan,kerjaan
double-checking,double checking
please_sarannya,please sarannya
menjadi-menjadi,menjadi
highfunctioning,high functioning
mlupkannya.hrus,melupakannya. harus
insecureanxious,insecure anxious
diminum-diminum,diminum
hubunganberacun,hubungan beracun
lebaran-lebaran,lebaran
akalakalanbarat,akal-akalan barat
jahilindiusilin,dijahili dan diusili
negatif-negatif,negatif
rip_rasa_empati,rip rasa empati
sekilas-sekilas,sekilas
depressedstress,depressed stress
bersosialiasasi,bersialisasi
bertaun-bertaun,bertahun-tahun
moments-moments,moments
panjang-panjang,panjang
kondisi-kondisi,kondisi
kebangun-bangun,kebangun-bangun
ngomong-ngomong,ngomong-ngomong
ngapus-ngapusin,ngapus-ngapusin
dipresentasikan,dipresentasikan
dipermasalahkan,dipermasalahkan
self-comparison,self-comparison
self-diagnosing,self-diagnosing
menyelamatkanku,menyelamatkanku
schizoaffective,schizoaffective
lempar-lemparan,lempar-lemparan
hancur-hancuran,hancur-hancuran
gonjang-ganjing,gonjang-ganjing
goblok-goblokin,goblok-goblokin
keterbelakangan,keterbelakangan
hilang-hilangan,hilang-hilangan
antidepressants,antidepressants
menyejahterakan,menyejahterakan
antidepresannya,antidepresannya
dibentak-bentak,dibentak-bentak
assalamualaikum,assalamualaikum
diganggu-ganggu,diganggu-ganggu
mengelilinginya,mengelilinginya
mengesampingkan,mengesampingkan
berbeda-berbeda,berbeda-beda
melepaskanbdiri,melepaskan diri
manager-manager,manager
lovelyrunnerep7,<noise>
ngapain-ngapain,melakukan apapun
namabah-namabah,tambah-tambah
melayang-layang,melayang-layang
melampiaskannya,melampiaskannya
mempertaruhkan,mempertaruhkan
procrastinated,procrastinated
procastination,procastination
mempertahankan,mempertahankan
polisimembunuh,polisi membunuh
memperkenalkan,memperkenalkan
memperjuangkan,memperjuangkan
healingjourney, healing journey
berbaurbergaul,berbaur bergaul
tidakberchusan,tidak berchusan
repanktindihan,repan tindihan
slalumerasakan,slalu merasakan
pulas-pulasnya,pulas-pulasnya
pertolongannya,pertolongannya
scientific-nya,scientific-nya
mendelegasikan,mendelegasikan
mendefinisikan,mendefinisikan
mendampinginya,mendampinginya
menangggapinya,menangggapinya
bermacam-macam,bermacam-macam
responsibility,responsibility
kekhawatiranku,kekhawatiranku
berpenghasilan,berpenghasilan
benzodiazepine,benzodiazepine
bertahun-tahun,bertahun-tahun
trikotilomania,trikotilomania
salah-salahkan,salah-salahkan
tenggorokannya,tenggorokannya
menertawakanku,menertawakanku
bersosialisasi,bersosialisasi
bertanya-tanya,bertanya-tanya
berturut-turut,berturut-turut
realationships,realationships
besok-besoknya,besok-besoknya
besar-besarkan,besar-besarkan
mengerjakannya,mengerjakannya
ngepodngerokok,ngepod ngerokok
jaman-jamannya,jaman
nelfonditelfon,nelfon ditelfon
ramai-ramainya,ramai-ramainya
adhdhiperaktif,adhd hiperaktif
financialfears,financial fears
ngertiinnerima,ngertiin terima
professionally,professionally
procrastinator,procrastinator
gerak-geriknya,gerak-geriknya
terlunta-lunta,terlunta-lunta
block-block-in,block-block-in
mengabaikannya,mengabaikannya
experience-nya,experience-nya
qoakakakakmama,<noise>
teringat.ingin,teringat. ingin
ngobrolngomong,ngobrol ngomong
masalah.sering,masalah. sering
abshqjahahshah,hahaha
gelisahnegatif, gelisah negatif
awkwardanxious,awkward anxious
depanpanpanpan,depan depan depan
kucilinremehin,kucilin remehin
telediagnosing,telediagnosing
mengantisipasi,mengantisipasi
mengantarkanku,mengantarkanku
teman-temannya,teman-temannya
kemungkinannya,kemungkinannya
se-menenangkan,se-menenangkan
smppersyaratan,smp persyaratan
melihatmembaca,melihat membaca
malikiyaumidin,maliki yaumidin
paragraf-malah,paragraf malah
bundir.apalagi,bunuh diri. apalagi
jxldjddjkfkffk,<noise>
nyelekitnampol,nyelekit nampol
ditengahtengah,di tengah-tengah
polahidupsehat,pola hidup sehat
bangunanproyek,bangunan proyek
pressdepressed,press depressed
berkonsentrasi,konsentrasi
mengekpresikan,mengekpresikan
saran-sarannya,saran-sarannya
menyeimbangkan,menyeimbangkan
disrespect-nya,disrespect-nya
bucin-bucinnya,bucin-bucinnya
perselingkuhan,perselingkuhan
menge-bookmark,menge-bookmark
mengata-ngatai,mengata-ngatai
mengasihaninya,mengasihaninya
teler-telernya,teler-telernya
nelangsangenes,nelangsa ngenes
bipolaranxiety,bipolar anxiety
mengingatkanku,mengingatkanku
mengimbanginya,mengimbanginya
menghindarinya,menghindarinya
menghawatirkan,menghawatirkan
instrument-nya,instrument-nya
menggantungkan,menggantungkan
tanda-tandanya,tanda-tandanya
membanding2kan,membanding2kan
pengorbanannya,pengorbanannya
omfgshhshsshsh,<noise>
malaysia-timur,malaysia timur
nilaiperkataan,nilai perkataan
kesehatantubuh,kesehatan tubuh
alhamdullillah,alhamdulillah
sekolah-kuliah,sekolah kuliah
includeexclude,include exclude
meng-amiin-kan,mengaminkan
bapak-bapaknya,bapak-bapaknya
parahgemetaran,parah gemetaran
ngelawan.mohon,ngelawan. mohon
perlahan-lahan,perlahan-lahan
batuk-batuknya,batuk-batuknya
pendengarannya,pendengarannya
pendeklarasian,pendeklarasian
meninggalkanmu,meninggalkanmu
meninggalkanku,meninggalkanku
mengintimidasi,mengintimidasi
ngiahahahahaha,<noise>
qghahhahahagay,<noise>
memikirkanbodo,memikirkan bodo
alhamdulillaah,alhamdulillah
nambah.prilaku,nambah. prilaku
documentarynya,documentary-nya
sedih-sedihnya,sedih-sedihnya
penghasilannya,penghasilannya
warohmatullahi,warohmatullahi
warahmatullahi,warahmatullahi
disorientation,disorientation
stereotype-nya,stereotypenya
ditanya-tanyai,ditanya-tanyai
menyebalkannya,menyebalkannya
menyebabkannya,menyebabkannya
ditunjukkannya,ditunjukkannya
intellectually,intellectually
dokumentasinya,dokumentasinya
menjustifikasi,menjustifikasi
bukti-buktinya,bukti-buktinya
kesalahpahaman,kesalahpahaman
teorispekulasi,teori spekulasi
deskripsiinnya,mendeskripsikannya
takutnyerahbla,takut nyerah bla
mohonsolusinya,mohon solusinya
sakitmelainkan,sakit melainkan
fobiakecemasan,fobia kecemasan
pendam.sendiri,pendam. sendiri
ngegas.padahal,ngegas. padahal
depresseddikit,depressed dikit
asslamualaikum,assalamualaikum
hubungantoksik,hubungan toksik
hzhzhzhzhzhzhz,<noise>
frenchopen2o21,<noise>
kliyengan.trus,kliyengan. trus
diselifjkkuhin,diselingkuhi
kambuhan.mohon,kambuhan. mohon
berbelas-belas,berjam-jam
penderitaannya,penderitaannya
sehari-harinya,sehari-harinya
selingkuhannya,selingkuhannya
self-diagnosis,self-diagnosis
pendahuluannya,pendahuluannya
manipulativnya,manipulativnya
manik-maniknya,manik-maniknya
malas-malasnya,malas-malasnya
menyembunyikan,menyembunyikan
disebarluaskan,disebarluaskan
discrimination,discrimination
spreadsheetnya,spreadsheetnya
antidepressant,antidepressant
penyelesaiamya,penyelesaiamya
penyalahgunaan,penyalahgunaan
sejadi-jadinya,sejadi-jadinya
ujung-ujungnya,ujung-ujungnya
segala-galanya,segala-galanya
pengeluarannya,pengeluarannya
ketergantungan,ketergantungan
nyesel.apalagi,nyesel. apalagi
diidam-idamkan,dicita-citakan
lakukan.anakku,lakukan. anakku
gembokancircle, gembokan circle
belajar.ngurus,belajar. ngurus
kawan-kawannya,kawan
overtihingking,overthinking
asalamualaikum,assalamualaikum
seseorangpacar,seseorang pacar
sekolah.tempat,sekolah. tempat
nganggap.syapa,nganggap. syapa
dipermasalahin,dipermasalahkan
pelampiasannya,pelampiasannya
claustrophobic,claustrophobic
konsekuensinye,konsekuensinye
authentication,authentication
sikap-sikapnya,sikap-sikapnya
leyeh-leyehnya,leyeh-leyehnya
dilama-lamakan,dilama-lamakan
situationships,situationships
menyingkapinya,menyingkapinya
appreciateness,appreciateness
menyengsarakan,menyengsarakan
disalahgunakan,disalahgunakan
sistemdukungan,sistem dukungan
kelanjutannyah,kelanjutan
fypシviralシfypシ, <noise>
fucucjfufufjck, fuck
brcnd.perasaan,bercanda. perasaan
bertemungobrol,bertemu ngobrol
merekonstruksi,merekonstruksi
dikesampingkan,dikesampingkan
hiperaktivitas,hiperaktivitas
sekali-kalinya,sekali-kalinya
overstimulated,overstimulated
tugasfungsinya,tugas fungsinya
imissmyfriends,i miss my friends
capek-capeknya,capek
boyfromthemoon,boy from the moon
tersakiti.buat,tersakiti. buat
sedihdepressed,sedih depressed
ke-insecure-an,insecure
bukufilmseries,buku film series
adjustmentsnya,adjustments-nya
indonesiagelap,indonesia gelap
hehehehehehehe, <noise>
butuhpsikiater,butuh psikiater
selama-lamanya,selama-lamanya
selega-leganya,selega-leganya
komen-komennya,komen-komennya
ngebayanginnya,ngebayanginnya
self-diagnosed,self-diagnosed
panas-panasnya,panas-panasnya
kurang-kurangi,kurang-kurangi
video-videonya,video-videonya
diinstruksikan,diinstruksikan
half-depressed,half-depressed
merenungkannya,merenungkannya
gelisahanxious, gelisah anxious
adhddepression,adhd depression
disiniampsemua,di sini dan semua
nyaman.lengkap,nyaman. lengkap
astagfirllahal,astagfirullah hal
asynchronously,asynchronously
understandable,understandable
underestimated,underestimated
astaghfirullah,astaghfirullah
mirip-miripnya,mirip-miripnya
dicita-citakan,dicita-citakan
didiagnosisnya,didiagnosisnya
dideskripsikan,dideskripsikan
orang-orangnya,orang-orangnya
masukannasehat,masukan nasehat
hiperaktifadhd, hiperaktif adhd
sesegukansakit,sesegukan sakit
jakartaxbeauty,jakarta x beauty
astaghfirulloh,astaghfirullah
tolongkasihtau,tolong kasih tau
kopek-kopekkan,kopek-kopekkan
konsentrasinya,konsentrasinya
jedot-jedotkan,jedot-jedotkan
berkepribadian,berkepribadian
development-ku,development-ku
sertifikasinya,sertifikasinya
dibeda-bedakan,dibeda-bedakan
tbtbtbtbtbrbrb,<noise>
diskusibertemu,diskusi bertemu
aesthetickulit,aesthetic kulit
gumohkleyengan, gumoh kliyengan
wkwkwkkwkwkwkw,<noise>
depresianxiety,depresi anxiety
adhdhyperaktif,adhd hiperaktif
konsekuensinya,konsekuensinya
sepengelihatan,sepengelihatan
neurodivirgent,neurodivirgent
neurodivergent,neurodivergent
pahit-pahitnya,pahit-pahitnya
ketinggalannya,ketinggalannya
ketidaksabaran,ketidaksabaran
ketidakpunyaan,ketidakpunyaan
ketidakpastian,ketidakpastian
ketidakjelasan,ketidakjelasan
ketidakcintaan,ketidakcintaan
ketidakbenaran,ketidakbenaran
rekomendasikan,rekomendasikan
dibolehkn.cape,dibolehkan. capek
judul-judulnya,judul
bantuansaranya,bantuan sarannya
macam2kejiwaan,macam2 kejiwaan
biaya.semuanya,biaya. semuanya
temen-temennya,teman-temannya
berterimakasih,berterima kasih
ngisin_ngisini,ngisin_ngisini
ngawanggliyeng,ngawang gliyeng
berhenti-henti,anxiety
wkwkkwkwkwkwkw,<noise>
jalanceritanya,jalan ceritanya
ditinggalinnya,ditinggalkannya
sampendikatain,sampe dikatain
mental.memberi,mental. memberi
allhamdulillah,alhamdulillah 
treatments-nya,treatmentnya
assalamualikum,assalamualaikum
henti-hentinya,henti-hentinya
overprotective,overprotective
counterexample,counterexample
overexplaining,overexplaining
cowopengalaman,cowok pengalaman
jejepanganwibu,jejepangan wibu
distracted-nya,distracted
aktif-aktifnya,aktif
insomaniasusah,insomnia susah
protes.kayanya,protes. kayanya
kelar-bimb-rev,kelar bimbingan revisi
assalamulaikum,assalamualaikum
19e9rydhdvdbhd,<noise>
otaknyankosong,otaknya kosong
stressngerjain,stress ngerjain
laki.sekalipun,laki. sekalipun
representation,representation
rekan-rekannya,rekan-rekannya
berkepanjangan,berkepanjangan
berlarut-larut,berlarut-larut
memedulikannya,memedulikannya
mempelajarinya,mempelajarinya
mementingankan,mementingankan
berbunga-bunga,berbunga-bunga
berbulan-bulan,berbulan-bulan
rekontruksinya,rekontruksinya
kondisisituasi,kondisi situasi
bdidnfhdbsieje,<noise>
panikkecemasan,panik kecemasan
mempertanggung,mempertanggung
berbelit-belit,berbelit-belit
berganti-ganti,berganti-ganti
방탄소년단,방탄소년단
berdebar-debar,berdebar-debar
jelek-jelekkan,jelek-jelekkan
roman-romannya,roman-romannya
hyperfocus-nya,hyperfocus-nya
menenggelamkan,menenggelamkan
teringat-ingat,teringat-ingat
mempertanyakan,mempertanyakan
makassar-ambon,makassar ambon
frfrfrfrfrfrfr, <noise>
kewarasan.dulu,kewarasan. dulu
disekelilingku,di sekelilingku
kuranga.apalah,kuranga. apalah
bodohlahdwngan,bodohlah dengan
memperbaikinya,memperbaiki
kesana-sananya,kesana
wkwkwkwkwkwkwk,<noise>
membesarkannya,membesarkannya
flannelkemeja,flannel kemeja
pasang-pasang,pasang
menyangkutkan,menyangkutkan
mampus-mampus,mampus
ungkit-ungkit,ungkit
kebagi-kebagi,terbagi-bagi
menghadapinya,menghadapi
menyambungkan,menyambungkan
ditransferkan,ditransferkan
menyalahkanku,menyalahkanku
melalangbuana,melalangbuana
matematikanya,matematikanya
menginfluence,menginfluence
tayang-tayang,tayang
durhakamereka,durhaka mereka
numpuk-numpuk,numpuk
pencerahaanya,pencerahannya
ngacak-ngacak,mengacak-ngacak
berkesempatan,berkesempatan
beratus-ratus,beratus-ratus
berkembangkah,berkembangkah
kakak-kakakku,kakak-kakakku
nyerah-nyerah,nyerah
tekanannuntut,tekanan tuntut
tinggi-tinggi,tinggi
ihshshhshshsh,<noise>
shdjwbdjendje,<noise>
ketidakpuasan,ketidakpuasan
membersamaiku,membersamaiku
jarang-jarang,jarang-jarang
berbahagialah,berbahagialah
impulsiveness,impulsiveness
-permasalahan,-permasalahan
conversations,conversations
dramabonamana,drama bona mana
pikiranmental,pikiran mental
ngasihberbagi,ngasih berbagi
ideasthoughts,ideas thoughts
profesionally,professionally
novemberatkan,november berat kan
diliat-diliat,dilihat
mereka-mereka,mereka
jsshsbshshshg,<noise>
merobek-robek,merobek
kekecewaannya,kekecewaannya
berorganisasi,berorganisasi
astagfirullah,astagfirullah
ngobrak-abrik,ngobrak-abrik
mempercayakan,mempercayakan
bermasyarakat,bermasyarakat
tersisaadakah,tersisa adakah
unintentional,unintentional
menantikannya,menantikannya
menanggapinya,menanggapinya
menamatkannya,menamatkannya
memutuskannya,memutuskannya
berpenampilan,berpenampilan
underestimate,underestimate
withpsychotic,with psychotic
bruakakakakak,<noise>
bingung.karna,bingung. karna
thread-thread,thread
diminimalisir,diminimalkan
kecil-kecilan,kecil
telpon-telpon,telpon
hyperfixwtion,hyperfixation
solusinya.thx,solusinya. thanks
dimasa-dimasa,di masa-masa
mokondo.siapa,mokondo. siapa
nerdykutubuku,nerdy kutu buku
ngebesarinnya,membesarkannya
diinget-inget,diingat
dokter-dokter,dokter
semaksimalnya,semaksimalnya
ketidaksukaan,ketidaksukaan
hambur-hambur,hambur-hambur
ketidakadilan,ketidakadilan
memberitahumu,memberitahumu
galau-galauan,galau-galauan
menelantarkan,menelantarkan
mendiskusikan,mendiskusikan
2019-sekarang,2019-sekarang
menghantarkan,mengantarkan
summer-summer,summer
sekali-sekali,sekali-kali
cemasanxietas,cemasan xietas
panas-panasan,panas
kalinya.sulit,kalinya. sulit
tarsok-tarsok,besok-besok
berkarirtidak,berkarir tidak
เกมรกลวงตอนจบ,<noise>
citasepanjang,cita sepanjang
pindah-pindah,pindah
rumahtanggaku,rumah tanggaku
bilang-bilang,bilang
bersuami.tapi,bersuami. tapi
traumaanxiety,trauma anxiety
tp.klakuannya,tapi. kelakuannya
sepengetahuan,sepengetahuan
neurotypicals,neurotypicals
neurodivergen,neurodivergen
automatically,automatically
resources-nya,resources-nya
keluar-keluar,keluar
nge-searching,mencari
dokumentasiin,didokumentasikan
gangguberisik,ganggu berisik
suamiistrinya,suami istri
selesy-selesy,selesai
instrumentnya,instrument-nya
linglunglemes,linglung lemas
pengikutfbpro,pengikut fb pro
contemplating,contemplating
playingvictim,playing victim
brtahun-tahun,bertahun-tahun
uncomfortable,uncomfortable
miskomunikasi,miskomunikasi
halusinasinya,halusinasinya
minum-minuman,minum-minuman
senang-senang,senang-senang
komunikasikan,komunikasikan
heartbreaking,heartbreaking
senyum-senyum,senyum-senyum
nambah-nambah,nambah
dikuat-kuatin,kuat
ngamuk-ngamuk,marah-marah
ngungkapinnya,mengungkapkannya
sepanterannya,sepanterannya
defensiveness,defensiveness
keberangkatan,keberangkatan
jollycharming,jolly charming
menundanya.di,menundanya. di
allhamdulilah,alhamdulillah 
disaat-disaat,disaat-saat
pencerahannya,pencerahan
streesdepresi,stres depresi
meta-analisis,meta analisis
kenapa-kenapa,kenapa
nunggu-nunggu,nunggu
kenang-kenang,kenang
tetepberusaha,tetap berusaha
komunikasinya,komunikasi
sehari-sehari,sehari-hari
memperdulikan,memedulikan
berubahapakah,berubah apakah
layak.gitulah,layak. gitulah
memaki-memaki,memaki
relationships,realationships
kesimpulannya,depresi
mudah-mudahan,mudah-mudahan
attachmentnya,attachmentnya
motherfuckers,motherfuckers
mondar-mandir,mondar-mandir
model-modelan,model-modelan
diberitahunya,diberitahunya
misunderstood,misunderstood
understanding,understanding
habis-habisan,habis-habisan
rumah.minimal,rumah. minimal
teoridefenisi,teori definisi
saja.walaupun,saja. walaupun
janourling-ku,janourlingku
pacar-pacaran,pacar-pacaran
keuntungannya,keuntungannya
konsultasikan,konsultasikan
doang.giliran,saja. giliran
satu.sekarang,satu. sekarang
ngafal-ngafal,meghafal
terserah.udah,terserah. udah
istri.padahal,istri. padahal
akherat-akhir,akherat akhir
fokushikshiks,fokus <noise>
kemana-dimana,kemana
kadangngerasa,kadang merasa
tua.koar-koar,tua. koar-koar
luxury-luxury,luxury
buruan.adakah,buruan. adakah
semena-semena,semena-mena
diistemawakan,diistimewakan
ngelewatinnya,melewatkannya
kumpul-kumpul,kumpul
berpengalaman,berpengalaman
mempercayaimu,mempercayaimu
dikit.operasi,sedikit. operasi
meledak-ledak,meledak
kekurangannya,kekurangan
isolationgtgt,isolation gitu-gitu
bwsafterparty,bws afterparty
cantik-cantik,cantik
dzolim-dzolim,dzolim
kebohongannya,kebohongannya
kumat-kumatan,kumat-kumatan
dikhawatirkan,dikhawatirkan
tersinggungan,tersinggungan
dimana-dimana,pengalaman
makimacosplay,makima cosplay
normal-normal,normal
olokan-olokan,olokan
ketemu-ketemu,ketemu
fakakskjeoejk,<noise>
pengobatannya,pengobatan
nyama-nyamain,nyamain
santai-santai,santai
ngetes-ngetes,mengtes
teriak-teriak,teriak
self-blamming,self-blaming
berita-berita,berita
privilege-nya,privilege
konten-konten,konten
tmen-tmen.dia,teman-teman. dia
hilang-hilang,hilang-hilang
selang-seling,selang-seling
selamatkanlah,selamatkanlah
conditionally,conditionally
compulsivenya,compulsivenya
self-reminder,self-reminder
circumstances,circumstances
keneruntungan,keberuntungan
kunong-kunong,kunong
mudeng-mudeng,mengerti
pendiampemalu,pendiam pemalu
disela-disela,disela-sela
cerita-cerita,cerita
sejenissetipe,sejenis setipe
nangis-nangis,menangis
daftar-daftar,daftar
mechanismpart,mechanism part
terselesaikan,terselesaikan
half-suicidal,half-suicidal
dipertanyakan,dipertanyakan
diinginkannya,diinginkannya
minta-mintain,minta-mintain
minggu-minggu,minggu-minggu
didefinisikan,didefinisikan
wangi-wangian,wangi-wangian
keterlambatan,keterlambatan
ngejar-ngejar,mengejar-ngejar
instal-instal,install
dibilanginnya,diberitahunya
search-search,search
tenang-tenang,tenang
schizophrenia,skizofrenia
overthingking,overthinking
ngamok-ngamok,marah-marah
pendengaranya,pendengarannya
semuanya.amin,semuanya. amin
ngajak-ngajak,mengajak
introvert.aku,introvert. aku
titikterendah,titik terendah
kwkwkwkwkwkwk,wkwkwk
muncul-muncul,muncul
bolong-bolong,bolong
wayv_bigbands,wayv bigbands
ueueueueueueu,<noise>
domba.dirumah,domba. di rumah
overthinkking,overthinking
tunggu-tunggu,tunggu
ketawa-ketawa,ketawa
digedor-gedor,digedor-gedor
meromantisasi,meromantisasi
aslamualaikum,aslamualaikum
dihipnoterapi,dihipnoterapi
shift-shiftan,shift-shiftan
diistimewakan,diistimewakan
grasak-grusuk,grasak-grusuk
update-update,update
thedreamshowa,<noise>
rontokbtangan,rontok di tangan
sekolahkuliah,sekolah kuliah
.............,<noise>
katakatabijak,kata-kata bijak
pegang-pegang,pegang
mempersiapkan,persiapkan
resiko-resiko,resiko
malfunctioned,malfunctioned
mnjadi-mnjadi,menjadi-jadi
munyuk-munyuk,munyuk
adhdaspergers,adhd aspergers
sendirikangen,sendiri kangen
interaksiluas,interaksi luas
sendiri.harus,sendiri. harus
pertanyaannya,pertanyaan
terselamatkan,terselamatkan
handphone-nya,handphone-nya
keintrovertan,keintrovertan
keberuntungan,keberuntungan
keberlanjutan,keberlanjutan
mewujudkannya,mewujudkannya
sering-sering,sering
nendoroidhair,nendoroid hair
memerintahkan,memerintahkan
berhalusinasi,berhalusinasi
remedi-remedi,remedi-remedi
remang-remang,remang-remang
sangat-sangat,sangat
_____________,<noise>
mageranpelupa,mageran pelupa
begini-begini,begini
goyang-goyang,goyang
kemana-kemana,kemana
kepancing.aku,terpancing. aku
seneng-seneng,senang-senang
cinta-cintaan,cinta
ngata-ngatain,menghina
baling-baling,baling-baling
wasyukurillah,wasyukurillah
semenyedihkan,semenyedihkan
curhat-curhat,curhat
mendinganmore,mendingan more
ngiung-ngiung,ngiung
pencapaiannya,pencapaiannya
bangun-bangun,bangun-bangun
penanganannya,penanganannya
penampilannya,penampilannya
pembahasannya,pembahasannya
banyak-banyak,banyak-banyak
selfdiagnosed,self diagnosed
ricecookernya,rice cooker-nya
ke-cultureran,kebudayaan
mnyembunyikan,menyembunyikan
freelance-nya,freelance-nya
memikirkannya,memikirkannya
dipertaruhkan,dipertaruhkan
penginapannya,penginapannya
dipertahankan,dipertahankan
merendahkanku,merendahkanku
rumah.kasihan,rumah. kasihan
stereotypenya,stereotype-nya
berkontribusi,kontribusi
dikejar-kejar,dikejar-kejar
dikategorikan,dikategorikan
asalmualaikum,asalmualaikum
asalamulaikum,asalamulaikum
kejar-kejaran,kejar-kejaran
berinteriaksi,berinteriaksi
overdiagnosed,overdiagnosed
organisasinya,organisasinya
opportunities,opportunities
memperlakukan,memperlakukan
memperhatikan,memperhatikan
selese-selese,selesai
bentar-bentar,bentar
nongki-nongki,nongki
banget-banget,banget
semangathiduo,semangat hidup
ngapa-ngapain,melakukan apapun
berubah-rubah,berubah
ngegymfitness,ngegym fitness
semenyakitkan,semenyakitkan
notifikasinya,notifikasinya
berpendapatan,berpendapatan
berprevillage,berprevillage
kelanjutannya,kelanjutan
dipertengahan,dipertengahan
nyuruh-nyuruh,nyuruh
moment-moment,moment
seranganpanik,serangan panik
seolah-seolah,seolah-olah
komen-komenan,komen
mengira-ngira,mengira-ira
dengar-dengar,dengar
dicakar-cakar,cakar
proyek-proyek,proyek
bentak-bentak,bentak-bentak
membingungkan,membingungkan
membiarkannya,membiarkannya
memperpanjang,memperpanjang
mempermalukan,mempermalukan
mempermainkan,mempermainkan
tercungkiring,tercungkiring
mengakomodasi,mengakomodasi
curiga-curiga,curiga
lempar-lempar,lempar
skyrocketting,skyrocketing
enggak-enggak,enggak
loncat-loncat,loncat
cerdas-cerdas,cerdas
selesai.usaha,selesai. usaha
tanggungjawab,tanggung jawab
koment-koment,koment
fitnah-fitnah,fitnah
bersin-bersin,bersin
suami.soalnya,suami. soalnya
per-kucing-an,tentang kucing
wodjakdjlslsl,<noise>
mu.melemahkan,mu. melemahkan
dimudahkannya,dimudahkannya
diperbolehkan,diperbolehkan
diperlihatkan,diperlihatkan
diperjuangkan,diperjuangkan
diperingatkan,diperingatkan
dipikir-pikir,dipikir-pikir
malas-malasan,malas-malasan
mabuk-mabukan,mabuk-mabukan
penjerembaban,penjerembaban
berjam-berjam,berjam
onlineoffline,online offline
jelek-jelekin,jelek-jelekin
kadang-kadang,kadang-kadang
fotografernya,fotografernya
unfortunately,unfortunately
unforgettable,unforgettable
mengakibatkan,mengakibatkan
temperamental,temperamental
experience-ku,experience-ku
tenggorokanmu,tenggorokanmu
menetralisasi,menetralisasi
terinvalidasi,terinvalidasi
keluh-keluhan,keluh-keluhan
rollercoaster,rollercoaster
semenyebalkan,semenyebalkan
stressfeeling,stress feeling
pinter-pinter,pinter
slingkuhannya,selingkuhannya
pengalamannya,pengalaman
terus-menerus,terus menerus
situationship,situationship
menyingkirkan,menyingkirkan
questionnaire,questionnaire
psychological,psychological
notifications,notifications
berpendidikan,berpendidikan
membangkitkan,membangkitkan
mengapresiasi,mengapresiasi
menganggurkan,menganggurkan
teman-temanmu,teman-temanmu
hyperfixation,hyperfixation
hyperfeminine,hyperfeminine
asdfkalfjajha,<noise>
berantem.tapi,berantem. tapi
gimana-gimana,gimana
tante2sodara2,tante-tante saudara-saudara
naik-turunnya,naik turunnya
tembus-tembus,tembus
berekspektasi,berekspektasi
diingat-ingat,ingat
memerintahkne,memerintahkan
ripketenangan,rip ketenangan
gangguanpanik,gangguan panik
ngedoubleshot,ngedouble shot
well-mannered,beradab
distressbukan,distress bukan
insidemasukan,insiden masukan
cepret-cepret,cepret
keburu-keburu,keburu
kesana-kemari,ke sana kemari
konser-konser,konser
ngebelakangin,membelakangi
mgeputusinnya,memutuskannya
berarti.walau,berarti. walau
terapi-terapi,terapi
ibunya.katany,ibunya. katanya
menghilangakn,menghilangkan
ngelawanbosen,melawan bosan
tolakruupolri,tolak ruu polri
males-malesan,males
hiperhidrosis,hiperhidrosis
terpinggirkan,terpinggirkan
international,international
disembunyikan,disembunyikan
dilihat-lihat,dilihat-lihat
hyperactivity,hyperactivity
prokrastinasi,prokrastinasi
progressively,progressively
professionals,professionals
produktivitas,produktivitas
bluetooth-nya,bluetooth-nya
hutang-hutang,hutang-hutang
pre-diagnosed,pre-diagnosed
possibilities,possibilities
ngopi-feeling,ngopi feeling 
kejang-kejang,kejang
ngurus-ngurus,ngurus
muntah-muntah,muntah
megang-megang,megang
ngendaliinnya,mengendalikannya
ke-anxiety-an,kecemasan
terima-terima,terima
motivasi.cape,motivasi. capek
attackptsdocd,attack ptsd ocd
kompre-kompre,kompre
ngemis-ngemis,mengemis
kampuskerjaan,kampus pekerjaan
banget.bahkan,banget. bahkan
lingkungannya,kuliahan
hyperfocusnya,hyperfocus-nya
ekspektasikan,ekspektasi
rasanyatolong,rasanya tolong
dikatainkurus,dikatakan kurus
self-diagnose,self diagnose
kenpa2soalnya,kenapa-napa soalnya
meronta-ronta,meronta
kebahagiaanku,kebahagiaan
salbutamolnya,salbutamolnya
teman-temanku,teman-temanku
membutuhkanku,membutuhkanku
kehilangannya,kehilangannya
mengedepankan,mengedepankan
faktor-faktor,faktor
menyikapi.nya,menyikapinya
susah.rasanya,susah. rasanya
lainnya.takut,lainnya. takut
disekelililng,di sekeliling
mentertawakan,menertawakan
brainstorming,brainstorming
breakdown-nya,breakdown-nya
brsosialisasi,brsosialisasi
perusahaannya,perusahaannya
jangan-jangan,jangan-jangan
personalities,personalities
romanticizing,romanticizing
kalian-kalian,kalian
dipersilahkan,dipersilakan
brenti-brenti,berhenti
se-depressive,depresi
tempat-tempat,tempat
dibullyvictim,bully victim
suaminyaorang,suaminya orang
attackanxiety,attack anxiety
diinjak-injak,diinjak
fuckkejfjksks,fuck <noise>
apocalyptique,apocalyptique
menyeragamkan,menyeragamkan
inconvenience,inconvenience
hitung-hitung,hitung-hitung
bareng-bareng,bareng-bareng
barang-barang,barang-barang
penelitiannya,penelitiannya
masyarakatnya,masyarakatnya
aniextymental,aniexty mental
procrastinate,procrastinate
pulang-pulang,pulang
terus-terusan,terusan
developmentku,development-ku
langsat-putih,langsat putih
diatur-diatur,diatur
alhamdullilah,alhamdullilah
alhamdulillah,alhamdulillah
psikologisnya,psikologisnya
kehati-hatian,kehati-hatian
intensitasnya,intensitasnya
menggelinjang,menggelinjang
menggara-gara,menggara-gara
menggambarkan,menggambarkan
aeuisfgiwcnlo,<noise>
berkomunikasi,komunikasi
paling-paling,paling
penglihatanku,penglihatanku
pengkhianatan,pengkhianatan
sebenar-benar,sebenar-benar
indescribable,indescribable
menyia-niakan,menyia-niakan
diremehkannya,diremehkannya
kedengarannya,kedengarannya
kecenderungan,kecenderungan
alternatifnya,alternatifnya
embarrassment,embarrassment
mengetahuinya,mengetahuinya
membandingkan,membandingkan
membahagiakan,membahagiakan
acquaintances,acquaintances
encouragement,encouragement
temen-temenku,temenku
gejala-gejala,gejala
campak-campak,campak
communication,komunikasi
kesepiangabut,kesepian gabut
friendlytebar,friendly tebar
backgroundnya,background
liat-liat.nah,lihat-lihat. nah
nerenge-renge,menangis
settle-settle,settle
tepat.setelah,tepat. setelah
curhatngobrol,curhat ngobrol
kekerasan.apa,kekerasan. apa
di-distracted,distracted
sadarnyadarin,sadar menyadari
kambuhterlalu,kambuh terlalu
jatuhsbnernya,jatuh sebenarnya
nutrisiharian,nutrisi harian
ngomel-ngomel,ngomel
grogisaliting,grogi salah tingkah
campur-campur,campur
jambak-jambak,jambak
sesuliturgent,sesulit urgent
mengembangkan,mengembangkan
mengembalikan,mengembalikan
ganti-gantian,ganti-gantian
entertainment,entertainment
melepaskannya,melepaskannya
menghilangkan,menghilangkan
syukur-syukur,syukur-syukur
ekspektasinya,ekspektasinya
kebawa-kebawa,terbawa-bawa
-cukupakusaja,cukup aku saja
pendek-pendek,nafasku pendek
hypnoteryyang,hypnotherapy yang
scientificnya,scientific-nya
disalahgunain,disalahgunakan
experiencenya,experience-nya
mengkuatkanya,menguatkannya
kedengerannya,kedengarannya
eksistensinya,eksistensinya
menghancurkan,menghancurkan
menghampiriku,menghampiriku
menghalangimu,menghalangimu
ekstrovertnya,ekstrovertnya
memaksimalkan,memaksimalkan
tambah-tambah,tambah-tambah
perpisahannya,perpisahannya
mengontrolnya,mengontrolnya
mengolok-olok,mengolok-olok
mengkhayalkan,mengkhayalkan
ampun-ampunan,ampun-ampunan
mengendalikan,mengendalikan
sebagai.pnsig,sebagai. pnsig
sakit-sakitan,sakit
sirkel-sirkel,sirkel
depresihilang,depresi hilang
tenangnyenyak,tenang nyenyak
tengah-tengah,tengah
unyel-unyelan,unyel-unyelan
unoverthinker,unoverthinker
underutilized,underutilized
intentionally,intentionally
gimanangapain,gimana ngapain
superintensif,superintensif
menguntungkan,menguntungkan
sumpah-sumpah,sumpah
berusahsebaik,berusah sebaik
mati.kayaknya,mati. kayaknya
ceritamasukan,cerita masukan
per-ekonomian,per ekonomian
sampai-sampai,sampai
keluarga.demi,keluarga. demi
gairah.mncari,gairah. mencari
khawatir.tapi,khawatir. tapi
mengunjungiku,mengunjungiku
mengungkapkan,mengungkapkan
mengulanginya,mengulanginya
menguatkannya,menguatkannya
mengsubscribe,mengsubscribe
doomscrolling,doomscrolling
menjerumuskan,menjerumuskan
kesempatannya,kesempatannya
kesejahteraan,kesejahteraan
kesehariannya,kesehariannya
per-paypal-an,per-paypal-an
canda-candaan,canda-candaan
penyeberangan,penyeberangan
perfectionist,perfectionist
rasakan.sampe,rasakan. sampai
dideskripsiin,dideskripsikan
freepalestine,free palestine
procastinator,procrastinator
beliau-beliau,beliau
ngefangirling,fangirling
lama-kelamaan,lama-lama
sebadan-badan,sebadan-badan
tamat-tamatan,tamat-tamatan
mempraktekkan,memraktikkan
bundir-bundir,bunuh diri
berfikirfokus,berfikir fokus
face.terendah,face. terendah
awokwowkwjshd,<noise>
lancar-lancar,lancar
sekenceng2nya,sekencang-kencangnya
ngelepasinnya,melepaskannya
mengikhlaskan,mengikhlaskan
menghubungiku,menghubungiku
enochlophobia,enochlophobia
melewatkannya,melewatkannya
mentah-mentah,mentah-mentah
menonaktifkan,menonaktifkan
dekethubungan,dekat hubungan
sepupu-sepupu,sepupu
ownsuandhsjsb,<noise>
korban_dracin,korban dracin
dicari-dicari,dicari
disisi-disisi,di sisi
bayang-bayang,bayang-bayang
seberpengaruh,seberpengaruh
institusional,institusional
perakademisan,perakademisan
gerak-gerakin,gerak-gerakin
permasalahkan,permasalahkan
perlakukannya,perlakukannya
seakan-seakan,seakan-seakan
se-menganggur,se-menganggur
perjuangannya,perjuangannya
menunda-nunda,menunda-nunda
mentalitasnya,mentalitasnya
terlampiaskan,terlampiaskan
uring-uringan,uring-uringan
sembuh-sembuh,sembuh
begitupunsaya,begitupun saya
menghandalkan,mengandalkan
curhat.secara,curhat. secara
author-author,author
penjelasannya,penjelasan
langit-langit,langit
spiritualitas,spiritualitas
diselingkuhin,diselingkuhin
menyelesaikan,menyelesaikan
menyelamatkan,menyelamatkan
antisipasinya,antisipasinya
begitu-begitu,begitu
snm-sbm-simak,snm sbm simak
bersih-bersih,bersih
alonetogether,alone together
telfon-telfon,telpon
terintimidasi,intimidasi
asalamualikum,assalamualaikum
ngerih-ngerih,seram
fobsos-fobsos,fobia sosial
didiagnosanya,didiagnosisnya
tulis-menulis,tulis
masing-masing,masing-masing
abang-abangan,abang-abangan
antidepressan,antidepressan
anti-literate,anti-literate
ditelantarkan,ditelantarkan
sodara-sodara,saudara-saudara
sentuh-sentuh,sentuh
circle-circle,circle
denger-denger,dengar
sifatnyabosen,sifatnya bosan
enhypen_sunoo,enhypen sunoo
nabrak-nabrak,nabrak
hypnotheraphy,hypnotherapy
ngatur-ngatur,mengatur-ngatur
brubah-brubah,berubah-ubah
single-single,single
kucing-kucing,kucing
cuitan-cuitan,cuitan
scroll-scroll,scroll
sayang-sayang,sayang
details-logic,detail logic
piring.kalau,piring. kalau
planning-nya,planning-nya
perubahannya,perubahannya
pertimbangan,pertimbangan
pertengkaran,pertengkaran
pertemananku,pertemananku
pertanyaanku,pertanyaanku
satu-satunya,satu-satunya
pertandingan,pertandingan
pertambangan,pertambangan
whatsapp-nya,whatsapp-nya
disekeliling,di sekeliling
innalillaahi,innalillahi
sendiri.cema,sendiri. cemas
cancellation,cancellation
penyelesaian,penyelesaian
perfeksionis,perfeksionis
perfangirlan,perfangirlan
pemikirannya,pemikiran
perhatiannya,perhatian
livingwithod,living with
wkwkwkwkkwkw,<noise>
perkataannya,perkataan
campaign-nya,kampanye
penyebrangan,penyeberangan
semangatkali,semangat banget
danbusahanya,dan bidang usahanya
flamechasers,flame chasers
caranya.msak,caranya. masak
ngumpulinlt3,mengumpulkan lt3
nikah.tramat,nikah. trauma
bersyukurnya,bersyukur
berulangkali,terluka
nyakarmerasa,nyakar merasa
keputusannya,keputusan
expectations,ekspektasi
kehidupannya,kehidupan
mamakgurunya,mamak gurunya
giziseimbang,gizi seimbang
asing.bahkan,asing. bahkan
insecurities,insecurity
stressbanyak,stress banyak
ngomentariin,mengomentari
webtoonmanga,webtoon manga
ngebahagiain,membahagiakan
ngemtotmtorm,<noise>
mendiskredit,mendiskreditkan
sehaeri-hari,sehari-hari
082ei686ii94,<noise>
kekewahtiran,kekhawatiran
contohdenger,contoh dengar
kekecewaanya,kekecewaannya
disembunyiin,disembunyikan
perbaikannya,perbaikan
bekerja.biar,bekerja. biar
kesanaterima,ke sana terima
disemangatin,disemangati
kara.masalah,kara. masalah
minggu-malam,minggu malam
psychiatrist,psikiater
wkakakkakaka,<noise>
beehari-hari,stres
pait-paitnya,pahit-pahitnya
lingkunganmy,lingkunganmu
ngilanginnya,menghilangkan
ter-asingkan,terasingkan
menyanangkan,menyenangkan
sembuh.crilh,sembuh. carilah
mengelurakan,mengeluarkan
mnghilangkan,menghilangkan
ngedistraksi,mendistraksi
ke-trigerred,triggered
anxietypanic,anxiety panic
salah.pengen,salah. pengen
ber-afirmasi,berafirmasi
kerjaanbyang,pekerjaan yang
kebenarannya,kebenaran
sosmedpdahal,sosmed pdahal
selfreminder,self-reminder
terlunta2nya,terlunta2 nya
bermasarakat,bermasyarakat
kimbabfamily,kimbab family
hivsurvivors,hiv survivors
hamil.ngaruh,hamil. ngaruh
segeraposisi,segera posisi
highlightnya,highlight
ahshshhahaha,<noise>
nge-play-nya,memainkannya
overthinkink,overthinking
procastinate,procrastinate
ngerencanain,merencanakan
berhati-hati,hati-hati
ajsjshajhshs,<noise>
stabilsembuh,stabil sembuh
sepesimistik,sepesimistis
menanganinya,menangani
ngebangkitin,membangkitkan
bluetoothnya,bluetooth-nya
beranakpinak,beranak pinak
well-dressed,berpenampilan baik
ngeredainnya,meredakannya
pikirankuudh,pikiran ku udah
commacurtain,comma curtain
sekaranggtlt,sekarang gtlt
marah.selalu,marah. selalu
disorder.dan,disorder. dan
ngelangkahin,melangkahi
adhdstruggle,adhd struggle
sendiri.kalo,sendiri. kalau
webinarkelas,webinar kelas
terasa.bukan,terasa. bukan
sengajatidak,sengaja tidak
dimudahinnya,dimudahkannya
issueanxiety,issue anxiety
announcement,pengumuman
handphonenya,handphone-nya
loveyourself,love yourself
merenunginya,merenungkannya
dagang bebas,dagang bebas
seaakan-akan,seakan-akan
janourlingku,janur lingku
keluargaortu,keluarga ortu
overtingking,overthinking
medisnya-kah,medisnya kah
kebaikanaqua,kebaikan aqua
ajshjaahhshs,<noise>
cleanavenger,clean avenger
orang2karena,orang-orang karena
muktitasking,multitasking
romantic-dan,romantic dan
kepikirannya,kepikiran
siskskdkdkdk,<noise>
ngediagnosis,mendiagnosis
ngelampiasin,pelampiasan
mempersembuh,menyembuhkan
berkaca-kaca,berkaca-kaca
ngekhianatin,mengkhianati
emakdidiemin,emak didiamkan
sekencengnya,sekencangnya
semental2nya,semental-mentalnya
naik.drastis,naik. drastis
kata-katanya,kata
jadi-jadinya,jadi
triak2gedor2,triak2 gedor2
ginkgobiloba,ginkgo biloba
farmermarket,farmer market
berkewajiban,berkewajiban
berkesudahan,berkesudahan
perfectionis,perfectionist
gelisahsedih,gelisah sedih
dikomentarin,dikomentari
anak-anaknya,anak
teman.mental,teman. mental
nanggapinnya,menanggapinya
youtuber-nya,youtuber-nya
nyamanmaunya,nyaman maunya
ngejurumusin,menjerumuskan
kerja-kuliah,kerja kuliah
bngtbngtbngt,banget banget banget
orangkatanya,orang katanya
ortua.apakah,ortua. apakah
sarantrmksih,saran terima kasih
spaceampbcis,space amp bcis
berkecukupan,cukupan
asmarahancur,asmara hancur
jodoh.pengen,jodoh. pengen
bisa-bisanya,bisa
bersyukurlah,syukur
nyembuhinnya,menyembuhkan
ticketingnya,ticketing nya
diremehinnya,diremehkannya
queenoftears,queen of tears
menselebrasi,merayakan
rehabilitasi,rehabilitasi
disuruhpaksa,disuruh paksa
attacksocial,attack social
tomystar2ep7,tomystar2 ep7
shoujomadoka,shoujo madoka
agdgsgsgsjsk,<noise>
acimilikitiw,<noise>
majalahkomik,majalah komik
diperantauan,di perantauan
berkerumunan,berkerumun
nadir.hutang,nadir. hutang
kekuranganku,kekuranganku
kekhawatiran,kekhawatiran
berjuta-juta,berjuta-juta
kejelekannya,kejelekannya
segalanya.di,segalanya. di
orang.sampai,orang. sampai
senin-selasa,senin selasa
agxjxhcndgsj,<noise>
majalahkoran,majalah koran
ashjdbfjdfdf,<noise>
snowdropepi6,<noise>
diperjuangin,diperjuangkan
entahbkenapa,entah kenapa
beraktivitas,beraktivitas
terganggunya,terganggunya
memikirkanmu,memikirkanmu
frustrasinya,frustrasinya
memergokinya,memergokinya
mementingkan,mementingkan
bergandengan,bergandengan
berbeda-beda,berbeda-beda
representasi,representasi
berkebutuhan,berkebutuhan
belajarnlagi,belajar lagi
bipolar.cara,bipolar. cara
insanebecome,insane become
mentalhealth,mental health
sometimesnya,sometimes nya
ngrokok.gmna,merokok. gimana
hahahahhahah,<noise>
disappointed,kecewa
berkebalikan,berkebalikan
berkeinginan,berkeinginan
berpura-pura,berpura-pura
berselingkuh,berselingkuh
berkesadaran,berkesadaran
reincarnated,reincarnated
dipersendian,di persendian
bela-belakan,bela-belaan
dikhawatirin,dikhawatirkan
ngesampingin,mengesampingkan
pencerahanya,pencerahan
ke-influence,influence
memungkinkan,memungkinkan
terdistraksi,terdistraksi
terdiagnosis,terdiagnosis
affectionate,affectionate
memperbanyak,memperbanyak
mempengaruhi,mempengaruhi
mempedulikan,mempedulikan
frekuensinya,frekuensinya
meminimalkan,meminimalkan
tergesa-gesa,tergesa-gesa
kelangsungan,kelangsungan
notabenernya,notabenenya
negatifsedih,negatif sedih
konsultasiin,konsultasikan
depressednya,depressed
keinginannya,keinginan
mengangatasi,mengatasi
kelahirannya,kelahirannya
bertambahnya,bertambahnya
bertentangan,bertentangan
kekeluargaan,kekeluargaan
kekejamannya,kekejamannya
janganjangan,jangan-jangan
mylovelyliar,my lovely liar
extrovertnya,ekstrovertnya
awkoawkoakwi,wkwkwk
familiarfomo,familiar fomo
atagfirullah,astagfirullah
aishwjahahna,<noise>
interospeksi,introspeksi
saddepressed,sedih depresi
kesunyianaku,kesunyian aku
taiwanjepang,taiwan jepang
freelancenya,freelance-nya
pertimbangin,pertimbangan
kedeketannya,kedekatannya
saltinggrogi,salting grogi
ringtone-nya,ringtone-nya
mempercantik,mempercantik
functionally,functionally
adrenalinnya,adrenalinnya
tergutluking,tergutluking
tergila-gila,tergila-gila
membombardir,membombardir
membohongiku,membohongiku
beruntungnya,beruntung
gmbarnyolong,gambar nyolong
berprivilege,berprivilege
berprasangka,berprasangka
berabad-abad,berabad-abad
psikosomatik,psikosomatik
kenyataannya,kenyataannya
bersekongkol,bersekongkol
bersandarnya,bersandarnya
dilingkungan,di lingkungan
aksjsksksksk,<noise>
dipernikahan,di pernikahan
emosian.trus,emosian. terus
emositekanan,emosi tekanan
ngeliatinnya,melihatnya
mengilangkan,menghilangkan
hahahahahaha,anxiety
ketakutannya,ketakutan
muntahmuntah,muntah-muntah
penyakit.nya,penyakit. nya
alhmdulillah,alhamdulillah
menetralisir,menetralisasi
accadminbaik,acc admin baik
istirahat-15,istirahat 15
ceasefirenow,ceasefire now
diantisipasi,antisipasi
disekitarnya,di sekitarnya
amanbagusnya,aman bagusnya
lillahitaala,lillahi ta'ala
terima kasih,terima kasih
depresiutang,depresi utang
mengahdirkan,menghadirkan
menyamangati,menyemangati
terinspirasi,terinspirasi
kemacetannya,kemacetannya
keluarkanlah,keluarkanlah
innerchildku,inner child-ku
ngeluhmerasa,ngeluh merasa
............,<noise>
ngebahagiaan,membahagiakan
dipertahanin,dipertahankan
klausurujian,klausur ujian
ceritanikmat,cerita nikmat
perasaanlbih,perasaan lebih
lampiasinnya,melampiaskannya
kematiantapi,kematian tapi
anxioustakut,anxious takut
depresinggak,depresi nggak
ngedampingin,mendampingi
statusatahun,status
presentation,presentation
bertempurlah,bertempurlah
berubah-ubah,berubah-ubah
berjuang.gua,berjuang. gua
kehidupanpan,kehidupan
aisjsksjsksk,<noise>
ltattachment,lt attachment
asfksabfjksa,<noise>
terbengakali,terbengakali
memrivasikan,memrivasikan
memraktikkan,memraktikkan
bersialisasi,bersialisasi
berseorangan,berseorangan
bersendirian,bersendirian
identifikasi,identifikasi
kemampuannya,kemampuannya
deg-degannya,deg-degan
pikiranbikin,pikiran bikin
fangirlingan,fangirling
postingannya,postingannya
realistisnya,realistisnya
men-gaslight,men-gaslight
men-distract,men-distract
administrasi,administrasi
adik-adiknya,adik-adiknya
membicarakan,membicarakan
grasakgrusuk,grasak-grusuk
mengingetnya,mengingatnya
masalalumasa,masa lalu masa
kelihatannya,kelihatannya
bertele-tele,bertele-tele
hypnotherapy,hypnotherapy
nge-distract,men-distract
re-exploring,re-exploring
rasa-rasanya,rasa-rasanya
rute-rutenya,rute-rutenya
psychologist,psychologist
psikosomatis,psikosomatis
pintarkanlah,pintarkanlah
petakilannya,petakilannya
kentriggered,kentriggered
terbengkalai,terbengkalai
accidentally,kecelakaan
resourcesnya,resources-nya
manjanginnya,memanjangkannya
mmprivasikan,memrivasikan
penghianatan,pengkhianatan
gelisahkrena,gelisah karena
wkwkwkwkwkkw,<noise>
manusiabhkan,manusia bahkan
hilangkanlah,hilang
mayoritasnya,mayoritasnya
terorganisir,terorganisir
terbagi-bagi,terbagi-bagi
psikologinya,psikologinya
bimbingannya,bimbingannya
psikiaternya,psikiaternya
prostitution,prostitution
birokrasinya,birokrasinya
progress-nya,progress-nya
professional,professional
intesitasnya,intensitasnya
psikological,psychological
admin.disini,admin. disini
prioritaskan,prioritaskan
traumatizing,traumatizing
transportasi,transportasi
kapasitasnya,kapasitasnya
personalized,personalized
presentasiku,presentasiku
prescription,prescription
junjungannya,junjungannya
berimajinasi,berimajinasi
relationship,relationship
beristirahat,beristirahat
berinteraksi,berinteraksi
berkali-kali,berkali-kali
kemenanganmu,kemenangan
ya.kepikiran,ya. kepikiran
balladmellow,ballad mellow
interrupting,interrupting
diselingkuhi,diselingkuhi
diselesaikan,diselesaikan
diselamatkan,diselamatkan
disorganized,disorganized
diskriminasi,diskriminasi
distract-nya,distract-nya
disorientasi,disorientasi
antidepresan,antidepresan
anticipatory,anticipatory
disturbances,disturbances
menyadarinya,menyadarinya
semangat2nya,semangat-semangatnya
co-workernya,co-worker
beratseperti,berat seperti
problematika,problematika
menyenangkan,menyenangkan
menyempatkan,menyempatkan
menyembuhkan,menyembuhkan
menyemangati,menyemangati
disendirikan,disendirikan
spikosomatis,spikosomatis
ngebandingin,membandingkan
kebhagiaanku,kebahagiaanku
s-sebenarnya,sebenarnya
mecimanotpro,mecimapro
penjelasanya,penjelasan
nyembunyikan,menyembunyikan
menghapus2in,menghapus-hapus
kecemasannya,kecemasan
berdampingan,berdampingan
berdua-duaan,berdua-duaan
kecintaannya,kecintaannya
kecimpungkan,kecimpungkan
kecepatannya,kecepatannya
ngeinfluence,menginfluence
.gelisah.dan,. gelisah. dan
berangkatgak,berangkat gak
melakukannya,melakukannya
gila-gilanya,gila-gilanya
ditinggalkan,ditinggalkan
ditertawakan,ditertawakan
menyampaikan,menyampaikan
menstruation,menstruation
menstabilkan,menstabilkan
disasosiatif,disasosiatif
manipulative,manipulative
terperangkap,terperangkap
dikelilingin,dikelilingi
berkata-kata,berkata
ke-triggered,triggered
berhari-hari,berhari-hari
relieved-nya,relieved-nya
mentoleransi,mentoleransi
intervention,intervention
interstellar,interstellar
dipersilakan,dipersilakan
menyesuaikan,menyesuaikan
dipraktikkan,dipraktikkan
dirahasiakan,dirahasiakan
appreciation,appreciation
direncanakan,direncanakan
kedekatannya,kedekatannya
kedatanganmu,kedatanganmu
menyayangiku,menyayangiku
dirundingkan,dirundingkan
disandingkan,disandingkan
invalidating,invalidating
dipersiapkan,dipersiapkan
dipermalukan,dipermalukan
melampiaskan,melampiaskan
menjalaninya,menjalaninya
downside-nya,downside-nya
menjadi-jadi,menjadi-jadi
meningkatkan,meningkatkan
meninggalnya,meninggalnya
meninggalkan,meninggalkan
dipermainkan,dipermainkan
diperlakukan,diperlakukan
kesalahannya,kesalahan
geringgingan,geringgingan
dipertemukan,dipertemukan
dilaksanakan,dilaksanakan
mengutarakan,mengutarakan
mengutamakan,mengutamakan
mengusahakan,mengusahakan
mengurungkan,mengurungkan
mengundurkan,mengundurkan
mengumpulkan,mengumpulkan
mengulangnya,mengulangnya
dimanipulasi,dimanipulasi
dimanfaatkan,dimanfaatkan
diminimalkan,diminimalkan
beberapakali,beberapa kali
egois.nyesel,egois. nyesel
menyayangkan,menyayangkan
dikontrakkan,dikontrakkan
dikonfirmasi,dikonfirmasi
lithromantic,lithromantic
listening-ku,listening-ku
lingkunganmu,lingkunganmy
terasabanget,terasa banget
selfdiagnose,self diagnose
ngindikasiin,mengindikasi
hwuehwuwheue,<noise>
bathroomgtsx,toilet
komunikasiin,komunikasikan
jangandiklik,jangan diklik
kecanduannya,kecanduan
spikosomatik,spikosomatik
spesialisnya,spesialisnya
academically,academically
sensibaperan,sensi baperan
bos-karyawan,bos karyawan
kebalikannya,kebalikan
dikerubungin,dikerubungi
-hijrahhidup,hijrah hidup
menyepelekan,menyepelekan
menyentuhkan,menyentuhkan
menyikapinya,menyikapinya
architecture,architecture
skyrocketing,skyrocketing
menguatkanku,menguatkanku
mengorbankan,mengorbankan
mengomentari,mengomentari
mengobrolkan,mengobrolkan
mengobatinya,mengobatinya
mengkhianati,mengkhianati
diperhatikan,diperhatikan
terrpikirkan,terrpikirkan
artificially,artificially
dilampiaskan,dilampiaskan
dilakukannya,dilakukannya
surprisingly,suprisingly
menginginkan,menginginkan
mengingatnya,mengingatnya
amit-amitnya,amit-amitnya
mengingatkan,mengingatkan
mengindikasi,mengindikasi
diintervensi,diintervensi
diinterogasi,diinterogasi
tersemogakan,tersemogakan
lagu-lagunya,lagu-lagunya
merencanakan,merencanakan
menghidupkan,menghidupkan
mistreatment,mistreatment
unconciously,unconciously
informasinya,informasinya
kuat-kuatkan,kuat-kuatkan
kronologinya,kronologinya
keburukannya,keburukannya
kebiasaannya,kebiasaannya
halusinasiku,halusinasiku
tersinggungy,tersinggungy
geringgingen,geringgingan
sebatangkara,sebatang kara
pncerahannya,penjelasannya
bersokongkol,bersekongkol
bersamaan.tp,bersamaan. tapi
prokastinasi,prokrastinasi
menghargaimu,menghargaimu
menghargaiku,menghargaiku
mengharapkan,mengharapkan
menghantuiku,menghantuiku
tabarakallah,tabarakallah
menghalalkan,menghalalkan
sesanggupnya,sesanggupnya
diapa-apakan,diapa-apakan
dibaik-baiki,dibaik-baiki
characternya,karakternya
skizoafektif,skizoafektif
menyimpulkan,menyimpulkan
dikembalikan,dikembalikan
silahturahmi,silahturahmi
meredakannya,meredakannya
melemahkanku,melemahkanku
multivitamin,multivitamin
multitasking,multitasking
multifinance,multifinance
pacarannikah,pacaran nikah
ngesubscribe,mengsubscribe
dipertemanan,di pertemanan
cape-capenya,lelahnya
gerd-anxiety,gerd anxiety
disepakatkan,disepakati
lika-likunya,lika-likunya
merasakannya,merasakannya
difficulties,difficulties
shifting-nya,shifting-nya
she/they/him,she/they/him
menghasilkan,menghasilkan
mengharuskan,mengharuskan
marahsendiri,marah sendiri
kerjaankarir,kerjaan karir
curtaincomma,curtain comma
dikendalikan,dikendalikan
dikembangkan,dikembangkan
sesungguhnya,sesungguhnya
miura-sensei,miura-sensei
geminifourth,geminifourth
memanjakanmu,memanjakanmu
memanipulasi,memanipulasi
memanggilnya,memanggilnya
memanfaatkan,memanfaatkan
memandangnya,memandangnya
memainkannya,memainkannya
mem-forecast,mem-forecast
melupakannya,melupakannya
motivational,motivational
menghentikan,menghentikan
symptoms-nya,symptoms-nya
menggerogoti,menggerogoti
menggemukkan,menggemukkan
insufferable,insufferable
unsupportive,unsupportive
unproductive,unproductive
unofficially,unofficially
neurotypical,neurotypical
sepesimistis,sepesimistis
hari-harinya,hari-harinya
kontradiktif,kontradiktif
demospongiae,demospongiae
tenagakadang,tenaga kadang
lwbsjwnajsbs,<noise>
seperjuangan,seperjuangan
keberadaanku,keberadaanku
kebelakangan,kebelakangan
awal-awalnya,awal-awalnya
dimensnional,dimensional
nendoroiddol,nendoroid doll
ngetik-ngeik,mengetik
pergidarimya,pergi darinya
breakdownnya,breakdown-nya
nanyangomong,nanya ngomong
pnglihatanku,penglihatanku
diperingatin,diperingatkan
disitukarena,di situ karena
mengkonsumsi,mengonsumsi
understimate,understimate
keberhasilan,keberhasilan
nymphomaniac,nymphomaniac
semua-muanya,semua-muanya
dewi.apalagi,dewi. apalagi
kepegunungan,ke pegunungan
dibahagiakan,dibahagiakan
dibandingkan,dibanding
narcissistic,narcissistic
menghadirkan,menghadirkan
memanjangkan,memanjangkan
instructions,instructions
menggangguku,menggangguku
menggagalkan,menggagalkan
sensitivitas,sensitivitas
deadline-nya,deadline-nya
nge-ghosting,nge-ghosting
nge-buzzerrp,nge-buzzerrp
berhentiinya,berhentinya
menitburpees,menit burpees
muhammadiyah,muhammadiyah
mouthwashing,mouthwashing
meluapkannya,meluapkannya
menghabiskan,menghabiskan
menggibahkan,menggibahkan
sembuhkanlah,sembuhkanlah
membahayakan,membahayakan
membagongkan,membagongkan
memanusiakan,memanusiakan
achievements,achievements
occasionally,occasionally
semengganggu,semengganggu
semengerikan,semengerikan
semenakutkan,semenakutkan
depreciating,depreciating
komunitasnya,komunitasnya
heartwarming,heartwarming
instrumental,instrumental
tanggepannya,tanggepannya
tanggapannya,tanggapannya
mengeringkan,mengeringkan
mengenalinya,mengenalinya
mengemukakan,mengemukakan
mengeluarkan,mengeluarkan
overthinking,overthinking
bagaimanapun,bagaimanapun
kisi-kisinya,kisi-kisinya
kewarasannya,kewarasannya
ketulusanlah,ketulusanlah
ditambah2kan,ditambah-tambahkan
self-control,self-control
self-blaming,self-blaming
conditioning,conditioning
self-healing,self-healing
nadaintonasi,nada intonasi
darderdornya,dar der dor nya
anabulmereka,anabul mereka
beraktifitas,beraktivitas
minum.antimo,minum. antimo
hskdhsjdehdk,<noise>
becandaannya,bercandanya
hatiandidate,hati andidate
dikit.kenapa,sedikit. kenapa
tomystar2ep8,tomystar2 ep8
mngedepankan,mengedepankan
naudzubillah,naudzubillah
aslamulaikum,assalamualaikum
berprevilage,berprivilege
mememikirkan,memikirkan
byar.pikiran,biar. pikiran
nevertheless,nevertheless
never-ending,never-ending
thoughts-nya,thoughts-nya
oversensitif,oversensitif
overreacting,overreacting
mengecewakan,mengecewakan
menge-scroll,menge-scroll
alhamdulilah,alhamdulilah
algoritmanya,algoritmanya
selangkangan,selangkangan
collectively,collectively
parentingnya,parentingnya
kondekturnya,kondekturnya
thantophobia,thantophobia
hepi-hepanya,hepi-hepanya
overwhelming,overwhelming
membangunkan,membangunkan
membanggakan,membanggakan
mengatasinya,mengatasinya
mengasingkan,mengasingkan
pecicilannya,pecicilannya
password-nya,password-nya
timeline-nya,timeline-nya
tiga-tiganya,tiga-tiganya
ketertarikan,ketertarikan
keterpurukan,keterpurukan
keterpukauan,keterpukauan
yangengalami,yang engalami
menganggapmu,menganggapmu
mengandalkan,mengandalkan
menganalisis,menganalisis
sekelilingku,sekelilingku
peliharaanku,peliharaanku
ciri-cirinya,ciri-cirinya
minggatbhkan,minggat bahkan
productivity,produktif
aktifitasnya,aktivitasnya
prmasalahkan,permasalahkan
overthingker,overthinker
bertubi-tubi,bertubi
bertekengkar,bertengkar
sehancur2nya,sehancur-hancurnya
berhalusiasi,berhalusinasi
tertinggalka,tertinggalka
pendampingan,pendampingan
pencemburuan,pencemburuan
pencapaianku,pencapaianku
pemerintahan,pemerintahan
pemeliharaan,pemeliharaan
word.kemarin,word. kemarin
hemodialisis,hemodialisis
ketololannya,ketololannya
keterampilan,keterampilan
mengelilingi,mengelilingi
tanya_seriua,tanya_seriua
sekelilingmu,sekelilingmu
escitalopram,escitalopram
mengantarnya,mengantarnya
mengantarkan,mengantarkan
menganjurkan,menganjurkan
pengalamanku,pengalamanku
allah.aamiin,allah. aamiin
membahagiaan,membahagiakan
cemasanxious,cemas anxious
nendoroidwig,nendoroid wig
conversation,conversation
selingkuhnya,selingkuhnya
pekerjaannya,pekerjaannya
kehilanganku,kehilanganku
keharmonisan,keharmonisan
membelakangi,membelakangi
terkecewakan,terkecewakan
membebaninya,membebaninya
membayangkan,membayangkan
unek-uneknya,unek-uneknya
exchange-nya,exchange-nya
pengelihatan,penglihatan
keterpaksaan,keterpaksaan
keterbatasan,keterbatasan
pembelajaran,pembelajaran
pembelaannya,pembelaannya
pemahamannya,pemahamannya
inconsistent,inconsistent
unacceptable,unacceptable
individualis,individualis
kejahatannya,kejahatannya
kesudahannya,kesudahannya
cenderungnya,cenderungnya
pengecualian,pengecualian
pengantinnya,pengantinnya
pengangguran,pengangguran
penganggaran,penganggaran
penerapannya,penerapannya
penderitanya,penderitanya
mengalaminya,mengalaminya
kesehatannya,kesehatannya
aktivitasnya,aktivitasnya
tenangkanlah,tenangkanlah
meng-trigger,meng-trigger
meng-retweet,meng-retweet
tenggorokkan,tenggorokkan
tenggelamkan,tenggelamkan
keseharianku,keseharianku
campursarian,campursarian
penyimpangan,penyimpangan
penyemprotan,penyemprotan
teammatesnya,teammates nya
dissapointed,disappointed
membersihkan,membersihkan
memberitakan,memberitakan
memberanikan,memberanikan
membenturkan,membenturkan
perbandingan,perbandingan
anxiety.cara,anxiety. cara
menasehatiku,menasehati
ᅠᅠᅠᅠᅠmungkin,mungkin
notification,notifikasi
tempramental,temperamental
mereka.sakit,mereka. sakit
enakantegaan,enakan tegaan
wattpadnovel,wattpad novel
mrngecewakan,mengecewakan
sekencangnya,sekencangnya
pelajarannya,pelajarannya
perlakuannya,perlakuannya
perkembangan,perkembangan
perkampungan,perkampungan
staysloveskz,stays loveskz
wkwkwkwkwkwk,<noise>
pembuatannya,pembuatannya
pembicaranya,pembicaranya
penjiwaannya,penjiwaannya
mengajarinya,mengajarinya
cekikikannya,cekikikannya
perekonomian,perekonomian
percintaanku,percintaanku
perbuatannya,perbuatannya
perbedaannya,perbedaannya
meng-counter,meng-counter
menertawakan,menertawakan
gtumengingat,gitu mengingat
pede.padahal,pede. padahal
grogianxious,grogi anxious
segerombolan,segerombolan
penetralisir,penetralisir
kesengsaraan,kesengsaraan
kesempurnaan,kesempurnaan
kesempatanku,kesempatanku
mendistraksi,mendistraksi
mendiagnosis,mendiagnosis
mendewasakan,mendewasakan
keputusasaan,keputusasaan
permintaanku,permintaanku
permasalahan,permasalahan
perlindungan,perlindungan
perlengkapan,perlengkapan
perempuannya,perempuannya
perpustakaan,perpustakaan
menderitanya,menderitanya
mendengarnya,mendengarnya
mendengarkan,mendengarkan
unmanageable,unmanageable
ungkapkannya,ungkapkannya
perpanjangan,perpanjangan
hopelessness,hopelessness
traktirannya,traktirannya
traitsymptom,traitsymptom
kesampingkan,kesampingkan
sensitifitas,sensitivitas
beraktipitas,beraktivitas
ganteng.kita,ganteng. kita
dilapanganya,di lapangannya
platonically,platonically
keluarga.tpi,keluarga. tapi
mengenaldiri,mengenal diri
mendayu-dayu,mendayu-dayu
insomnia-nya,insomnia-nya
keresahannya,keresahannya
kerongkongan,kerongkongan
berpisahtapi,berpisah tapi
di sela-sela,di sela-sela
sebergantung,sebergantung
toktoktoktok,toktoktoktok
menerjangnya,menerjangnya
menemukannya,menemukannya
mendukungnya,mendukungnya
mencurigakan,mencurigakan
mencintainya,mencintainya
melawanydiam,melawannya diam
treatmentnya,treatment nya
butterscotch,butterscotch
performa-nya,performa-nya
persembahkan,persembahkan
perselisihan,perselisihan
persahabatan,persahabatan
postgraduate,postgraduate
feminismenya,feminismenya
menceritakan,menceritakan
mencerdaskan,mencerdaskan
terbawa-bawa,terbawa-bawa
terbangkalai,terbangkalai
mencari-cari,mencari-cari
mencantumkan,mencantumkan
mencampurnya,mencampurnya
kaget-kaget,kaget-kaget
jedug-jedug,jedug-jedug
beres-beres,beres-beres
berdasarkan,berdasarkan
bercanda-in,bercanda-in
berharapkan,berharapkan
berharaplah,berharaplah
gila-gilaan,gila-gilaan
sekali-kali,sekali
suka.kadang,suka. kadang
terpecahkan,terpecahkan
terpatahkan,terpatahkan
abang-abang,abang-abang
abandonment,abandonment
berhasilnya,berhasilnya
journalling,journalling
tahajjudnya,tahajudnya
ngebangunin,membangunkan
dikhianatin,dikhianati
tipsnutrisi,tips nutrisi
autismeadhd,autisme ADHD
diperlakuin,diperlakukan
suara-suara,suara
mwehehehehe,<noise>
istri.terus,istri. terus
unsur-unsur,unsur
hwhwuhauheu,<noise>
bahas-bahas,bahas
moodbooster,mood booster
piskiatater,psikiater
ngelipetnya,melipatnya
prioritasin,prioritaskan
h-arassment,harassment
listeningku,listening-ku
dikasihanin,dikasihani
malem-malem,malam-malam
andkenpachi,and kenpachi
gantengcool,ganteng cool
seram-seram,seram
katanyacape,katanya capek
bantu-bantu,bantu
mikirkannye,memikirkannya
ngerekminta,ngerekam minta
autismadult,autism adult
kecewakayak,kecewa kayak
ditinggalin,ditinggalkan
midroamgold,mindroom gold
scarlonging,scar longing
relievednya,relieved-nya
darimananya,dari mananya
bgt.apalagi,bgt. apalagi
diintrogasi,diinterogasi
mengahadapi,menghadapi
perpendapat,berpendapat
psikolog.ap,psikolog. apa
merekasiapa,mereka siapa
koreataiwan,korea taiwan
dengerinnya,dengerin nya
ramai-ramai,ramai
bnyak-bnyak,banyak-banyak
ngajarinnya,mengajarinya
prtandingan,pertandingan
bulak-balik,bolak-balik
friendkakak,friend kakak
merah-hijau,merah hijau
dipikiranku,di pikiranku
innatentive,inattentive
keluarga.im,keluarga. im
disela-sela,di sela-sela
tahiyatkena,tahiyat kena
kerja.sudah,kerja. sudah
tweet-tweet,tweet
telanjangin,telanjangi
overthinkin,overthinking
hampakosong,hampa kosong
anxiety.nya,anxiety. nya
difikiranku,di pikiranku
kesempaatan,kesempatan
mabok-mabok,mabuk-mabuk
neverending,never-ending
sensasi2nya,sensasi-sensasinya
takes-takes,takes
pikir-pikir,pikir
video-video,video
mempamerkan,memamerkan
sobat-sobat,sahabat
mengijinkan,mengizinkan
tmn2seperti,teman-teman seperti
menganalisa,menganalisis
bapa.sumpah,bapa. sumpah
ngeanalisis,menganalisis
narasihabis,narasi habis
aktivitas.m,aktivitas. m
menghianati,mengkhianati
mana-managa,ke mana-mana
canggung2an,canggung2 an
kmrin-kmrin,kemarin-kemarin
puas-puasin,puas
dollcosplay,doll cosplay
sejujur2nya,sejujur-jujurnya
.ditulisnya,. ditulisnya
diarahinnya,diarahin nya
senin-jumat,senin jumat
dipresi2oi2,depresi
sedihsayang,sedih sayang
dipelajarin,dipelajari
subuh-subuh,subuh
makhluk-nya,makhluknya
siang-siang,siang
crashingout,crashing out
kburukannya,keburukannya
ngerhargain,menghargai
ngarepinnya,mengharapkannya
selingkuhin,selingkuh
inajinasiku,imajinasiku
kbawa-kbawa,kebawa-kebawa
anxietybbrp,anxiety bbrp
menderitany,menderitanya
hahhahahaha,hahahaha
merndahknku,merendahkanku
sukur-sukur,bersyukur
rasakan.hrs,rasakan. harus
matihidupin,mati hidupin
ngelemparin,melempari
self-esteem,rendah diri
ovetingking,overthinking
kenalketemu,kenal ketemu
sini.bayang,sini. bayang
dimanfaatin,dimanfaatkan
obat.karena,obat. karena
reachoutnya,reach out-nya
ngebersihin,membersihkan
setan-setan,setan feminis
wkwkwkwkwkw,<noise>
soundsystem,sound system
awokaowkkao,<noise>
pisikomatis,psikosomatis
kasar.pergi,kasar. pergi
ngeringanin,meringankan
susah-susah,susah
gadipikirin,gak dipikirkan
sihirsantet,sihir santet
pressurenya,tekanan
ginipokonya,gini pokoknya
zarathustra,zarathustra
berekspresi,berekspresi
ribut-ribut,ribut
sembu-sembu,semu
ngehancurin,menghancurkan
desakampung,desa kampung
guaterutama,gue terutama
menikah.sdh,menikah. sudah
dinyinyirin,dinyinyiri
dipermaluin,dipermalukan
mendiagnosa,mendiagnosis
itung-itung,hitung-hitung
gadibolehin,gak dibolehkan
selfreflect,self reflect
jaman-jaman,zaman-zaman
dihubungakn,dihubungkan
kejelekanku,kejelekanku
zaman-zaman,zaman-zaman
yapping-nya,yapping-nya
jerit-jerit,jerit-jerit
jepretannya,jepretannya
jeonnamchin,jeonnamchin
memilikinya,memilikinya
frustrating,frustrating
memfokuskan,memfokuskan
kuat.pengen,kuat. pengen
tuakeluarga,tua keluarga
hahshshshsh,<noise>
termotivasi,termotivasi
masukkannya,masukkannya
masuk-masuk,masuk-masuk
joget-joget,joget-joget
berkelompok,berkelompok
berkeliaran,berkeliaran
berkelakuan,berkelakuan
berat-berat,berat-berat
berkualitas,berkualitas
berbenturan,berbenturan
coolyeahnya,coolyeah nya
adhdautisme,adhd autisme
didongengin,didongengi
jujur-jujur,jujur-jujur
remembering,remembering
berhubungan,berhubungan
berhentinya,berhentinya
replaceable,replaceable
impulsively,impulsively
kejiwaannya,kejiwaannya
terdiagnosa,terdiagnosa
memperburuk,memperburuk
memenuhinya,memenuhinya
engga-engga,enggak-enggak
kerja.kluar,kerja. keluar
isekaidunia,isekai dunia
gigit-gigit,gigit-gigit
matrikulasi,matrikulasi
mati-matian,mati-matian
abis-abisan,abis-abisan
wishlist-ku,wishlist-ku
kakak-kakak,kakak-kakak
jelas-jelas,jelas-jelas
jejak-jejak,jejak-jejak
berkeringat,berkeringat
berkeluarga,berkeluarga
movieseries,movie series
tidur-tidur,tidur
dikecawakan,dikecewakan
berjalannya,berjalannya
berjuangnya,berjuangnya
improvement,improvement
ugal-ugalan,ugal-ugalan
bermajorkan,bermajorkan
beranggapan,beranggapan
bermunculan,bermunculan
regressions,regressions
refreshment,refreshment
berpendapat,berpendapat
berpegangan,berpegangan
berpasangan,berpasangan
terealisasi,terealisasi
imajinasiku,imajinasiku
kekenyangan,kekenyangan
kekayaannya,kekayaannya
impulsifnya,impulsifnya
berafirmasi,berafirmasi
mempercayai,mempercayai
memedulikan,memedulikan
membutuhkan,membutuhkan
berkorelasi,berkorelasi
prbandingan,perbandingan
keterpurukn,keterpurukan
rahim-rahim,rahim
kefosbsosan,<noise>
wkwkskkwkwk,<noise>
trichotillo,trichotillomania
deadlinenya,deadline nya
berprestasi,berprestasi
retrospeksi,retrospeksi
bersembunyi,bersembunyi
bersembilan,bersembilan
bersemangat,bersemangat
memuntahkan,memuntahkan
memunculkan,memunculkan
memperbaiki,memperbaiki
sehat-sehat,sehat
jealous-nya,jealous-nya
kalem-kalem,kalem-kalem
kalau-kalau,kalau-kalau
kakek-kakek,kakek-kakek
kelahiranku,kelahiranku
kekuatannya,kekuatannya
kekhusyukan,kekhusyukan
kemanusiaan,kemanusiaan
kemaksiatan,kemaksiatan
membuktikan,membuktikan
sayangcinta,sayang cinta
nanganinnya,menanganinya
hahahahahha,hahaha
dikendaliin,dikendalikan
bapak-bapak,bapak
berkomentar,berkomentar
berkolerasi,berkolerasi
berlanjutan,berlanjutan
berlangsung,berlangsung
beradaptasi,beradaptasi
berperilaku,berperilaku
berpengawet,berpengawet
berpengaruh,berpengaruh
asyik-asyik,asyik
ngenaliinya,mengenalinya
statusstory,status story
mempelopori,mempelopori
mempelajari,mempelajari
meminjamkan,meminjamkan
kelakuannya,kelakuannya
mempertegas,mempertegas
mempersulit,mempersulit
memperparah,memperparah
mempermudah,mempermudah
terdekatnya,terdekatnya
forecasting,forecasting
bersentuhan,bersentuhan
ricocheting,ricocheting
kemelekatan,kemelekatan
membosankan,membosankan
membolehkan,membolehkan
kelar-kelar,kelar-kelar
bersujudlah,bersujudlah
berstandart,berstandart
bertanggung,bertanggung
recommended,recommended
reassurance,reassurance
rintihannya,rintihannya
terburuknya,terburuknya
memvalidasi,memvalidasi
terindikasi,terindikasi
adik-adikku,adik-adikku
memukulinya,memukulinya
anxiety-nya,anxietynya
ribet-ribet,ribet
benar-benar,benar-benar
belum-belum,belum-belum
betul-betul,betul-betul
rahmatullah,rahmatullah
questioning,questioning
biasa-biasa,biasa-biasa
keluarganya,keluarganya
mentangsaya,mentang-mentang saya
silatkarate,silat karate
dipikiranmu,di pikiranmu
hswshshwhsh,<noise>
tusuk-tusuk,tusuk
mengatasani,mengatasi
geter-geter,getar-getar
gagal-gagal,gagal-gagal
gadis-gadis,gadis-gadis
kementerian,kementerian
kemenkeuham,kemenkeuham
menayangkan,menayangkan
teriakannya,teriakannya
semuamuanya,semua-muanya
degdegannya,deg-degannya
rajaikantwt,raja ikan twt
memuji-muji,memuji-muji
memproduksi,memproduksi
agoraphobia,agoraphobia
tercerahkan,tercerahkan
terjemahkan,terjemahkan
terjalankan,terjalankan
berulangnya,berulangnya
besok-besok,besok-besok
betah-betah,betah-betah
lain.bujang,lain. bujang
sdbhjbshjbs,<noise>
kuliah-koas,kuliah koas
dokumentari,dokumenter
kelimpungan,kelimpungan
ikhaskanlah,ikhaskanlah
ikut-ikutan,ikut-ikutan
kelas-kelas,kelas-kelas
psikoterapi,psikoterapi
hypersexual,hypersexual
hyperactive,hyperactive
kenapa-napa,kenapa-napa
kenangannya,kenangannya
kenal-kenal,kenal-kenal
kemungkinan,kemungkinan
kemudiannya,kemudiannya
membiasakan,membiasakan
menangisnya,menangisnya
menangislah,menangislah
menanganiku,menanganiku
menampilkan,menampilkan
menambahkan,menambahkan
fisioterapi,fisioterapi
menaklukkan,menaklukkan
menabrakkan,menabrakkan
proshippers,proshippers
prosedurnya,prosedurnya
proposalnya,proposalnya
bibit-bibit,bibit-bibit
moodswingku,mood swing-ku
obsesicinta,obsesi cinta
ujian-ujian,ujian
dimana-mana,di mana-mana
mana2kadang,mana-mana kadang
ditinggalkn,ditinggalkan
dtinggalkan,ditinggalkan
...........,<noise>
penghilatan,penglihatan
rantaihewan,rantai hewan
brfkikirapa,brfkikir apa
diselamatin,diselamatkan
dilakukanya,dilakukannya
se-disayang,disayang
pilih-pilih,pilih
diseorangin,diseorangan
membodohkan,membodohkan
membisikkan,membisikkan
membiayakan,membiayakan
rumahtangga,rumahtangga
bikin-bikin,bikin-bikin
psychiatric,psychiatric
problematik,problematik
bloodhounds,bloodhounds
hujan-hujan,hujan-hujan
kepribadian,kepribadian
traumatized,traumatized
transparent,transparent
kepercayaan,kepercayaan
keperawatan,keperawatan
keperawanan,keperawanan
kepentingan,kepentingan
kepemilikan,kepemilikan
finansialku,finansialku
allahuakbar,allahu akbar
bodyshaming,bodyshaming
potongannya,potongannya
postinganku,postinganku
mencintaiku,mencintaiku
femamphilar,femamphilar
mencharging,mencharging
mencetuskan,mencetuskan
sagittarius,sagittarius
dikerumunin,dikerumuni
akuanything,aku anything
sadar-sadar,sadar
ndjdjnskjdj,<noise>
semangatnya,semangat
anak2ku.klo,anak2ku. klo
wkwkwkwkkwk,<noise>
punggungnya,punggungnya
pianjingeun,pianjingeun
philophobia,philophobia
pessimistic,pessimistic
kepanjangan,kepanjangan
triak-triak,teriak
muter-muter,mutar-mutar
disekitaran,di sekitaran
kuatdtdtdhg,<noise>
financially,financially
terbesarnya,terbesarnya
terbelenggu,terbelenggu
terbayarkan,terbayarkan
preparation,preparation
predikatnya,predikatnya
bocil-bocil,bocil-bocil
practically,practically
jir.mksdnya,anjir. maksudnya
permudahkan,permudah
ilang-ilang,hilang-hilang
wahhmencari,wah mencari
bisik-bisik,bisik-bisik
profesional,profesional
proclaiming,proclaiming
bela-belaan,bela-belaan
boleh-boleh,boleh-boleh
bolak-balik,bolak-balik
possibility,possibility
posibilitas,posibilitas
behavioural,behavioural
saranghaeyo,saranghaeyo
popularitas,popularitas
pimpinannya,pimpinannya
mendampingi,mendampingi
terasingkan,terasingkan
mencurahkan,mencurahkan
mencubitnya,mencubitnya
menciptakan,menciptakan
mencintaimu,mencintaimu
brinteraksi,brinteraksi
sariawannya,sariawannya
pertolongan,pertolongan
pertengahan,pertengahan
bruntunglah,bruntunglah
menceramahi,menceramahi
pules-pules,pules
tugas-tugas,tugas
kedengernya,kedengarannya
perempuanya,perempuan
inshaaallah,insyaallah
diemngerasa,diam merasa
awoakwoakwo,<noise>
mncridiriku,mencari diriku
tidak-tidak,tidak
ringtonenya,ringtone-nya
tikus-tikus,tikus
ngtur-ngtur,ngatur-ngatur
ngejatuhkan,menjatuhkan
panicattack,panic attack
tahan-tahan,tahan
ngebookmark,menge-bookmark
trenggiling,trenggiling
hypersomnia,hypersomnia
presidennya,presidennya
presensinya,presensinya
bolos-bolos,bolos-bolos
beda-bedaan,beda-bedaan
pertanggung,pertanggung
pertahankan,pertahankan
karya-karya,karya-karya
karu-karuan,karu-karuan
janji-janji,janji-janji
kardashians,kardashians
karakternya,karakternya
kapok-kapok,kapok-kapok
whistledown,whistledown
website-nya,website-nya
instability,instability
kedepresian,depresi
duitkerjaan,duit pekerjaan
sampe-sampe,sampai
scaredy-cat,scaredy-cat
personality,personality
persetujuan,persetujuan
persetankan,persetankan
akal-akalan,akal-akalan
akademiknya,akademiknya
fashionable,fashionable
mendekatkan,mendekatkan
brsyukurlah,brsyukurlah
anniversary,perayaan
saja.semoga,saja. semoga
minimalisir,meminimalkan
bukutulisan,buku tulisan
menceraikan,menceraikan
mencemaskan,mencemaskan
mencekamnya,mencekamnya
transferkan,transferkan
tradisional,tradisional
kesalahanku,kesalahanku
kesal-kesal,kesal-kesal
hubungannya,hubungannya
kapitalisme,kapitalisme
ngelihatnya,melihatnya
gabisa-bisa,tidak bisa
pihak-pihak,pihak
kegelisahan,kegelisahan
kegantengan,kegantengan
mendebarkan,mendebarkan
mendapatkan,mendapatkan
persyaratan,persyaratan
perspective,perspective
scoring-nya,scoring-nya
bunda-bunda,bunda-bunda
seakan-akan,seakan-akan
kegilaannya,kegilaannya
menanggapin,menanggapi
hahahahhaha,hahahaha
tahun-tahun,tahun
pertempuran,pertempuran
pertarungan,pertarungan
pertanyakan,pertanyakan
beda-bedain,beda-bedain
unknowingly,unknowingly
universitas,universitas
buka-bukaan,buka-bukaan
bulan-bulan,bulan-bulan
kesedihanku,kesedihanku
transgender,transgender
kebaikan-mu,kebaikanmu
nendapatkan,mendapatkan
sekarangpun,sekarang pun
kapasitasku,kapasitasku
jaringannya,jaringannya
jari-jariku,jari-jariku
buang-buang,buang-buang
menegangkan,menegangkan
mendominasi,mendominasi
ter-comfort,ter-comfort
terakhirnya,terakhirnya
terakhirlah,terakhirlah
keren-keren,keren-keren
screenshots,screenshots
bully-bully,bully-bully
perlihatkan,perlihatkan
sebaik-baik,sebaik-baik
sebagiannya,sebagiannya
sebagaimana,sebagaimana
bayanginnya,bayanginnya
peringatkan,peringatkan
perilakunya,perilakunya
perhitungan,perhitungan
butuh-butuh,butuh-butuh
membencinya,membencinya
attackcemas,attack cemas
cantikseksi,cantik seksi
ngegapinnya,memergokinya
exchangenya,exchange-nya
ke-suksesan,kesuksesan
momeninggal,mau meninggal
dipundaknya,di pundaknya
fabercastel,fabercastel
membesarkan,membesarkan
memberontak,memberontak
memberitahu,memberitahu
membereskan,membereskan
perkumpulan,perkumpulan
manipultaif,manipulatif
progressnya,progress-nya
semata-mata,pemikiran
kegiatannya,kegiatannya
insecure-ku,insecure-ku
insecure-an,insecure-an
unmotivated,unmotivated
perkantoran,perkantoran
perjuangkan,perjuangkan
buru-buruin,buru-buruin
bapak2ibuk2,bapak2 ibuk2
rekan-rekan,rekan
dibayang2in,dibayang-bayangi
diantaranya,di antaranya
ngeberontak,memberontak
wamil-wamil,wamil
menerimanya,menerimanya
menenangkan,menenangkan
menemukanku,menemukanku
menempatkan,menempatkan
perempuanku,perempuanku
perdagangan,perdagangan
cabe-cabean,cabe-cabean
percentages,percentages
meng-assist,meng-assist
menetralkan,menetralkan
keserakahan,keserakahan
kesepiannya,kesepiannya
kesenjangan,kesenjangan
kesendirian,kesendirian
keselamatan,keselamatan
kesehatanmu,kesehatanmu
kesehatanku,kesehatanku
aktualisasi,aktualisasi
aktivitasku,aktivitasku
explanation,explanation
experienced,experienced
butterflies,butterflies
kecapminyak,kecap minyak
kdang-kdang,kadang-kadang
psikiaterku,psikiater
dibesar2kan,dibesar-besarkan
penyebabnya,penyebabnya
penyakitnya,penyakitnya
capek-capek,capek-capek
penunggunya,penunggunya
excessively,excessively
memberatkan,memberatkan
perhatianku,perhatian
rollerskate,roller skate
dipemakaman,di pemakaman
melampiaskn,melampiaskan
brokenheart,broken heart
pengenlulus,pengin lulus
perkuliahan,perkuliahan
perkonseran,perkonseran
perkenalkan,perkenalkan
perkelahian,perkelahian
orangtuanya,orang tuanya
diliat-liat,dilihat-lihat
sakitbanget,sakit banget
gerogigugup,grogi gugup
dipinggiran,di pinggiran
papih-mamih,papih mamih
pergi-pergi,pergi-pergi
performance,performance
perencanaan,perencanaan
sebegitunya,sebegitunya
meng-handle,meng-handle
penyumbatan,penyumbatan
penyesuaian,penyesuaian
penyembuhan,penyembuhan
penyemangat,penyemangat
seberuntung,seberuntung
seberapapun,seberapapun
calon-calon,calon-calon
mengajaknya,mengajaknya
mengagetkan,mengagetkan
expectation,expectation
existential,existential
mengademkan,mengademkan
mengada-ada,mengada-ada
mengaburkan,mengaburkan
mengabulkan,mengabulkan
mengabarkan,mengabarkan
penjahatnya,penjahatnya
peningkatan,peningkatan
extroverted,extroverted
ampun.semua,ampun. semua
stresstelat,stres telat
pengorbanan,pengorbanan
pengmas-nya,pengmas-nya
penglihatan,penglihatan
pengkhianat,pengkhianat
cekit-cekit,cekit-cekit
cegil-cegil,cegil-cegil
pengidapnya,pengidapnya
penghuninya,penghuninya
sedeg-degan,sedeg-degan
penghidupan,penghidupan
examination,examination
ngereactnya,menangggapinya
decisionnya,decision nya
psikaternya,psikiaternya
memberantas,memberantas
membentengi,membentengi
celammanyea,celammanyea
pengharapan,pengharapan
penghapusan,penghapusan
penggendong,penggendong
pengetahuan,pengetahuan
pengepungan,pengepungan
peninggalan,peninggalan
healing2nya,healing-healingnya
terimakasih,terima kasih
stresscapek,stres capek
rtliketweet,rt like tweet
mengabaikan,mengabaikan
meng-update,meng-update
aktif-aktif,aktif-aktif
tenggorokan,tenggorokan
pengulangan,pengulangan
challenging,challenging
pendewasaan,pendewasaan
mengalahkan,mengalahkan
mengakuinya,mengakuinya
penghiburmu,penghiburmu
bagus-bagus,bagus
ngebiasaiin,membiasakan
ex-avoidant,ex-avoidant
mengajarnya,mengajarnya
mengajarkan,mengajarkan
temperament,temperament
kejadiannya,kejadiannya
hipnoterapi,hipnoterapi
kesetrumnya,kesetrumnya
tongkrongan,tongkrongan
cemas-cemas,cemas-cemas
bersin2tiap,bersin-bersin tiap
strugglenya,struggle
sepersenpun,sepersen pun
setengahnya,setengah
ttaumatized,traumatized
pengurusnya,pengurusnya
pengurangan,pengurangan
pengunduran,pengunduran
pengumpulan,pengumpulan
pengeluaran,pengeluaran
pengawasnya,pengawasnya
certificate,certificate
sehancurnya,sehancurnya
cewek-cewek,cewek-cewek
penerbangan,penerbangan
penenangnya,penenangnya
seindonesia,seindonesia
sehari-hari,sehari-hari
penderitaan,penderitaan
pendapatnya,pendapatnya
ketawa-tawa,ketawa-tawa
ketar-ketir,ketar-ketir
tindakannya,tindakannya
hipertiroid,hipertiroid
hipersomnia,hipersomnia
sefrekuensi,sefrekuensi
menggrogoti,menggerogoti
wkwkwkwkwwk,<noise>
mngurungkan,mengurungkan
macem-macem,macam-macam
ngopikurang,ngopi kurang
kreatifitas,kreativitas
chat-chatan,chat-chatan
pencerminan,pencerminan
penat-penat,penat-penat
penampungan,penampungan
pemimpinnya,pemimpinnya
pemikiranku,pemikiranku
membenarkan,membenarkan
problematic,problematik
dulumikirin,dulu mikirin
separah2nya,separah-parahnya
penghasilan,penghasilan
kejambretan,kejambretan
independent,independent
individunya,individunya
ganti-ganti,ganti-ganti
undiagnosed,undiagnosed
mengasihani,mengasihani
teletubbies,teletubbies
mengarahkan,mengarahkan
ketakutanku,ketakutanku
anget-anget,hangat
seenggaknya,setidaknya
sakit.karna,sakit. karena
barengannya,barengannya
barangkalih,barangkalih
cepat-cepat,cepat-cepat
cenut-cenut,cenut-cenut
inattentive,inattentive
kejar-kejar,kejar-kejar
kejanggalan,kejanggalan
pendaftaran,pendaftaran
chatting-an,chatting-an
knapa-knapa,kenapa-kenapa
depressedgw,depressed gw
depresi2nya,depresi-depresinya
dl.hebatnya,dulu. hebatnya
membebaskan,membebaskan
terkalahkan,terkalahkan
terjerembab,terjerembab
membebankan,membebankan
pembantunya,pembantunya
pembantaian,pembantaian
pembangunan,pembangunan
pemantiknya,pemantiknya
pemandangan,pemandangan
cinta-cinta,cinta-cinta
pelindungku,pelindungku
essentially,essentially
histerisnya,histerisnya
hipokondria,hipokondria
incompetent,incompetent
peliharalah,peliharalah
citizenship,citizenship
cita-citaku,cita-citaku
pelariannya,pelariannya
ckckckckckc,ckckckckckc
pelan-pelan,pelan-pelan
sekolah-nya,sekolah-nya
pelampiasan,pelampiasan
pekerjaanku,pekerjaanku
pegal-pegal,pegal-pegal
error-error,error-error
pemerkosaan,pemerkosaan
depresotnya,depresot nya
membangkang,membangkang
pedas-pedas,pedas-pedas
keannatarra,keannatarra
keamanannya,keamanannya
keajaibanmu,keajaibanmu
was-wes-wos,was-wes-wos
keadilannya,keadilannya
ke-distract,ke-distract
mengangkang,mengangkang
senin-kamis,senin kamis
tanda-tanda,tanda
dipermainin,dipermainkan
terusmereka,terus mereka
perasaannya,perasaan
kmana-kmana,ke mana-mana
ketahuannya,ketahuannya
keterikatan,keterikatan
hilanginnya,hilanginnya
keteledoran,keteledoran
technically,technically
underweight,underweight
diomelinnya,diomeli olehnya
ngelemburin,melemburkan
hopelesness,hopelessness
obsessionku,obsesiku
pemeriksaan,pemeriksaan
chronically,chronically
pembicaraan,pembicaraan
pemberkasan,pemberkasan
membatalkan,membatalkan
gaslighting,gaslighting
garis-garis,garis-garis
banding2kan,banding-bandingkan
insekyuriti,insecurity
reply-reply,reply
anxietylagi,anxiety lagi
kluar-kluar,keluar-keluar
mengancamku,mengancamku
mengaminkan,mengaminkan
teman-teman,teman-teman
mengalihkan,mengalihkan
cnbluentity,cnbluentity
coincidence,coincidence
pascatrauma,pascatrauma
pasangannya,pasangannya
pasal-pasal,pasal-pasal
timeline-ku,timeline-ku
keterlaluan,keterlaluan
kehidupanku,kehidupanku
kehal-kehal,kehal-kehal
innalillahi,innalillahi
equilibrium,equilibrium
alhmdulialh,alhmdulialh
algoritmaya,algoritmaya
telantarkan,telantarkan
selanjutnya,selanjutnya
collections,collections
partisipasi,partisipasi
combination,combination
parah-parah,parah-parah
paracetamol,paracetamol
communicate,communicate
jalan-jalan,jalan-jalan
deket-deket,dekat-dekat
pandanganku,pandanganku
selingkuhan,selingkuhan
self-hatred,self-hatred
self-growth,self-growth
panas-panas,panas-panas
palpitation,palpitation
consistency,consistency
consequence,consequence
consciously,consciously
controlling,controlling
pakai-pakai,pakai-pakai
tayangannya,tayangannya
secapek2nya,secapek-capeknya
ujung-ujung,ujung
reality-nya,realitas
kehidupanmu,kehidupanmu
turun-turun,turun
menfasebase,<noise>
perpaypalan,per-paypal-an
dikamar.ada,di kamar. ada
balik-balik,balik
uring-uring,uring
prtimbangan,pertimbangan
romantizing,romanticizing
smbuhkanlah,sembuhkanlah
alternative,alternatif
keanxietyan,anxiety
-slvi_rhmti, <noise>
jajan-jajan,jajan-jajan
kawan-kawan,kawan-kawan
kasih-kasih,kasih-kasih
karyawannya,karyawannya
mengecilkan,mengecilkan
pahit-pahit,pahit-pahit
corat-coret,corat-coret
coparenting,coparenting
paham-paham,paham-paham
pagi-pagian,pagi-pagian
correlating,correlating
coret-coret,coret-coret
overwhelmed,overwhelmed
encountered,encountered
mengerjakan,mengerjakan
mengendarai,mengendarai
comfortable,comfortable
capek.punya,capek. punya
tuameskipun,tua meskipun
rasagagasan,rasa gagasan
oversharing,oversharing
tervalidasi,tervalidasi
terutamanya,terutamanya
kirim-kirim,kirim-kirim
khawatirnya,khawatirnya
khawatirkan,khawatirkan
kewarasanku,kewarasanku
pajak-pajak,pajak-pajak
adaptcoping,adapt coping
gatel-gatel,gatal-gatal
terpikirkan,terpikir
perhatianny,perhatiannya
saya.pernah,saya. pernah
tasikmalaya,tasikmalaya
environment,environment
entertainer,entertainer
terkhianati,terkhianati
membalikkan,membalikkan
membalasnya,membalasnya
mengenalkan,mengenalkan
akhir-akhir,akhir
kehawatiran,kekhawatiran
kwkwjsksjwk,<noise>
dikerubutin,dikerubuti
compliments,compliments
complicated,complicated
panggungnya,panggungnya
concern-nya,concern-nya
enlightened,enlightened
mengeluhkan,mengeluhkan
sembarangan,sebarangan
overthinker,overthinker
boiyendesta,boiyen desta
ngescrollin,menge-scroll
pasrahbukan,pasrah bukan
sekolah.dan,sekolah. dan
tetangganya,tetangganya
ketinggalan,ketinggalan
hewan-hewan,hewan-hewan
ketertawaan,ketertawaan
badut-badut,badut-badut
badan-badan,badan-badan
semena-mena,semena-mena
sembunyikan,sembunyikan
orang-orang,orang-orang
opportunity,opportunity
opening-nya,opening-nya
mengesankan,mengesankan
mengertinya,mengertinya
mengertilah,mengertilah
enak-enakan,enak-enakan
ontek-ontek,ontek-ontek
olahraganya,olahraganya
ogah-ogahan,ogah-ogahan
obat-obatan,obat-obatan
nyut-nyutan,nyut-nyutan
nyembunyiin,nyembunyiin
nyembuhinya,nyembuhinya
nyemangatin,nyemangatin
kewajibanku,kewajibanku
ngegaslight,men-gaslight
kamarkangen,kamar kangen
negativenya,negatifnya
takterbatas,tak terbatas
di-diagnosa,didiagnosis
disandingin,disandingkan
kamis-jumat,kamis jumat
kawinikahhj,kawin nikah
cewek.gimna,cewek. gimna
responsible,bertanggung jawab
membtuhknku,membutuhkanku
passwordnya,password-nya
jazakallohu,jazakallahu
dirisendiri,diri sendiri
tanya-tanya,tanya
tanggapanya,tanggapannya
mengenakkan,mengenakkan
mengeluhlah,mengeluhlah
allohuakbar,allohuakbar
tante-tante,tante-tante
cowok-cowok,cowok-cowok
outsourcing,outsourcing
organ-organ,organ-organ
semi-broken,semi-broken
notabenenya,notabenenya
nongs-nongs,nongs-nongs
nomor-nomor,nomor-nomor
dagangannya,dagangannya
nikah-nikah,nikah-nikah
ngos-ngosan,ngos-ngosan
ngomentarin,ngomentarin
dalam-dalam,dalam-dalam
ngira-ngira,ngira-ngira
nggih-nggih,nggih-nggih
gatekeeping,gatekeeping
robek-robek,robek
konsekuensi,konsekuensi
konglomerat,konglomerat
healing-nya,healing-nya
komentarnya,komentarnya
komen-komen,komen-komen
heartbroken,heartbroken
terwujudkan,terwujudkan
terwakilkan,terwakilkan
interaction,interaction
intelligent,intelligent
nunda-nunda,nunda-nunda
teman.rasax,teman. rasanya
molar-molor,molor-molor
dibandingin,dibandingkan
ashfuwuwuwu,<noise>
hemodialisa,hemodialisa
minumtremor,minum tremor
5o0-1jthari,500 sampai 1 juta per hari
gitu.selalu,gitu. selalu
marahkecewa,marah kecewa
zikirkurang,zikir kurang
dipraktikin,dipraktikkan
perhitungin,memperhitungkan
smngt-smngt,semangat
dipostingan,di postingan
rrmembering,remembering
capek-tidur,capek tidur
gatal-gatal,gatal-gatal
memasangnya,memasangnya
achievement,achievement
terlahirkan,terlahirkan
ngehindarin,ngehindarin
sempoyongan,sempoyongan
embarrassed,embarrassed
emotionless,emotionless
emotionally,emotionally
mengetiknya,mengetiknya
mengetawain,mengetawain
ngehilangin,ngehilangin
ngeghosting,ngeghosting
ngedengerin,ngedengerin
ngebayangin,ngebayangin
daydreaming,daydreaming
sentimental,sentimental
ngevalidasi,ngevalidasi
seringstres,sering stres
diagnosenya,diagnose nya
disengajain,disengaja
seolah-olah,seolah-olah
ngapa-ngapa,ngapa-ngapa
ngap-ngapan,ngap-ngapan
ngang-ngong,ngang-ngong
sepeninggal,sepeninggal
kebenaranmu,kebenaranmu
jabodetabek,jabodetabek
wandavision,wandavision
wabarakatuh,wabarakatuh
menggelikan,menggelikan
stresbanyak,stres banyak
dhsjskamdjs,<noise>
ulang-ulang,ulang
nulis-nulis,nulis-nulis
nuduh-nuduh,nuduh-nuduh
sempurnakan,sempurnakan
ngadepinnya,ngadepinnya
ngada-ngada,ngada-ngada
ngabarinnya,ngabarinnya
neuvillette,neuvillette
deactivated,deactivated
asamlambung,asam lambung
tenggelemin,tenggelamkan
datengbakal,dateng bakal
ketrpurukan,keterpurukan
traumatised,traumatized
ngerjainnya,ngerjainnya
ngelanjutin,ngelanjutin
dapat-dapat,dapat-dapat
danganronpa,danganronpa
dedikasikan,dedikasikan
sepantasnya,sepantasnya
ngebohongin,membohongi
gara2sering,gara-gara sering
siapa-siapa,siapa
temen-temen,teman-teman
banget.masa,banget. masa
menggantung,menggantung
tamparannya,tamparannya
emosi-emosi,emosi-emosi
embel-embel,embel-embel
kebahagiaan,kebahagiaan
jahat-jahat,jahat-jahat
sepemikiran,sepemikiran
dekatkanlah,dekatkanlah
dekat-dekat,dekat-dekat
ngaku-ngaku,ngaku-ngaku
ngadu-ngadu,ngadu-ngadu
dealing-kah,dealing-kah
nge-feeling,nge-feeling
ngatasinnya,ngatasinnya
unrealistic,unrealistic
instruments,instruments
neurologist,neurologist
autocorrect,autocorrect
tertekannya,tertekannya
terstruktur,terstruktur
hari-hariku,hari-hariku
hardworking,hardworking
kreativitas,kreativitas
kontroversi,kontroversi
kontributor,kontributor
volunteeran,volunteeran
exprienceku,experience-ku
nenek-nenek,nenek-nenek
neken-neken,neken-neken
demotivated,demotivated
necessarily,necessarily
nebak-nebak,nebak-nebak
nauzubillah,nauzubillah
depressants,depressants
nasib-nasib,nasib-nasib
narik-narik,narik-narik
serafim-nya,serafim-nya
ekspresinya,ekspresinya
ekspresikan,ekspresikan
ngelilingin,mengelilingi
sesenggukan,nangis
kosongsedih,kosong sedih
debar-debar,debar-debar
psikolognya,psikolog
dikembangin,dikembangkan
dong.apakah,dong. apakah
terwujutkan,terwujudkan
rumahkantor,rumah kantor
kemiskinnan,kemiskinan
symptomsnya,symptoms
garut.salam,garut. salam
artistblock,artist block
dibuntingin,dihamili
disampingku,di sampingku
pegel-pegel,pegal-pegal
voluntarily,voluntarily
kebangunnya,kebangunnya
kebangsatan,kebangsatan
kebaikannya,kebaikannya
menggunakan,menggunakan
menggenggam,menggenggam
menggelupur,menggelupur
nanya-nanya,nanya-nanya
nanti-nanti,nanti-nanti
desperately,desperately
nahan-nahan,nahan-nahan
destructive,destructive
mutar-mutar,mutar-mutar
musik-musik,musik-musik
development,development
detik-detik,detik-detik
deteriorate,deteriorate
murid-murid,murid-murid
kontrasepsi,kontrasepsi
super-duper,super duper
motor-motor,motor-motor
diagnosanya,diagnosanya
attachement,attachement
motivasinya,motivasinya
diam-diaman,diam-diaman
diakomodasi,diakomodasi
menghiburku,menghiburku
geber-geber,geber-geber
jawab.suami,jawab. suami
umi.padahal,umi. padahal
sudah-sudah,sudah
sales-sales,sales
bener-bener,benar-benar
semak-semak,semak
dimna-dimna,di mana-mana
mengguncang,mengguncang
alami.mohon,alami. mohon
ngeselinnya,menyebalkannya
brner-brner,benar-benar
se-sehampir,sehampir
nungguinnya,menunggunya
suami.emosi,suami. emosi
selfharming,self harming
belakangnya,belakang
konstruktif,konstruktif
konsentrasi,konsentrasi
sepersekian,sepersekian
nerdstalgic,nerdstalgic
multifandom,multifandom
mukul-mukul,mukul-mukul
di-follback,di-follback
mudahkanlah,mudahkanlah
melupakanmu,melupakanmu
gelandangan,gelandangan
meluk-meluk,meluk-meluk
dianggapnya,dianggapnya
dianggaonya,dianggaonya
mood-moodan,mood-moodan
sesejahtera,sesejahtera
sesampainya,sesampainya
atribusinya,atribusinya
sertifikasi,sertifikasi
diapresiasi,diapresiasi
momen-momen,momen-momen
molor-molor,molor-molor
mohon-mohon,mohon-mohon
murce-murce,murce-murce
ngeforecast,mem-forecast
dibayangkan,dibayangkan
dibawa-bawa,dibawa-bawa
mixed-mixed,mixed-mixed
dibicarakan,dibicarakan
mitigasinya,mitigasinya
astraphobia,astraphobia
misuh-misuh,misuh-misuh
accusations,accusations
meluap-luap,meluap-luap
efforts-nya,efforts-nya
meneyendiri,menyendiri
nyasemenjak,nya semenjak
sakit-sakit,sakit
mengertikan,mengerti
gelisahover,gelisah overthinking
memaknainya,memaknainya
menghindari,menghindari
menghinakan,menghinakan
dibombardir,dibombardir
dibilangnya,dibilangnya
diburu-buru,diburu-buru
ingat-ingat,ingat-ingat
information,information
modernisasi,modernisasi
2oi4-2oitan,2014 sampai 2015
nafsu.nafsu,nafsu. nafsu
murah-murah,murah-murah
serangkaian,serangkaian
muluk-muluk,muluk-muluk
multitasker,multitasker
dibeginikan,dibeginikan
dibecandain,dibecandain
diceramahin,diceramahin
mindset-nya,mindset-nya
mindfulness,mindfulness
mimpi-mimpi,mimpi-mimpi
didiagnosis,didiagnosis
melontarkan,melontarkan
frustasinya,frustrasinya
penangannya,penanganannya
eksekusinya,eksekusinya
tabungannya,tabungannya
menghampiri,menghampiri
menghalangi,menghalangi
genetically,genetically
terlewatkan,terlewatkan
acak-acakan,acak-acakan
menghormati,menghormati
lalurasanya,lalu rasanya
mentallynya,mentalnya
diem.kadang,diam. kadang
watakceasar,watak caesar
didampingin,didampingi
symtompsnya,symptoms-nya
model-model,model-model
dibangunkan,dibangunkan
dibanggakan,dibanggakan
dibegitukan,dibegitukan
assignments,assignments
dicampakkan,dicampakkan
mirip-mirip,mirip-mirip
minum-minum,minum-minum
minta-minta,minta-minta
diceritakan,diceritakan
melemburkan,melemburkan
kebingungan,kebingungan
kebimbangan,kebimbangan
hamil-hamil,hamil-hamil
hambatannya,hambatannya
tersinggung,tersinggung
kukeluarkan,kukeluarkan
keinginanmu,keinginanmu
keinginanku,keinginanku
inferiority,inferiority
visualisasi,visualisasi
kebiasaanku,kebiasaanku
kehitungnya,kehitungnya
sesungguhya,sesungguhnya
tolakruutni,tolak ruutni
phisikiater,psikiater
ashwagandha,ashwagandha
shenanigans,shenanigans
shamelessly,shamelessly
suprisingly,surprisingly
dysfunction,dysfunction
mengizinkan,mengizinkan
didiagnosa ,didiagnosis
wkwkwkwwkwk,<noise>
.tanggungan,. tanggungan
menkonsumsi,mengonsumsi
saya.hingga,saya. hingga
adhdbeneran,adhd beneran
dhjwjsjajaj,<noise>
melewatinya,melewatinya
generalized,generalized
melembutkan,melembutkan
langgengkan,langgengkan
lahap-lahap,lahap-lahap
halangannya,halangannya
kebersamaan,kebersamaan
tiba2dingin,tiba-tiba dingin
nomer-nomer,nomor-nomor
embrassment,embarrassment
kubanggakan,kubanggakan
happy-happy,happy-happy
kuantitatif,kuantitatif
kualitasnya,kualitasnya
meringankan,meringankan
merilekskan,merilekskan
dihilangkan,dihilangkan
dihancurkan,dihancurkan
dihubungkan,dihubungkan
depresiadhd,depresi adhd
diboncengin,dibonceng
kelihatanya,kelihatannya
shbat-shbat,sahabat-sahabat
didengarkan,didengarkan
mikir-mikir,mikir-mikir
itsay-itsay,itsay-itsay
keblunderan,keblunderan
menghubungi,menghubungi
acheivement,acheivement
lebih-lebih,lebih-lebih
habis-habis,habis-habis
lapangannya,lapangannya
lansoprazol,lansoprazol
lanjutannya,lanjutannya
langsungkan,langsungkan
dikeramaian,dikeramaian
asal-asalan,asal-asalan
silaturahmi,silaturahmi
dikit-dikit,dikit-dikit
dikorbankan,dikorbankan
mengucilkan,mengucilkan
mengucapkan,mengucapkan
mengubahnya,mengubahnya
mengisolasi,mengisolasi
sedihnangis,sedih nangis
speechdelay,speech delay
mintasolysi,minta solusi
pedes-pedes,pedas-pedas
menghadapin,menghapi
dibilang2in,dibilang-bilangi
paplagidong,pap lagi dong
group-group,group-group
loloskanlah,loloskanlah
lindungilah,lindungilah
limitations,limitations
lihat-lihat,lihat-lihat
dijadwalkan,dijadwalkan
abssbsbbsbs,<noise>
kepeokdakns,<noise>
cepet-cepet,cepat-cepat
microdosing,microdosing
difitnahnya,difitnahnya
differences,differences
dielus-elus,dielus-elus
dikarenakan,dikarenakan
dikandangin,dikandangin
dikerubungi,dikerubungi
benda-benda,benda
distractnya,distract-nya
dimanpaatin,dimanfaatkan
segan-segan,segan
lanzoprazol,lansoprazol
mncri-mncri,mencari-cari
mengirimkan,mengirimkan
mengira-ira,mengira-ira
mengimbangi,mengimbangi
mengibarkan,mengibarkan
anak-anakku,anak-anakku
ampunkanlah,ampunkanlah
lurus-lurus,lurus-lurus
lumba-lumba,lumba-lumba
gregetannya,gregetannya
lucu-lucuan,lucu-lucuan
sinopsisnya,sinopsisnya
simulations,simulations
dilancarkan,dilancarkan
merangkulku,merangkulku
dilapangkan,dilapangkan
dilanjutkan,dilanjutkan
menikahinya,menikahinya
mengusulkan,mengusulkan
mengupgrade,mengupgrade
supermarket,supermarket
suppressing,suppressing
ber-positif,berpositif
duduk.susah,duduk. susah
keluarinlah,keluarkanlah
diurusannya,di urusannya
iklaskanlah,ikhaskanlah
menyurahkan,menyurahkan
menyulitkan,menyulitkan
dimensional,dimensional
menyukainya,menyukainya
menyudutkan,menyudutkan
menyuarakan,menyuarakan
leher-leher,leher-leher
coleksambel,colek sambel
ngelawakpun,ngelawak pun
mamakunggak,mamaku nggak
parangsabit,parang sabit
merendahkan,merendahkan
merem-merem,merem-merem
dikelilingi,dikelilingi
dikecewakan,dikecewakan
dikumpulkan,dikumpulkan
surat-surat,surat
bejek-bejek,injak
canfddsjjdb,<noise>
rapat-rapat,rapat
tipis-tipis,tipis
home-person,home person
perlakuanya,perlakukannya
support-nya,support-nya
mengonsumsi,mengonsumsi
mengongkosi,mengongkosi
mengomelnya,mengomelnya
dilontarkan,dilontarkan
dilimpahkan,dilimpahkan
menyusahkan,menyusahkan
menyurutkan,menyurutkan
menyuruhnya,menyuruhnya
merata-rata,merata-rata
dikursuskan,dikursuskan
dikurbankan,dikurbankan
menyinggung,menyinggung
menyibukkan,menyibukkan
diolok-olok,diolok-olok
dipedulikan,dipedulikan
dipengaruhi,dipengaruhi
dipersempit,dipersempit
melancarkan,melancarkan
suffocating,suffocating
meninggikan,meninggikan
menimbulnya,menimbulnya
menimbulkan,menimbulkan
superfisial,superfisial
dirumah.dan,di rumah. dan
goser-goser,goser-goser
tersalurkan,tersalurkan
tersadarkan,tersadarkan
terpuruknya,terpuruknya
maintenance,maintenance
graatoskopi,graatoskopi
macam-macam,macam-macam
mabuk-mabuk,mabuk-mabuk
grasa-grusu,grasa-grusu
menyodorkan,menyodorkan
youtubernya,youtuber-nya
bakar-bakar,bakar
ngestabilin,menstabilkan
dilampiasin,dilampiaskan
snack-snack,snack
dikomentari,dikomentari
terlindungi,terlindungi
terlilitnya,terlilitnya
melangitkan,melangitkan
grandfather,grandfather
solidaritas,solidaritas
dramatisnya,dramatisnya
keliatannya,kelihatannya
heranin.knp,heran. kenapa
msing-msing,masing-masing
mayoritasny,mayoritasnya
superficial,superficial
superactive,superactive
mengunjungi,mengunjungi
dugun-dugun,dugun-dugun
malam-malam,malam-malam
maladaptive,maladaptive
lur.padahal,lur. padahal
masakbaking,masak baking
ngobrolchat,ngobrol chat
sesederhana,sederhana
ngetoxicnya,toxic-nya
lisaxceline,lisa x celine
dinasehatin,dinasehatin
skizofrenia,skizofrenia
skenarionya,skenarionya
dimuntahkan,dimuntahkan
melayaninya,melayaninya
gerak-gerik,gerak-gerik
gerak-gerak,gerak-gerak
melarangnya,melarangnya
melapangkan,melapangkan
melanjutkan,melanjutkan
approaching,approaching
appreciated,appreciated
appointment,appointment
application,application
direndahkan,direndahkan
menyerangku,menyerangku
ipar-iparku,ipar-iparku
involuntary,involuntary
kedistraksi,kedistraksi
variabelnya,variabelnya
menjelajahi,menjelajahi
tersinggun6,tersinggung
menyakitksn,menyakitkan
mempertahan,mempertahankan
kemana-mana,ke mana-mana
digoblok2in,digoblok-goblokin
menyerahkan,menyerahkan
menyentuhmu,menyentuhmu
disabilitas,disabilitas
invalidated,invalidated
intrusively,intrusively
menyetelnya,menyetelnya
disekitarku,di sekitarku
handmadewig,handmade wig
saya.apakah,saya. apakah
dibahagiain,dibahagiakan
penghianatn,pengkhianatan
dramatisasi,dramatisasi
drama-drama,drama-drama
androphobia,androphobia
diperhatiin,diperhatiin
appropriate,appropriate
sampe2hpnya,sampai ponselnya
diselesaiin,diselesaikan
bahagia2nya,bahagia2 nya
dibandngkan,dibandingkan
keperikiarn,kepikiran
pisikimatis,psikosomatis
menjauhinya,menjauhinya
menjatuhkan,menjatuhkan
menjanjikan,menjanjikan
menjalankan,menjalankan
sosialisasi,sosialisasi
apotekernya,apotekernya
apocalyptic,apocalyptic
aplikasinya,aplikasinya
soonhoonist,soonhoonist
menyeramkan,menyeramkan
dipindahkan,dipindahkan
domperidone,domperidone
menjijikkan,menjijikkan
menjenuhkan,menjenuhkan
menjemputku,menjemputku
menjelekkan,menjelekkan
menjelaskan,menjelaskan
disampaikan,disampaikan
disayangkan,disayangkan
disappeared,disappeared
manipulatif,manipulatif
manik-manik,manik-manik
kecil-kecil,kecil-kecil
bekerjasama,bekerja sama
batuk-batuk,batuk
planningnya,planning-nya
perjuangnny,perjuangannya
assffgkdlal,<noise>
shiftingnya,shifting-nya
ngebangkang,membangkang
nyatanyabga,nyatanya enggak
kemana.anak,kemana. anak
gerdanxiety,gerd anxiety
kemna-kemna,ke mana-mana
takut-takut,takut
sudut-sudut,sudut
downsidenya,downside-nya
suamiku.aku,suamiku. aku
ngehubungin,menghubungi
menyesatkan,menyesatkan
menyesalkan,menyesalkan
menyesakkan,menyesakkan
kecemasanmu,kecemasanmu
kecemasanku,kecemasanku
kecapewanku,kecapewanku
gores-gores,gores-gores
goodlooking,goodlooking
specialized,specialized
menyembelih,menyembelih
menyelimuti,menyelimuti
menyelidiki,menyelidiki
discontinue,discontinue
disembuhkan,disembuhkan
disemangati,disemangati
spontaneity,spontaneity
spesifikasi,spesifikasi
introverted,introverted
sabar-sabar,sabar
struggle-ku,struggle-ku
documentary,documentary
intelektual,intelektual
intelegensi,intelegensi
intimidated,intimidated
keeliminasi,keeliminasi
disetarakan,disetarakan
disepelekan,disepelekan
diseorangan,diseorangan
diskalkulia,diskalkulia
manifesting,manifesting
diapa-apain,diapa-apakan
dikeributan,di keributan
hidup.kalau,hidup. kalau
sorry-sorry,sorry
kecemburuan,kecemburuan
masak-masak,masak-masak
glastonbury,glastonbury
marshmallow,marshmallow
marah-marah,marah-marah
menunjukkan,menunjukkan
sebelum2nya,sebelumnya
ngmuk-ngmuk,ngamuk-ngamuk
dapet-dapet,dapat-dapat
uwowowowowo,<noise>
kecapekanku,kecapewanku
tinggi.mana,tinggi. mana
introspeksi,introspeksi
menormalkan,menormalkan
menontonnya,menontonnya
menonjolkan,menonjolkan
menumbalkan,menumbalkan
dobel-dobel,ganda
klakuan2nya,kelakuan-kelakuannya
manipulatip,manipulatif
tetimakasih,terima kasih
tidak jelas,tidak jelas
terpojokkan,terpojokkan
gonta-ganti,gonta-ganti
mamak-mamak,mamak-mamak
maleh-maleh,maleh-maleh
menyedihkan,menyedihkan
menyediakan,menyediakan
menyebutkan,menyebutkan
menyeberang,menyeberang
menyebarkan,menyebarkan
gitu-gituan,gitu-gituan
masterpiece,masterpiece
manja-manja,manja-manja
manis-manis,manis-manis
manipulator,manipulator
distracting,distracting
antideprean,antideprean
distraction,distraction
ditakdirkan,ditakdirkan
disupervisi,disupervisi
ditampilkan,ditampilkan
ditampakkan,ditampakkan
ditambahkan,ditambahkan
standoffish,standoffish
hypers-xual,hypersexual
se-mencekam,mencekam
motifasinya,motivasinya
sedih-sedih,sedih
menyadarkan,menyadarkan
menutupinya,menutupinya
menuntaskan,menuntaskan
getar-getar,getar-getar
terpengaruh,terpengaruh
uncertainty,ketidakpastian
overwhalmed,overwhelmed
lifelessons,life lessons
kenyataanya,kenyataannya
kejiwaanpun,kejiwaan pun
disaat-saat,di saat-saat
lukalikunya,luka likunya
menunggunya,menunggunya
menunduklah,menunduklah
menumpahkan,menumpahkan
menumbuhkan,menumbuhkan
melarangpun,melarang pun
pemalas.dan,pemalas. dan
menyebabnya,menyebabkannya
jumat-sabtu,jumat sabtu
putus-putus,putus
anxiousness,anxiousness
disorganize,disorganize
antifragile,antifragile
menyejukkan,menyejukkan
menyanggupi,menyanggupi
menyambutmu,menyambutmu
diungkapkan,diungkapkan
menyalurkan,menyalurkan
menyalahkan,menyalahkan
menyaksikan,menyaksikan
menyakitkan,menyakitkan
bercelaruan,bercelaruan
bercandanya,bercandanya
rekomendasi,rekomendasi
berkehendak,berkehendak
berkegiatan,berkegiatan
kapabilitas,kapabilitas
jauh-jauhan,jauh-jauhan
jasa-jasamu,jasa-jasamu
kanak-kanak,kanak-kanak
menyebalkan,menyebalkan
mengelurkan,mengeluarkan
alhmdulilah,alhamdulillah
harapanqamp,harapan
perasaan2ku,perasaan-perasaanku
berjuta2pun,berjuta-juta pun
dibimbingan,dibimbing
timelinenya,timeline-nya
berkacamata,berkacamata
berharganya,berharganya
functioning,functioning
beresonansi,beresonansi
berbarengan,berbarengan
bergelimang,bergelimang
jazakallahu,jazakallahu
menyebabkan,menyebabkan
menyarankan,menyarankan
menyanyikan,menyanyikan
ditimbulkan,ditimbulkan
kabar-kabar,kabar-kabar
jenis-jenis,jenis-jenis
jelek-jelek,jelek-jelek
kagak-kagak,kagak-kagak
waktu-waktu,waktu
thoughtsnya,thoughts-nya
lagi.hampir,lagi. hampir
cinta-pansa,cinta pansa
prensentasi,presentasi
mnghilngkan,menghilangkan
lostcontack,lost contact
baik-baikin,baik
inget-inget,ingat-ingat
ya.sehingga,ya. sehingga
mempebanyak,memperbanyak
shari-shari,sehaeri-hari
bener2ampuh,benar-benar ampuh
terus-terus,terus
sampaikapan,sampai kapan
ngelawannya,melawannya
kanjuruhan,kanjuruhan
jealousnya,jealous-nya
ajshjsjshs,<noise>
pentrigger,pemicu
sedegdegan,sedeg-degan
keluargaku,keluarga
kbahagiaan,kebahagiaan
mengalamin,mengalami
manghambat,menghambat
-finansial,finansial
mndampingi,mendampingi
nyeramahin,menceramahi
wkwkwkwkwk,wkwkwkwkwk
wkwkwkwkkw,wkwkwkwkkw
withdrawal,withdrawal
jelangkung,jelangkung
jejepangan,jejepangan
jeongcheol,jeongcheol
ngelawatin,melewati
29e8bdhdhd,bingung
sempurnain,sempurnakan
kebelakang,kebelakang
kebanyakan,kebanyakan
kebanjiran,kebanjiran
wal-faizin,wal-faizin
kedengeran,kedengeran
kebanggaan,kebanggaan
kebangetan,kebangetan
soidaliyah,solidaritas
wkwksnkwka,<noise>
xtenangkan,tenangkan
sebenernya,sebenarnya
untuk.jauh,untuk. jauh
especially,malam
nyelesaiin,menyelesaikan
stressfull,stressful
kpsikiater,psikiater
ditanya2in,ditanya-tanyai
oakwoakwow,<noise>
kepala.gak,kepala. gak
chattingan,chatting an
memberikat,memberikan
jerawatnya,jerawat
frustrared,frustrated
dilanjutin,lanjutin
menimlanya,menimbulnya
dipinjemin,dipinjami
sejadi2nya,sejadi-jadinya
benerankah,beneran kah
pskolognya,psikolognya
parahsampe,parah sampai
terdistrak,terdistraksi
3hjegewhwg,<noise>
nerjangnya,menerjangnya
ditampilin,ditampilkan
soricurhat,sori curhat
kondisinya,kondisi
khawatirin,mengkhawatirkan
sedepresot,sedepresi
12ea5-1oox,berkali kali
awoakakaka,<noise>
dibalesnya,dibalasnya
masukannya,masukan
istilahnya,sakit hatiandidate
menganalis,menganalisis
terjemahin,terjemahkan
recomended,recommended
berisiknya,berisik
terus.tapi,terus. tapi
ngehabisin,menghabiskan
pikirantdk,pikiran tidak
parahemosi,parah emosi
ditungguin,ditunggu
menabrakan,menabrakkan
ngeberatin,memberatkan
dicurigain,dicurigai
ada.maslah,ada. masalah
jahat.tapi,jahat. tapi
didengerin,didengar
masalalumu,masa lalumu
dikasihani,kasih sayang
nge-silent,silent
sempet2nya,sempat-sempatnya
kenytaanya,kenyataannya
kemanusian,kemanusiaan
insyaalloh,insyaallah
gombal2lin,gombal-gombalin
bnding2kan,bnding2 kan
bitterfact,bitter fact
bangtannya,bangtan nya
hubunganku,hubungan
ngecounter,meng-counter
trpuruknya,terpuruknya
connection,koneksi
kakitangan,kaki tangan
awkwardnya,awkward
ngeretweet,meng-retweet
senin-tadi,senin tadi
dihancurin,dihancurkan
obatmedrep,obat medrep
diperumahn,di perumahan
supportnya,support-nya
opungnenek,opung nenek
saya.karna,saya. karena
sentraline,sertraline
bahwasanya,bahwa
narsisitik,narsistik
nyelametin,menyelamatkan
kepikiraan,kepikiran
oenyiksaan,penyiksaan
ngegosting,nge-ghosting
dikejadian,di kejadian
gaseberapa,gak seberapa
aghjsdhjdk,<noise>
ngerestart,memulai ulang
jelasinnya,jelas
ngebesarin,membesarkan
kuceritain,cerita
dilapangan,di lapangan
besar.satu,besar. satu
emakmertua,emak mertua
nhelamunin,melamunkan
nge-findom,findom
emosisinis,emosi sinis
ngehadirin,menghadiri
plariannya,pelariannya
sefrekunsi,sefrekuensi
sedihsakit,sedih sakit
qadarallah,qadarullah
prasaannya,perasaannya
ngebimbing,membimbing
mendekatti,mendekati
dilepaskan,lepaskan
say.gimana,say. gimana
kaka-kakak,kakak
berfikiran,berpikiran
kelaskerja,kelas kerja
kalimanten,kalimantan
menyubukan,menyembuhkan
dikeluarga,keluarga
kjdian.nya,kejadiannya
halsuisseo,optimis anxiety
konteksnya,konteks
mebalikkan,membalikkan
pelanpelan,pelan-pelan
ditambahin,ditambahkan
studentlbh,student lbh
eksistensy,eksistensi
kiat-kaiat,kiat-kiat
ngendaliin,mengendalikan
digangguin,diganggu
dikemudian,menyesal
wishlistku,wishlist-ku
coffeeshop,coffee shop
thinkingaq,thinking aku
ngerjainny,mengerjakannya
kuisbahkan,kuis bahkan
kecemasaan,kecemasan
masalahnya,masalah
ktinggalan,ketinggalan
dicari.tdk,dicari. tidak
kwakkakaka,wkwkwk
bantuannya,bantuan
gaterulang,gak terulang
mrngakhiri,mengakhiri
adminowner,admin owner
ngehidupin,menghidupkan
mushmallow,marshmallow
trkalahkan,terkalahkan
ngebebanin,membebani
prjuangkan,perjuangkan
kebanyalan,kebanyakan
feelingnya,feeling
energy-nya,energinya
dibelakang,belakang
dihadapkan,di hadapkan
penganggum,pengagum
dibullynya,di bully nya
ngapngapan,ngap-ngapan
ngejelasin,menjelaskan
management,manajemen
pasanganny,pasangannya
panikcemas,panik cemas
healingnya,healing-nya
skskskksks,<noise>
bodoamatan,bodo aman
balesannya,balasannya
kehilnagan,kehilangan
menutuskan,memutuskan
bts_butter,bts butter
kendalanya,kendala
solusibntu,solusi bantu
bacangutip,baca ngutip
direndemin,direndam
dibilangin,susah dibilang
conclusion,kesimpulan
perkalimat,per kalimat
shopeefood,ShopeeFood
dibersihin,bersihin
terdektpun,terdekat pun
kesenengan,kesenangan
perjuangin,memperjuangkan
prakteknya,praktiknya
sejarahudh,sejarah udah
padahalmah,padahal mah
xixiixixix,<noise>
likeskomen,likes komen
klakuannya,perilakunya
pngalamnya,pengalamannya
ngelewatin,melewatkan
dibookmark,di bookmark
ngelahirin,melahirkan
apa-apanya,apa
batinfisik,batin fisik
constantly,distracted
boyfailure,boy failure
timelineku,timeline-ku
direndahin,merendahkan
tempatcara,tempat cara
bersemngat,bersemangat
sembarange,sembarangan
pergimikan,pergi mikan
seengaknya,seenggaknya
ngeremehin,meremehkan
interested,minat
kesalahane,kesalahannya
ditolongin,ditolong
incompeten,incompetent
mesumbikin,mesum bikin
trimakisih,terima kasih
ngelayanin,melayani
ngedeketin,mendekati
adhdgifted,adhd gifted
cumacurhat,cuma curhat
gakenaknya,gak enaknya
kepada-nya,kepada
depan.saya,depan. saya
ngejelekin,menghina
moodswings,moodswing
dipeduliin,dipedulikan
ngutaraain,mengutarakan
sedih.saat,sedih. saat
berani2nya,berani2 nya
keliahatan,kelihatan
ngomongpun,ngomong pun
balancenya,balance nya
ngebiasiin,membiasakan
ngadepinya,menghadapinya
mendamping,mendampingi
kemarengua,kemarin gua
difficulty,kesulitan
penanganya,penanganannya
begundal2x,begundal
dibangunin,dibangunkan
sepeserpun,sepeser pun
temenannya,temanannya
fypシviralシ,fyp viral
ngerecokin,merecokin
gilabundir,gila bunuh diri
pemgalaman,pengalaman
belajarnya,belajar
dikerjakan,kerjaan
overtiking,overtaking
harapandoa,harapan doa
peformanya,performa-nya
30 minutes,30 menit
selfesteem,self-esteem
muncongnya,moncongnya
pencernaan,pencernaan
pencerahan,pencerahan
pencapaian,pencapaian
seharusnya,seharusnya
charger-an,charger-an
characters,characters
anxious-an,anxious
muternyala,muter nyala
dikeramain,di keramaian
lingkungam,lingkungan
ex-partner,mantan
usiakarena,usia karena
nglanjutin,melanjutkan
ngehargain,menghargai
kayanormal,kayak normal
ngejatuhin,menjatuhkan
ngereverse,membalikkan
hyuangalah,<noise>
sesuatukek,sesuatu kek
orangpesan,orang pesan
sakit.saat,sakit. saat
ticketekau,ticketek au
dikasianin,dikasihani
..........,<noise>
dihubungin,hubungin
mmperbaiki,memperbaiki
saya.skrng,saya. sekarang
huhuhuhhuh,huhuhu
workaholic,workaholic
jungkookie,jungkookie
pendamping,pendamping
penciptaku,penciptaku
sejenisnya,sejenisnya
penanggung,penanggung
penanganan,penanganan
penampilan,penampilan
penakutnya,penakutnya
chocolates,chocolates
pemiliknya,pemiliknya
pemerintah,pemerintah
pembusukan,pembusukan
pembunuhan,pembunuhan
challenges,challenges
pendidikan,pendidikan
crowdednya,crowded nya
litterally,literally
ngulangnya,mengulangnya
saudara2ku,saudara-saudaraku
cimory-nya,cimory-nya
segamblang,segamblang
pengabaian,pengabaian
penerangan,penerangan
penenangku,penenangku
penembakan,penembakan
penelitian,penelitian
pembanding,pembanding
pembalasan,pembalasan
pembahasan,pembahasan
debutᅲᅲaku,debut <noise> aku
konten2nya,konten-kontennya
pendarahan,pendarahan
pendapatan,pendapatan
bangsatlah,bangsatlah
sejujurnya,sejujurnya
pelantikan,pelantikan
pelanginya,pelanginya
sekolahnya,sekolahnya
sekitarnya,sekitarnya
pekarangan,pekarangan
segregatif,segregatif
tenggrokan,tenggorokan
trutamanya,terutamanya
kbingungan,kebingungan
ngeganjeul,ngganjel
pendiamnya,pendiamnya
banyumanik,banyumanik
pembotakan,pembotakan
bangkitlah,bangkitlah
judgmental,judgmental
pembayaran,pembayaran
menjadikan,mengganggu
jurusannya,jurusan
seunghanie,Seunghanie
keluhannya,keluhan
beresinnya,beresin
makanminum,makan minum
pembacokan,pembacokan
pemandunya,pemandunya
cinderella,cinderella
sekeluarga,sekeluarga
seiringnya,seiringnya
bandingkan,bandingkan
sekeliling,sekeliling
peliharaan,peliharaan
circle-nya,circle-nya
pelayannya,pelayannya
pegunungan,pegunungan
pembenahan,pembenahan
closing-an,closing-an
peacefully,peacefully
patokannya,patokannya
passionate,passionate
passion-ku,passion-ku
pasanganmu,pasanganmu
pasanganku,pasanganku
selamatkan,selamatkan
balasannya,balasannya
pengapuran,pengapuran
pengalihan,pengalihan
ngejalanin,menjalankan
tempat2nya,tempat-tempatnya
ktdksukaan,ketidaksukaan
comblangin,comblangin
combat-nya,combat-nya
paperworks,paperworks
pengenalan,pengenalan
pengasuhan,pengasuhan
commission,commission
comforting,comforting
panjangkan,panjangkan
websitenya,website-nya
dikumpulin,dikumpulkan
kemarennya,kemarinnya
phiskiater,psikiater
menzderira,menderita
pejabatnya,pejabatnya
cllownster,cllownster
clinically,clinically
barangkali,barangkali
sedikitnya,sedikitnya
sedikitlah,sedikitlah
selayaknya,selayaknya
concerning,concerning
kencengkan,kencangkan
concertnya,concert nya
dikurbanin,dikurbankan
pengalaman,pengalaman
pengadilan,pengadilan
collection,collection
collecting,collecting
sekelompok,sekelompok
partisipan,partisipan
paranormal,paranormal
paralyzing,paralyzing
disembuhin,disembuhkan
bgtngantuk,bgt ngantuk
konteksnua,konteksnya
senggaknya,setidaknya
sfrekuensi,sefrekuensi
compliment,compliment
complexity,complexity
completely,completely
complement,complement
cluttering,cluttering
selesainya,selesainya
selesaikan,selesaikan
selebihnya,selebihnya
pengendara,pengendara
cemburunya,cemburunya
barbershop,barbershop
selingkuhi,selingkuhi
colleagues,colleagues
conference,conference
pakumahaen,pakumahaen
pakaiannya,pakaiannya
consultant,consultant
conspiracy,conspiracy
consistent,consistent
penghilang,penghilang
penghambat,penghambat
penggunaan,penggunaan
pengganggu,pengganggu
pengertian,pengertian
mnyakitkan,menyakitkan
samasekali,sama sekali
dinasehati,dinasihati
selonjoran,selonjoran
packing-an,packing-an
pacing-nya,pacing-nya
pacarannya,pacarannya
counsellor,counsellor
overweight,overweight
bagaimanah,bagaimanah
pengikutku,pengikutku
penghinaan,penghinaan
mengobatin,mengobati
dingertiin,dimengerti
berhentiin,berhenti
mangkannya,makanya
comunicate,comunicate
panduannya,panduannya
pandeglang,pandeglang
secepatnya,secepatnya
pengujinya,pengujinya
penguburan,penguburan
pengobatan,pengobatan
pengiriman,pengiriman
ortostatik,ortostatik
nonngkrong,nongkrong
kesinggung,tersinggung
keingetnya,keingatnya
cooker-nya,cooker-nya
contribute,contribute
continuing,continuing
semampunya,semampunya
self-claim,self-claim
semaksimal,semaksimal
semacamnya,semacamnya
keadilanya,keadilannya
kukeluarin,kukeluarkan
tnggorokan,tenggorokan
punyatidak,punya tidak
ngendarain,mengendarai
menertawai,menertawakan
sedemikian,sedemikian
semangatmu,semangatmu
semangatku,semangatku
overtaking,overtaking
self-worth,self-worth
overcharge,overcharge
output-nya,output-nya
creamy-nya,creamy-nya
crackheads,crackheads
creativity,creativity
backburner,backburner
bahagiakan,bahagiakan
crosscheck,crosscheck
cringefest,cringefest
online-nya,online-nya
omongannya,omongannya
officially,officially
semencekam,semencekam
backpacker,backpacker
obrolannya,obrolannya
nyangkanya,nyangkanya
pengunjung,pengunjung
pengumuman,pengumuman
konsistent,konsisten
kebaikanmu,kebaikan
perkulihan,perkuliahan
semestinya,semestinya
nonchalant,nonchalant
non-yapper,non-yapper
dadakannya,dadakannya
non-binary,non-binary
nominalnya,nominalnya
penjelasan,penjelasan
penjegalan,penjegalan
catcalling,catcalling
catatannya,catatannya
hahahahhah,hahahaha
keluargamu,keluarga
pengaruhin,mempengaruhi
organizing,organizing
organisasi,organisasi
background,background
ngepampers,ngepampers
damage-nya,damage-nya
darussalam,darussalam
cardholder,cardholder
pentingkah,pentingkah
penolongku,penolongku
posibility,possibility
privillege,privilege
scoringnya,scoring-nya
protesdemo,protes demo
secure-nya,securenya
secukupnya,secukupnya
notifikasi,notifikasi
sempro-nya,sempro-nya
overplayed,overplayed
semingguan,semingguan
vidioviral,video viral
setidaqnya,setidaknya
pemalungak,pemalu nggak
mensupport,mendukung
status2nya,status-statusnya
insecurean,insecure-an
nikmatilah,nikmatilah
nihilistic,nihilistic
nightmares,nightmares
ngomongnya,ngomongnya
semelonjak,semelonjak
ngesupport,ngesupport
senewennya,senewennya
sendirinya,sendirinya
sendirilah,sendirilah
sendirikan,sendirikan
ayanokouji,ayanokouji
sensasinya,sensasinya
semisalnya,semisalnya
deactivate,deactivate
decentring,decentring
separation,separation
separating,separating
sepantaran,sepantaran
penyandang,penyandang
penyakitku,penyakitku
capitalism,capitalism
penyakitan,penyakitan
penulisnya,penulisnya
pentingnya,pentingnya
millenials,milenial
menyia2kan,menyia-niakan
sepertinya,sepertinya
autoimmune,autoimmune
demotivasi,demotivasi
demand-nya,demand-nya
sebetulnya,sebetulnya
penyemaian,penyemaian
penyelamat,penyelamat
memerintah,dagang bebas
yappingnya,yapping-nya
masak-jual,masak jual
terselesei,terselesaikan
maksimalin,memaksimalkan
ngebanding,membandingkan
ketriggerd,ketrigger
penjualnya,penjualnya
penjilidan,penjilidan
mnggelikan,menggelikan
bestfriend,best friend
geleyengan,kleyengan
menaklukan,menaklukkan
losestreak,lose streak
dilimpahin,dilimpahkan
nyeragamin,menyeragamkan
definition,definition
definitely,definitely
seperlunya,seperlunya
sepenuhnya,sepenuhnya
ngobrolnya,ngobrolnya
sepatutnya,sepatutnya
dehydrated,dehydrated
networking,networking
netralisir,netralisir
neglection,neglection
neglecting,neglecting
negativity,negativity
nge-scroll,nge-scroll
nature-nya,nature-nya
nation-nya,nation-nya
nasihatnya,nasihatnya
depressing,depressing
depresikan,depresikan
seragamnya,seragamnya
describing,describing
dermatitis,dermatitis
narcissist,narcissist
mysterious,mysterious
penyesalan,penyesalan
ngebatalin,membatalkan
auditorium,auditorium
di-framing,di-framing
di-respect,di-respect
di-publish,di-publish
di-provide,di-provide
perampasan,perampasan
peperangan,peperangan
penyumbang,penyumbang
penyuluhan,penyuluhan
banding2in,banding
keinginany,keinginannya
generasion,generation
perkerjaan,pekerjaan
akskdmkdld,<noise>
disalahkan,salahkan
penyegaran,penyegaran
berpikir.y,berpikir. y
kejiwaanny,kejiwaannya
loverepost,love repost
fatalbukan,fatal bukan
playvictim,play victim
brandallan,brandal
sering2nya,sering-seringnya
istirahat-,istirahat
kefobsosan,<noise>
penyendiri,penyendiri
batasannya,batasannya
detachment,detachment
devastated,devastated
sependapat,sependapat
mungkinkah,mungkinkah
aufanficwp,aufanficwp
di-pending,di-pending
motoriknya,motoriknya
diagnostik,diagnostik
negatifnya,negatifnya
diafirmasi,diafirmasi
di-welcome,di-welcome
di-trigger,di-trigger
seromantis,seromantis
attentions,attentions
attack-nya,attack-nya
attachment,attachment
diaktifkan,diaktifkan
dianggurin,dianggurin
sebelumnya,sebelumnya
perasaanmu,perasaanmu
ngejahatin,mejahati
diarsipkan,diarsipkan
dianjurkan,dianjurkan
moncongnya,moncongnya
diasingkan,diasingkan
moderately,moderately
dibarengin,dibarengin
dibanggain,dibanggain
dibalikkan,dibalikkan
perbudakan,perbudakan
cakupannya,cakupannya
selfgrowth,self-growth
disturbing,mengganggu
dikecewain,kecewa
persatunya,per satunya
mikirinnya,memikirkannya
penyiksaan,penyiksaan
percintaan,percintaan
perceraian,perceraian
percayanya,percayanya
percayalah,percayalah
percakapan,percakapan
sesempurna,sesempurna
anxietymad,anxiety mad
jahat.pada,jahat. pada
wwkkwkwkwk,<noise>
brokenhome,broken home
perasaanku,perasaanku
perantauan,perantauan
diandalkan,diandalkan
diampunkan,diampunkan
detektifan,detektifan
sertraline,sertraline
perenungan,perenungan
sebarangan,sembarangan
bayanganmu,bayanganmu
ketauannya,ketahuannya
dihospital,dihospitalisasi
ngatasinya,atasnya
perbatasan,perbatasan
sebenarnya,sebenarnya
dibalasnya,dibalasnya
mockup-nya,mockup-nya
diagnosing,diagnosing
sesudahnya,sesudahnya
sesuatunya,sesuatunya
sebaliknya,sebaliknya
peregangan,peregangan
perdebatan,perdebatan
kehampahan,kehampaan
akunsangat,akun sangat
sedihpngin,sedih pengin
dibebaskan,dibebaskan
dibayarnya,dibayarnya
dibayarkan,dibayarkan
dibawahnya,dibawahnya
atributnya,atributnya
dibereskan,dibereskan
dibenarkan,dibenarkan
assignment,assignment
aswagandha,aswagandha
astungkara,astungkara
setelahnya,setelahnya
dibolehkan,dibolehkan
dibutuhkan,dibutuhkan
astonished,astonished
assurrance,assurrance
assumption,assumption
dicemaskan,dicemaskan
peribahasa,peribahasa
perhentian,perhentian
perhatikan,perhatikan
pergulatan,pergulatan
pergantian,pergantian
ketemennya,ke temannya
intinyadeh,intinya deh
dikasihkan,diberikan
hapematiin,hape dimatikan
kekhusukan,kekhusyukan
엔하이픈,enhypen
mnjauhinya,menjauhinya
period-nya,period-nya
peringatan,peringatan
perilakuku,perilakuku
dievaluasi,dievaluasi
dienyahkan,dienyahkan
maksud-nya,maksudnya
diceritain,cerita
ngelepasin,melepaskan
simatupang,Simatupang
dibubarkan,dibubarkan
misophonia,misophonia
setidaknya,setidaknya
seterusnya,seterusnya
moccachino,moccachino
seterpuruk,seterpuruk
seterkenal,seterkenal
diprlkukan,diperlakukan
ngeblesnya,membalasnya
akksdkkdmd,<noise>
nasehatnya,nasihatnya
saydepresi,saya depresi
performaku,performaku
dicukupkan,dicukupkan
diciptakan,diciptakan
diceramahi,diceramahi
dibesarkan,dibesarkan
didampingi,didampingi
assessment,assessment
minatozaki,minatozaki
didikannya,didikannya
didongengi,didongengi
difokuskan,difokuskan
setertekan,setertekan
meticulous,meticulous
metafisika,metafisika
digosipkan,digosipkan
dighosting,dighosting
digerogoti,digerogoti
metabolism,metabolism
merusakkan,merusakkan
dihaluskan,dihaluskan
perkaranya,perkaranya
perjuangan,perjuangan
perjodohan,perjodohan
makansiang,makan siang
mendingnya,mendingan
mnghindari,menghindari
asdfghjkkl,<noise>
tertawakan,menertawakan
kucing2nya,kucing-kucingnya
mengsuport,mendukung
tanggaljam,tanggal jam
wanitapria,wanita pria
becomemore,become more
anxietyini,anxiety ini
ngebolehin,membolehkan
namatinnya,menamatkannya
tangankaki,tangan kaki
membuatnya,menghindari
menyakitin,menyakitkan
meyakinkan,meyakinkan
mewariskan,mewariskan
digantikan,digantikan
mewaraskan,mewaraskan
sebagainya,sebagainya
meroketnya,meroketnya
sexualized,sexualized
minimarket,minimarket
merobohkan,merobohkan
merindukan,merindukan
dihidupkan,dihidupkan
diharuskan,diharuskan
diingatkan,diingatkan
dihiraukan,dihiraukan
meribetkan,meribetkan
se-useless,se-useless
perkirakan,perkirakan
perkenalan,perkenalan
perkemahan,perkemahan
hampirgila,hampir gila
metodologi,metodologi
dijawabnya,dijawabnya
dijatuhkan,dijatuhkan
meremehkan,meremehkan
perlawanan,perlawanan
perlakukan,perlakukan
seangkatan,seangkatan
seandainya,seandainya
beabadoobe,beabadoobe
dikandangi,dikandangi
dikalahkan,dikalahkan
dikacangin,dikacangin
shhshsshsh,<noise>
menjelekan,menjelekkan
internship,magang
perjalanan,perjalanan
dikerubuti,dikerubuti
dikentutin,dikentutin
dikenalkan,dikenalkan
screenshot,screenshot
permusuhan,permusuhan
permohonan,permohonan
permintaan,permintaan
signifikan,signifikan
dikemanain,dikemanain
dikeluhkan,dikeluhkan
solusinnya,solusinya
yasudahlah,ya sudahlah
perkelasan,perkelasan
sharingnya,sharingnya
meresahkan,meresahkan
merepotkan,merepotkan
ngebuktiin,membuktikan
ibelongiiu,i belong iiu
pasanganya,pasangannya
t________t,<noise>
perdulikan,pedulikan
ngelabelin,melabeli
didaftarin,daftarin
ngebuzzerp,nge-buzzerrp
pisikiater,psikiater
seorangpun,seorang pun
dijodohkan,dijodohkan
dijelaskan,dijelaskan
dikelarkan,dikelarkan
dikejutkan,dikejutkan
sewajarnya,sewajarnya
dikerumuni,dikerumuni
dikhianati,dikhianati
diketawain,diketawain
dikonyolin,dikonyolin
diinginkan,diinginkan
dikunjungi,dikunjungi
dikucilkan,dikucilkan
artist-nya,artist-nya
artikulasi,artikulasi
singkirkan,singkirkan
singkatnya,singkatnya
dilangkahi,dilangkahi
dilahirkan,dilahirkan
pernyataan,pernyataan
pernikahan,pernikahan
se-cirebon,se-cirebon
curhatanku,curhat
diloloskan,diloloskan
dilingkupi,dilingkupi
dilindungi,dilindungi
dilibatkan,dilibatkan
arsitektur,arsitektur
situasinya,situasinya
perpisahan,perpisahan
perpecahan,perpecahan
perpajakan,perpajakan
melaporkan,laporkan
streamvote,stream vote
ngebisikin,membisikkan
kesalahaan,kesalahan
mewarisakn,mewariskan
yaudahlaya,ya udahlah ya
dikirimkan,dikirimkan
ahsudahlah,ah sudahlah
dipikiriin,dipikirkan
keepstrong,keep strong
nggak.tapi,nggak. tapi
tebatabata,teba tabata
prmaslahan,permasalahan
kenapa.kek,kenapa. kayak
marah.walo,marah. walau
ngegantung,menggantung
se-anxiety,se-anxiety
bebarengan,bebarengan
meramaikan,meramaikan
merajalela,merajalela
sia-siakan,sia-siakan
dilecehkan,dilecehkan
dilaporkan,dilaporkan
sistematis,sistematis
sirkel-nya,sirkel-nya
menyumpahi,menyumpahi
dikonsumsi,dikonsumsi
dimandikan,dimandikan
dimaintain,dimaintain
persentase,persentase
persendian,persendian
budget-nya,budget-nya
persediaan,persediaan
persawitan,persawitan
persatukan,persatukan
persalinan,persalinan
persaingan,persaingan
perputaran,perputaran
lambeturah,lambe turah
menyisakan,menyisakan
dinasihati,dinasihati
skripsweet,skripsweet
skripsinya,skripsinya
scientific,scientific
personalku,personalku
persoalkan,persoalkan
persilatan,persilatan
persiapkan,persiapkan
temenorang,temen orang
depressiin,depressi in
kestressan,kestresan
gimana.dia,gimana. dia
kebahagian,kebahagiaan
khawatiran,kekhawatiran
sisterhood,sisterhood
dipadamkan,dipadamkan
dioptimasi,dioptimasi
pertanyaan,pertanyaan
pertamanya,pertamanya
pertahanan,pertahanan
perspektif,perspektif
menyindiri,menyindir
pedihsusah,pedih susah
autismadhd,autism adhd
dimudahkan,dimudahkan
dimintanya,dimintanya
dimeremkan,dimeremkan
dimengerti,dimengerti
dilemahkan,dilemahkan
menyukaiku,menyukaiku
menyoalkan,menyoalkan
ngerasaain,merasakan
sedihparno,sedih parno
aboundment,abandonment
ngilangain,menghilangkan
kencengnya,kencang
kedistract,distract
persetanan,persetanan
sketchbook,sketchbook
dimulainya,dimulainya
diobrolkan,diobrolkan
dimasukkan,dimasukkan
dinyatakan,dinyatakan
dinyalakan,dinyalakan
menyimpang,menyimpang
menyiksaku,menyiksaku
menyiapkan,menyiapkan
diomongkan,diomongkan
dipecahkan,dipecahkan
dipatahkan,dipatahkan
menyukaimu,menyukaimu
dipaksakan,dipaksakan
dipaketkan,dipaketkan
dipakaikan,dipakaikan
diperbaiki,diperbaiki
dipelajari,dipelajari
pertemukan,pertemukan
brtahankah,brtahankah
pertemanan,pertemanan
bedwetting,bedwetting
saudaranya,saudaranya
saturation,saturation
sakit.trus,sakit. terus
dinyinyiri,dinyinyiri
dipesankan,dipesankan
dipersulit,dipersulit
snowflakes,snowflakes
menyetrika,menyetrika
dipojokkan,dipojokkan
dipisahkan,dipisahkan
somethings,somethings
appreciate,appreciate
brkeluarga,brkeluarga
brkcukupan,brkcukupan
perusahaan,perusahaan
ngelihatin,melihat
dikintilin,dikintili
kecapekaan,kecapekan
personally,personally
diresepkan,diresepkan
direnovasi,direnovasi
menyeriusi,menyeriusi
appearance,appearance
apparently,apparently
sosialiasi,sosialiasi
dirumahkan,dirumahkan
dirujuknya,dirujuknya
pesanannya,pesanannya
perwakilan,perwakilan
dikomporin,dikompori
nangiskuat,nangis kuat
sleeveless,sleeveless
diperparah,diperparah
diperlukan,diperlukan
dipercepat,dipercepat
ngedapetin,mendapatkan
didalamnya,di dalamnya
mnyebabkan,menyebabkan
terus.plis,terus. plis
dl.bukanya,dulu. bukanya
mnyusahkan,menyusahkan
mertahanin,mempertahankan
kerjaannya,kerjaan
ngobatinya,mengobatinya
penjilitan,penjilidan
pertiketan,pertiketan
diputuskan,diputuskan
dipungkiri,dipungkiri
dipulihkan,dipulihkan
dipastikan,dipastikan
diributkan,diributkan
sasarannya,sasarannya
disanggupi,disanggupi
disamperin,disamperin
dipikirkan,dipikirkan
disability,disability
disclaimer,disclaimer
discipline,discipline
discharged,discharged
disarankan,disarankan
menyenggol,menyenggol
speechless,speechless
petugasnya,petugasnya
brkalimsih,brkalimsih
brintraksi,brintraksi
pesawatnya,pesawatnya
samping-mu,sampingmu
menyeluruh,menyeluruh
diremehkan,diremehkan
disediakan,disediakan
disebutkan,disebutkan
disebarkan,disebarkan
disebabkan,disebabkan
discovered,discovered
disconnect,disconnect
diselimuti,diselimuti
disepakati,disepakati
disinyalir,disinyalir
physically,physically
photogenic,photogenic
ngebendung,membendung
beritabaca,berita baca
satire-nya,satire-nya
qodarullah,qadarullah
bingungnya,bingung
18thtolong,18 tahun
struggleku,struggle-ku
berubahnya,perubahan
ekpresikan,ekspresikan
terendahkn,merendahkan
skitpusing,sakit pusing
drimananya,darimananya
se-dibikin,dibikin
ngerepotin,merepotkan
segerombol,segerombolan
ngeliatnya,melihatnya
soundcheck,soundcheck
sosmed-nya,sosmed-nya
menyendiri,menyendiri
diskusinya,diskusinya
diskusikan,diskusikan
antisosial,antisosial
antisipasi,antisipasi
distracted,distracted
disrespect,disrespect
disuguhkan,disuguhkan
disudutkan,disudutkan
staycation,staycation
statistika,statistika
ditakutkan,ditakutkan
menhampiri,menghampiri
menggiggil,menggigil
duit.gedek,duit. gede
masturbas1,masturbasi
ngebalesin,membalas
answerella,answerella
ditinggali,ditinggali
ditidurkan,ditidurkan
ditetapkan,ditetapkan
diteruskan,diteruskan
menyangkut,menyangkut
bilang.aku,bilang. aku
oengalaman,pengalaman
ngebantuin,membantu
kasirkerja,kasir kerja
awal-akhir,awal akhir
breakdance,breakdance
disinggung,disinggung
anxiolytic,anxiolytic
stabilizer,stabilizer
disadarkan,disadarkan
menyalakan,menyalakan
menyajikan,menyajikan
borderline,borderline
divalidasi,divalidasi
diutarakan,diutarakan
percentnya,persennya
pilihannya,pilihannya
pikirannya,pikirannya
ditanggung,ditanggung
ditanggapi,ditanggapi
menyeletuk,menyeletuk
menyayangi,menyayangi
menyatukan,menyatukan
menyatakan,menyatakan
ditentukan,ditentukan
ditelusuri,ditelusuri
tiba-tibaー,tiba-tiba
adakalanya,kadang
hangat2nya,hangat-hangatnya
activities,aktivitas
maanfaatin,memanfaatkan
menyamping,menyamping
menyambung,menyambung
ditresnani,ditresnani
ditransfer,ditransfer
dismissive,dismissive
ditolaknya,ditolaknya
dititipkan,dititipkan
diturunkan,diturunkan
ditulisnya,ditulisnya
diuninstal,diuninstal
menyamakan,menyamakan
diwajibkan,diwajibkan
menundanya,menundanya
menumpangi,menumpangi
menulisnya,menulisnya
menuangkan,menuangkan
mentrigger,mentrigger
struggling,struggling
strict-nya,strict-nya
mentioning,mentioning
mentalitas,mentalitas
menstruasi,menstruasi
ganyambung,gak nyambung
seharihari,sehari-hari
._________,<noise>
-friedrich,<noise>
ngepojokin,memojokkan
menjauhiku,menjauhiku
doujin-nya,doujin-nya
suffocated,suffocated
portofolio,portofolio
behaviours,behaviours
didahuluin,didahului
permainkan,memainkan
permalukan,mempermalukan
ngasihanin,mengasihaninya
sepasangan,sepasang
boundaries,batas
diusahakan,diusahakan
menutupnya,menutupnya
menurunnya,menurunnya
menurunkan,menurunkan
ditambahku,ditambahku
highschool,high school
ngerusakin,merusakkan
beberesnya,beberes nya
games.maen,games. main
ngilangiin,menghilangkan
menopangku,menopangku
pornografi,pornografi
menomorkan,menomorkan
dokumenter,dokumenter
ditoxic-in,ditoxic-in
menolaknya,menolaknya
menjugling,menjugling
sucralfate,sucralfate
suasananya,suasananya
menjijikan,menjijikan
dopaminnya,dopaminnya
diwujudkan,diwujudkan
menikahkan,menikahkan
menidurkan,menidurkan
mengutangi,mengutangi
dua-duanya,dua-duanya
mengurangi,mengurangi
supervisor,supervisor
superpower,superpower
mengungkit,mengungkit
mengundang,mengundang
mengulangi,mengulangi
post-kodil,post-kodil
sma-kuliah,sma kuliah
anxietynya,anxiety
dijadwalin,dijadwalkan
transferin,transferkan
mengkritik,mengkritik
mengkhayal,mengkhayal
dysmorphic,dysmorphic
dysmorphia,dysmorphia
suruhannya,suruhannya
surrounded,surrounded
10 minutes,10 menit
2oi7-gagal,2017 gagal
malu2tetap,malu-malu tetap
ngeong2nya,ngeongan-ngeongannya
merasakaan,merasakan
sia-siagak,sia-sia
menitipkan,menitipkan
menitikkan,menitikkan
meningitis,meningitis
sulapannya,sulapannya
menghilang,menghilang
menghidupi,menghidupi
menghentak,menghentak
memutuskan,meninggalkan
jawa-sunda,jawa sunda
dikepalaku,di kepalaku
positivity,positivity
positively,positively
mengubahku,mengubahku
menguatkan,menguatkan
menolongku,menolongku
anankastik,anankastik
supportive,supportive
mengontrak,mengontrak
mengompori,mengompori
duniawinya,duniawinya
screentime,screen time
dikompleks,di komplek
aksbsknsks,<noise>
pra-makrab,pra-makrab
postpartum,postpartum
mengiyakan,mengiyakan
mengisinya,mengisinya
driver-nya,driver-nya
mengiranya,mengiranya
ampunan-mu,ampunan-mu
swaperiksa,swaperiksa
susunannya,susunannya
sustenance,sustenance
mengindigo,mengindigo
menghitung,menghitung
menghindar,menghindar
menghantui,menghantui
eksperimen,eksperimen
ekspektasi,ekspektasi
eksistensi,eksistensi
pre-record,pre-record
praktiknya,praktiknya
praktikkan,praktikkan
practicing,practicing
ekonominya,ekonominya
bjdcosplay,bjd cosplay
dippisahin,dipisahkan
hidungatau,hidung atau
tersingung,tersinggung
tenang2nya,tenang-tenangnya
nge-manage,manage
kalokalian,kalo kalian
presentasi,presentasi
prerogatif,prerogatif
prenuptial,prenuptial
premiumnya,premiumnya
preferensi,preferensi
preference,preference
susahtidur,susah tidur
teletubies,teletubbies
shetheyhim,she/they/him
bekecambuk,bekecambuk
sampingnya,sampingnya
effort-nya,effort-nya
syutingnya,syutingnya
mengontrol,mengontrol
syariahnya,syariahnya
menghargai,menghargai
previously,previously
presidenan,presidenan
breakupsex,breakup sex
orangtuaku,orang tuaku
mndengarkn,mendengarkan
seacakadul,acak-acakan
menghantam,menghantam
menghandle,menghandle
tahajudnya,tahajudnya
tabunganku,tabunganku
mengisikan,mengisikan
menghakimi,menghakimi
menghadiri,menghadiri
menghadapi,menghadapi
ekstrovert,ekstrovert
ekstirpasi,ekstirpasi
pembullyan,pembulian
plampiasan,pelampiasan
elementary,elementary
elektronik,elektronik
menggunung,menggunung
takikardia,takikardia
system-nya,system-nya
menggigiti,menggigiti
menggerutu,menggerutu
menggembel,menggembel
mengganjal,mengganjal
mengganggu,mengganggu
menggambar,menggambar
alternatif,alternatif
empathetic,empathetic
pribadinya,pribadinya
menghambat,menghambat
almarhumah,almarhumah
mengerikan,mengerikan
mengenakan,mengenakan
mengelupas,mengelupas
problemnya,problemnya
problem-mu,problem-mu
privileged,privileged
prioritize,prioritize
prinsipnya,prinsipnya
engagement,engagement
tantrumnya,tantrumnya
terstuktur,terstruktur
seungcheol,Seungcheol
ckup.pergi,ckup. pergi
manfaatnya,manfaat
menge-chat,menge-chat
equivalent,equivalent
telanjangi,telanjangi
tekanannya,tekanannya
mengatakan,mengatakan
mengarungi,mengarungi
telinganya,telinganya
alcoholics,alcoholics
blablabala,blablabala
belakangan,belakangan
sbsbsbsbsh,<noise>
bangkitnya,bangkit
mengetahui,mengetahui
tangguhkan,tangguhkan
tanggalnya,tanggalnya
alprazolam,alprazolam
pasti.tapi,pasti. tapi
ngepacking,mengepak
sebenermya,sebenarnya
sedikutpun,sedikit pun
merubahnya,mengubahnya
mengunakan,menggunakan
ditenangin,ditenang
amygdalaku,amygdala ku
nyampurnya,mencampurnya
hahahahaha,anxiety
allahualam,allahualam
tangisanku,tangisanku
tanggungan,tanggungan
tatapannya,tatapannya
menggosipi,menggosipi
enteng-nya,enteng-nya
teleponnya,teleponnya
menganiaya,menganiaya
alparzolam,alparzolam
menganggur,menganggur
menganggap,menganggap
mengandung,mengandung
evaluation,evaluation
euthanasia,euthanasia
everywhere,everywhere
everything,everything
profesinya,profesinya
productive,productive
proclaimed,proclaimed
processing,processing
mejelekkan,menjelekkan
nutupinnya,menutupinya
exhausting,exhausting
mengakhiri,mengakhiri
mengajukan,mengajukan
al-fatihah,al-fatihah
temperamen,temperamen
mengadunya,mengadunya
mengadakan,mengadakan
expressing,expressing
tendencies,tendencies
bismillahi,bismillahi
ngebalikin,membalikkan
dikurangin,dikurangi
mgenuktiin,membuktikan
weizheming,wei zheming
belajarlah,belajarlah
sambungnya,sambungnya
fairytopia,fairytopia
menentukan,menentukan
faktor-nya,faktor-nya
propaganda,propaganda
menemanimu,menemanimu
temprament,temperament
dihianatin,dikhianati
gemeternya,gemeter
suamiistri,suami istri
penyesuain,penyesuaian
proceeding,proceeding
blackmores,blackmores
eventually,eventually
mengambang,mengambang
enthusiast,enthusiast
exhibition,exhibition
ngringanin,meringankan
proshipprs,proshippers
pengmasnya,pengmas-nya
kanan-kiri,kanan kiri
harmonisan,keharmonisan
bismillaah,bismillaah
experiment,experiment
meng-spill,meng-spill
akselerasi,akselerasi
mengangkat,mengangkat
meng-reply,meng-reply
meng-quote,meng-quote
meng-cover,meng-cover
meneteskan,meneteskan
meneruskan,meneruskan
menerapkan,menerapkan
meneleponi,meneleponi
fandom-nya,fandom-nya
menebarkan,menebarkan
temanannya,temanannya
ter-dabest,ter-dabest
mendoktrin,mendoktrin
fangirling,fangirling
fanfic-nya,fanfic-nya
terancamku,terancamku
teralihkan,teralihkan
terakhiran,terakhiran
bingunging,bingunging
protokoler,protokoler
protesting,protesting
protagonis,protagonis
karakterya,karakter ya
fathurazka,fathurazka
terbaiknya,terbaiknya
feeling-ku,feeling-ku
terbarunya,terbarunya
psikologis,psikologis
psikiatris,psikiatris
provokator,provokator
provokatif,provokatif
terbanting,terbanting
terbangnya,terbangnya
turbulance,turbulence
ngeladenin,menanggapi
kbiasaanya,kebiasaannya
nafkahi.yg,nafkahi. yang
conditions,kondisi
menelusuri,menelusuri
disumpahin,disumpahi
ngomong2in,membicarakan
wkekwisksk,<noise>
jahsakskak,<noise>
nyelamatin,menyelamatkan
pedekadang,pede kadang
maag.sudah,maag. sudah
diagnosaku,diagnosa
depression,depresi
menyanyagi,menyayangi
prostitusi,prostitusi
biological,biological
ter-nyesek,ter-nyesek
akademikmu,akademikmu
akreditasi,akreditasi
favourites,favourites
mencarinya,mencarinya
mencarikan,mencarikan
mencairkan,mencairkan
akabayashi,akabayashi
menawarkan,menawarkan
menatapnya,menatapnya
menasihati,menasihati
menaruhnya,menaruhnya
menanyakan,menanyakan
terbesarmu,terbesarmu
terberatku,terberatku
rujukannya,rujukannya
ruangannya,ruangannya
psychology,psychology
psikologku,psikologku
dinafkahin,dinafkahi
firstmedia,firstmedia
menamatkan,menamatkan
menakutkan,menakutkan
menahannya,menahannya
terburukku,terburukku
terbongkar,terbongkar
memungkiri,memungkiri
flourished,flourished
memulihkan,memulihkan
memuliakan,memuliakan
mana.sampe,mana. sampai
persentasi,persentase
ngungkapin,mengungkapkan
kiragimana,kira gimana
menasehati,nasihat
festivalan,festivalan
terdeteksi,terdeteksi
affordable,affordable
fotografer,fotografer
bibliothek,bibliothek
kemanamana,kemana-mana
dilihatkan,diperlihatkan
sepekan-an,sepekan
menunjukan,menunjukkan
nyebarkeun,menyebarkan
ya.keplaku,ya. kepala aku
terbendung,terbendung
menanggung,menanggung
menanggapi,menanggapi
menandakan,menandakan
mendatangi,mendatangi
menanamkan,menanamkan
kmungkinan,kemungkinan
phisically,physically
mngabaikan,mengabaikan
melalkukan,melakukan
memudahkan,memudahkan
fluoxetine,fluoxetine
fluktuatif,fluktuatif
afterwards,afterwards
fikirannya,fikirannya
tercengang,tercengang
memposting,memposting
folbek-nya,folbek-nya
terdekatku,terdekatku
tercintaku,tercintaku
memperkuat,memperkuat
formalitas,formalitas
menanamnya,menanamnya
meminumnya,meminumnya
friendzone,friendzone
freelancer,freelancer
tergelitik,tergelitik
tergantung,tergantung
tergampang,tergampang
memimpikan,memimpikan
memikirkan,memikirkan
frustrated,frustrated
frontliner,frontliner
biarkanlah,biarkanlah
perempuang,perempuan
ngebahagia,membahagiakan
besokannya,besoknya
seserebtan,seseretan
membuatkan,membuatkan
membuangku,membuangku
adrenaline,adrenaline
terguncang,terguncang
membuahkan,membuahkan
membongkar,membongkar
romantisan,romantisan
inatentive,inattentive
dimanamana,di mana-mana
ramai.atau,ramai. atau
kamprettgy,kampret
hidupsehat,hidup sehat
punishment,punishment
freakiness,freakiness
memotivasi,memotivasi
memojokkan,memojokkan
gampangnya,gampangnya
membeludak,membeludak
romcom-nya,romcom-nya
romantisme,romantisme
1oometeran,100 meteran
kerumahnya,pulang
cikolognya,cikolog nya
qadarullah,qadarullah
memelototi,memelototi
memelihara,memelihara
memejamkan,memejamkan
afterparty,afterparty
gabung-nya,gabung-nya
membunuhmu,membunuhmu
membunuhku,membunuhku
membungkam,membungkam
.depressed,. depressed
kpribadian,kepribadian
confidence,percaya diri
halusisego,halusinasi ego
membohongi,membohongi
membimbing,membimbing
gagang-nya,gagang-nya
membiarkan,membiarkan
memisahkan,memisahkan
additional,additional
terjadilah,terjadilah
memberikan,memberikan
member-nya,member-nya
membendung,membendung
membencimu,membencimu
membenciku,membenciku
memecahkan,memecahkan
terjerumus,terjerumus
gantengnya,gantengnya
membayangi,membayangi
membanding,membanding
terkontrol,terkontrol
terkoneksi,terkoneksi
ada-adakan,ada-adakan
terkendali,terkendali
rating-nya,rating-nya
rasakanlah,rasakanlah
terkendala,terkendala
awal.kapok,awal. kapok
depressive,depresif
ditampakin,ditampakkan
tibanangis,tiba-tiba nangis
panjekasan,penjelasan
domperidon,domperidone
bandel2nya,bandel2 nya
didatengin,didatangi
masukkanya,masukkannya
kacaubalau,kacau balau
nge-public,public
mengahdapi,menghadapi
mendeerita,menderita
seringkali,sering kali
friendship,persahabatan
mndapatkan,mendapatkan
membelikan,membelikan
membelanya,membelanya
membedakan,membedakan
terkecuali,terkecuali
mematahkan,mematahkan
terjangkau,terjangkau
memastikan,memastikan
memasarkan,memasarkan
memarahiku,memarahiku
memaparkan,memaparkan
account-ku,account-ku
accomplish,accomplish
terlaksana,terlaksana
memandangi,memandangi
memamerkan,memamerkan
memaksakan,memaksakan
realitanya,realitanya
kerjaanpun,kerjaan pun
anxiety-in,anxiety
didiagnosa,didiagnosa 
meluangkan,meluangkan
meloloskan,meloloskan
melipatnya,melipatnya
melindungi,melindungi
melihatnya,melihatnya
melibatkan,melibatkan
melewatkan,melewatkan
melewatimu,melewatimu
melepaskan,melepaskan
melengkapi,melengkapi
beneficial,beneficial
musikgitar,musik gitar
.kebutuhan,. kebutuhan
gatekeeper,gatekeeper
membagikan,membagikan
membacanya,membacanya
melamunkan,melamunkan
getarannya,getarannya
melalaikan,melalaikan
bahagianya,bahagia
dengerliat,denger liat
kejam.jika,kejam. jika
kirakenapa,kira kenapa
anxietymag,anxiety mag
mengforsir,memforsir
trlewatkan,terlewatkan
ngbahayain,membahayakan
memakannya,memakannya
memahamiku,memahamiku
mem-follow,mem-follow
gelang-nya,gelang-nya
terjungkal,terjungkal
sebebernya,sebenarnya
motivation,motivasi
benerbener,bener-bener
generation,generation
acceptance,acceptance
acceptable,acceptable
melemahkan,melemahkan
memasukkan,memasukkan
melawannya,melawannya
gerakannya,gerakannya
melankolis,melankolis
melangkahi,melangkahi
absolutely,absolutely
termaafkan,termaafkan
terlupakan,terlupakan
terluapkan,terluapkan
ginipaling,ginipaling
gimana-nya,gimana-nya
gilirannya,gilirannya
matahariku,matahariku
masyarakat,masyarakat
masyaallah,masyaallah
masturbasi,masturbasi
glandangan,glandangan
bertnggung,bertnggung
inipadahal,ini padahal
semuaorang,semua orang
nyangkutin,menyangkutkan
hidup.jadi,hidup. jadi
metricsnya,metriknya
prilakunya,perilakunya
ngerasanya,merasakannya
gorden-nya,gorden-nya
government,government
semangatin,menyemangati
3892t26625,banyak
jelek.kita,jelek. kita
sndri.pdhl,sendiri. padahal
dipindahin,dipindahkan
ngenyangin,menikmati
dipermudah,permudah
bertepatan,bertepatan
bertengkar,bertengkar
melahirkan,melahirkan
medicating,medicating
accounting,accounting
terpampang,terpampang
matematika,matematika
tenggorokn,tenggorokan
trnginyang,teringat-ingat
bertingkah,bertingkah
terpenjara,terpenjara
terpanjang,terpanjang
terpanggil,terpanggil
melelahkan,melelahkan
terpancing,terpancing
manusiakan,manusiakan
manipulasi,manipulasi
manfaatkan,manfaatkan
terpingkal,terpingkal
terpercaya,terpercaya
terpenting,terpenting
manchester,manchester
malpraktik,malpraktik
meaningful,meaningful
mainstream,mainstream
maafkanlah,maafkanlah
lukisannya,lukisannya
greget-nya,greget-nya
lockscreen,lockscreen
guantanamo,guantanamo
listriknya,listriknya
linguistik,linguistik
lingkungan,lingkungan
lindungiku,lindungiku
berserabut,berserabut
jam-jamnya,jam
introfeksi,introspeksi
tiptoe-ing,tiptoeing
kluarganya,keluarganya
legendaris,legendaris
lebarannya,lebarannya
layout-nya,layout-nya
latihannya,latihannya
laporannya,laporannya
hadiah-nya,hadiah-nya
restarting,restarting
responsnya,responsnya
bersemayam,bersemayam
bersedekah,bersedekah
dikabulkan,kabulkan
mood-swing,moodswing
review-nya,review-nya
makhluknya,makhluknya
tersangkut,tersangkut
tersandung,tersandung
ngeberesin,membereskan
ngebebasin,membebaskan
pervayalah,percayalah
seneng2nya,senang-senangnya
dikletekin,dikleteki
nngerasain,merasakan
apa2selalu,apa saja
solusi.gak,solusi. gak
diharapkan,harapan
ngetrigger,meng-trigger
bersendawa,bersendawa
reevaluate,reevaluate
gurauannya,gurauannya
liburannya,liburannya
terpandang,terpandang
lengkapnya,lengkapnya
lantangnya,lantangnya
tersendiri,tersendiri
terrifying,terrifying
ShopeeFood,ShopeeFood
Seunghanie,Seunghanie
Seungcheol,Seungcheol
PondPhuwin,PondPhuwin
langkahnya,langkahnya
lampiaskan,lampiaskan
lambungnya,lambungnya
bersahutan,bersahutan
bersahabat,bersahabat
retrograde,retrograde
rethinking,rethinking
disepongin,disepong
mashaallah,masyaallah
kuntilanak,kuntilanak
kumasukkan,kumasukkan
kukerjakan,kukerjakan
kuatkanlah,kuatkanlah
berprogres,berprogres
berprofesi,berprofesi
berprinsip,berprinsip
berprilaku,berprilaku
berpotensi,berpotensi
berpositif,berpositif
berantemin,berantem
ngebungkam,membungkam
mninggalkn,meninggalkan
memyetrika,menyetrika
bersaudara,bersaudara
bersamanya,bersamanya
kanankarna,kanan karena
minumbikin,minum bikin
ank.serasa,ank. serasa
ditelfonin,ditelepon
kumenangis,ku menangis
segala2nya,segala-galanya
sedikitpun,sedikit pun
naujubilah,nauzubillah
cemburuiri,cemburu iri
ditontonin,ditonton
restlessly,restlessly
lambangnya,lambangnya
lamarannya,lamarannya
halusinasi,halusinasi
liberation,liberation
kupaksakan,kupaksakan
harapannya,harapannya
Simatupang,Simatupang
tertangani,tertangani
tersugesti,tersugesti
hardworker,hardworker
resistensi,resistensi
berobatnya,berobatnya
berpikirin,berpikirin
berpikiran,berpikiran
berperkara,berperkara
berpergian,berpergian
korsletnya,korsletnya
korsleting,korsleting
enggapaham,enggan paham
puncak2nya,puncak-puncaknya
adfghkfdsf,depressed happy ending
berpelukan,berpelukan
berpatokan,berpatokan
berpapasan,berpapasan
berpakaian,berpakaian
resort-nya,resort-nya
beralkohol,beralkohol
beralaskan,beralaskan
effortsnya,efforts-nya
depresinya,depresi
anggotanya,anggota
menyalahkn,menyalahkan
mendengari,mendengar
nganggurin,menganggurkan
bersalaman,bersalaman
kualitatif,kualitatif
harassment,harassment
agrophobia,agoraphobia
sinrudiana,sin rudiana
ulangtahun,ulang tahun
sihnpengen,sih pengin
imbuprofen,ibuprofen
dikangenin,dikangeni
sweettooth,sweet tooth
koordinasi,koordinasi
kontrolnya,kontrolnya
kontribusi,kontribusi
konsultasi,konsultasi
halobestie,halobestie
konfirmasi,konfirmasi
komunikasi,komunikasi
komplikasi,komplikasi
kompetitif,kompetitif
komentarku,komentarku
komentarin,komentarin
kolesterol,kolesterol
tertantang,tertantang
helikopter,helikopter
keuntungan,keuntungan
ketumpahan,ketumpahan
ketulungan,ketulungan
ketinggian,ketinggian
themselves,themselves
tetanggaku,tetanggaku
tetanggaan,tetanggaan
ketindihan,ketindihan
ketikannya,ketikannya
bermonolog,bermonolog
dimuntahin,dimuntahkan
keterangan,keterangan
ketenangan,ketenangan
ketempelan,ketempelan
higusenpai,higusenpai
residences,residences
resentment,resentment
reschedule,reschedule
berantakin,berantakin
berantakan,berantakan
berantakam,berantakam
disuuzonin,disuuzoni
orangtuamu,orang tuamu
ketawatawa,ketawa-tawa
h-seminggu,kurang dari seminggu
ngeyakinin,meyakinkan
kompetensi,kompetensi
bermasalah,bermasalah
bermanfaat,bermanfaat
tinggalnya,tinggalnya
tinggalkan,tinggalkan
hipertensi,hipertensi
hiperfokus,hiperfokus
ilanginnya,hilanginnya
orangsampe,orang sampai
forgetting,lupa
melarangmu,melarang
refreshing,refreshing
reflection,reflection
thrill-nya,thrill-nya
hideki-san,hideki-san
tertinggal,tertinggal
hiburannya,hiburannya
kelakuanya,kelakuannya
mockupsnya,mockup-nya
senengkalo,senang kalau
laaki-laki,laki-laki
sinopsinya,sinopsisnya
pnghasilan,penghasilan
berangsung,berangsung
berangakan,berangakan
hilang-nya,hilang-nya
ketegangan,ketegangan
kolektorku,kolektorku
berlebihan,berlebihan
berlebiahn,berlebiahn
berlawanan,berlawanan
bermesraan,bermesraan
bermekaran,bermekaran
ketahuilah,ketahuilah
hidatidosa,hidatidosa
kesukaanku,kesukaanku
kestabilan,kestabilan
kesimpulan,kesimpulan
kesiksanya,kesiksanya
keseriusan,keseriusan
keseringan,keseringan
keserempet,keserempet
kesenangan,kesenangan
kesempatan,kesempatan
kesembuhan,kesembuhan
berkunjung,berkunjung
contentnya,content nya
experience,pengalaman
openingnya,opening-nya
kesampaian,kesampaian
kerontokan,kerontokan
kerjainnya,kerjainnya
reproduksi,reproduksi
repressive,repressive
berkhianat,berkhianat
berketombe,berketombe
tolak.tapi,tolak. tapi
jemputsama,jemput sama
jantungnya,jantung
mnyuruhnya,menyuruhnya
lifeonline,life online
dicampakan,dicampakkan
hiperaktif,hiperaktif
ketampanan,ketampanan
ketambahan,ketambahan
berkembang,berkembang
berargumen,berargumen
dibohongin,dibohongi
junjunganx,junjungannya
ahdhsjsjbs,<noise>
wajar.stlh,wajar. setelah
nyelidikin,menyelidiki
rei-sensei,rei-sensei
berlindung,berlindung
keseharian,keseharian
homosexual,homosexual
tingkahnya,tingkahnya
homophobia,homophobia
homescreen,homescreen
homecoming,homecoming
kesayangan,kesayangan
malemsubuh,malam subuh
wujudinnya,mewujudkannya
berkerumun,berkerumun
keringetan,keringetan
keringatan,keringatan
kerendahan,kerendahan
kesuksesan,kesuksesan
kepusingan,kepusingan
traumatize,traumatize
transparan,transparan
humbleness,humbleness
kepenyakit,kepenyakit
kependekan,kependekan
kepedulian,kepedulian
kepasangan,kepasangan
berkenalan,berkenalan
triggering,triggering
homophobic,homophobic
travelling,travelling
hyperfocus,hyperfocus
hyperaktif,hyperaktif
kenyamanan,kenyamanan
kendalikan,kendalikan
kencangnya,kencangnya
kencangkan,kencangkan
kenarsisan,kenarsisan
berbahagia,berbahagia
rekeningku,rekeningku
rekamannya,rekamannya
kusalutkan,ku salutkan
psikomatis,psikosomatis
brandingan,branding an
tulisannya,tulisannya
tryout-nya,tryout-nya
kemauannya,kemauannya
kematianku,kematianku
kemarinnya,kemarinnya
kemalingan,kemalingan
kemalangan,kemalangan
kelucuanku,kelucuanku
berbanding,berbanding
ngehasilin,menghasilkan
jalaninnya,jalanin
cewekcowok,cewek cowok
dirumahnya,di rumahnya
repurchase,repurchase
kepalangan,kepalangan
triggernya,triggernya
ilustrator,ilustrator
kekurangan,kekurangan
berjatuhan,berjatuhan
berjam-jam,berjam-jam
berkantung,berkantung
berkantong,berkantong
kegiatanku,kegiatan
ngerestuin,merestui
crochetnya,crochet nya
berkecamuk,berkecamuk
berkendara,berkendara
kemunculan,kemunculan
kemoterapi,kemoterapi
keraguanku,keraguanku
kemenangan,kemenangan
kembalikan,kembalikan
terimakash,terima kasih
bertele2ku,bertele2 ku
ngefeeling,nge-feeling
sehari2nya,sehari-harinya
dimaklumin,dimaklumi
friendless,teman
kelompokan,kelompokan
keliyengan,keliyengan
keleyengan,keleyengan
ikhsanqthi,ikhsanqthi
treasuring,treasuring
kelancaran,kelancaran
kelambatan,kelambatan
kelakuanmu,kelakuanmu
31-10-2024,31-10-2024
turbulence,turbulence
kekambuhan,kekambuhan
kemiskinan,kemiskinan
impression,impression
impossible,impossible
ueueueueue,ueueueueue
twitter-an,twitter-an
inalillahi,inalillahi
kejiwaanku,kejiwaanku
inaugurasi,inaugurasi
kejawabnya,kejawabnya
independen,independen
berbelanja,berbelanja
beriringan,beriringan
baperlemah,baper lemah
ngebalance,menyeimbangkan
nenghadapi,menghadapi
influencer,influencer
understand,understand
underrated,underrated
underprice,underprice
keikhlasan,keikhlasan
unfinished,unfinished
unfamiliar,unfamiliar
repetition,repetition
presentase,persentase
ngeringkuk,meringkuk
concernnya,concern nya
-boycandra,<noise>
dikeluarin,keluarin
kekosongan,kekosongan
kekecewaan,kekecewaan
kekasihnya,kekasihnya
menemaniku,menemani
trimakasih,terima kasih
anxiousnya,anxious
rample2nya,rempel-rempelnya
gugup.beda,gugup. beda
suami.hnya,suami. hanya
sendiripun,sendiri pun
kedzaliman,kedaliman
increasing,increasing
unbothered,unbothered
unbearable,unbearable
incomplete,incomplete
kelanjutan,kelanjutan
indirectly,indirectly
kejadianku,kejadianku
keingatnya,keingatnya
kekaisaran,kekaisaran
kehangatan,kehangatan
kehancuran,kehancuran
kehalangan,kehalangan
innalillah,innalillah
inisialnya,inisialnya
kegundahan,kegundahan
kegoblokan,kegoblokan
berbincang,berbincang
berikutnya,berikutnya
berikhtiar,berikhtiar
kegirangan,kegirangan
perasaanya,perasaannya
menghendle,menghandle
cuek.kawan,cuek. kawan
aneh2cemas,aneh2 cemas
insurances,insurances
instastory,instastory
intensitas,intensitas
bergiliran,bergiliran
bergembira,bergembira
berbungkus,berbungkus
berbuatlah,berbuatlah
intervensi,intervensi
bacanonton,baca nonton
xjvdegdevd,<noise>
perempuaan,perempuan
dsembuhkan,disembuhkan
berbenefit,berbenefit
unemployed,unemployed
undetected,undetected
kehilangan,kehilangan
bergeletak,bergeletak
bergejolak,bergejolak
bergantung,bergantung
berhadapan,berhadapan
berhadapam,berhadapam
kedinginan,kedinginan
menjakanmu,memanjakanmu
disalurkan,salurkan
inshaallah,inshaallah
insensitif,insensitif
insecurity,insecurity
kegelegaan,kegelegaan
individual,individual
kegangguan,kegangguan
kegairahan,kegairahan
insyaallah,insyaallah
ditangisin,ditangisi
kisah_hdup,kisah hidup
anhubungan,an hubungan
to-do-list,to-do list
pertahanin,mempertahankan
questioner,kuesioner
intertwine,intertwine
internally,internally
interferes,interferes
intropeksi,intropeksi
keheningan,keheningan
upskilling,upskilling
upload-nya,upload-nya
update-nya,update-nya
kedokteran,kedokteran
invalidate,invalidate
kedepannya,kedepannya
kedengkian,kedengkian
kegedengan,kegedengan
kedengaran,kedengaran
kecurigaan,kecurigaan
validating,validating
keceplosan,keceplosan
kecelakaan,kecelakaan
kecantikan,kecantikan
istikharah,istikharah
kebudayaan,kebudayaan
kebohongan,kebohongan
kebobrokan,kebobrokan
berentinya,berentinya
prdagangan,perdagangan
ngeribetin,meribetkan
verstappen,verstappen
verspatung,verspatung
verifikasi,verifikasi
kebersihan,kebersihan
keberkahan,keberkahan
keberanian,keberanian
keberadaan,keberadaan
berdiskusi,berdiskusi
berdirinya,berdirinya
rencananya,rencananya
rencanakan,rencanakan
manggilnya,memanggilnya
merjuangin,memperjuangkan
pondphuwin,PondPhuwin
kediamanmu,kediamanmu
kedewasaan,kedewasaan
jahitannya,jahitannya
kebablasan,kebablasan
keangkuhan,keangkuhan
watermelon,watermelon
ke-trigger,ke-trigger
bercandain,bercandain
bercandaan,bercandaan
berdengung,berdengung
berdenging,berdenging
loneliness,kesepian
dengan-nya,dengannya
berefeknya,berefeknya
remembered,remembered
kebisingan,kebisingan
villainess,villainess
intimidasi,intimidasi
tertekanny,tertekannya
journaling,journaling
repeatedly,repeatedly
kacamataan,kacamataan
jobseeking,jobseeking
jadikanlah,jadikanlah
berdekatan,berdekatan
whatsoever,whatsoever
weaknesses,weaknesses
jatinangor,jatinangor
victim-nya,victim-nya
kampretnya,kampretnya
jawabannya,jawabannya
kalkulator,kalkulator
kalimatnya,kalimatnya
kalimantan,kalimantan
privattapi,privat tapi
mastrubasi,masturbasi
ngehadapin,menghadapi
dikursusin,dikursuskan
ngemention,menyebut
maladetive,maladaptive
kwkwkwkwok,wkwkwk
mencangkup,mencakup
karareeung,karareung
habis.saya,habis. saya
ngehadepin,menghadapi
mimikirkan,memikirkan
ngantuknya,ngantuk
keadaannya,keadaan
grabexpres,grab express
dipegangin,dipegangi
dikabulin,dikabulkan
baiksedih,baik sedih
dibesarin,dibesarkan
yesungnya,yesungnya
workspace,workspace
join-join,join-join
zhongxiao,zhongxiao
jobseeker,jobseeker
kaitannya,kaitannya
pencerita,pencerita
penasaran,penasaran
checklist,checklist
bner-bner,benar-benar
duakxjsks,dua <noise>
simplenya,simpelnya
sebagainy,sebagainya
orang.dan,orang. dan
jumlahnya,jumlah
cheongsan,cheongsan
kata-kata,kata
gelangnya,gelang-nya
sbenarnya,sebenarnya
ngingetin,mengingatkan
dilewatin,dilewati
ditelinga,di telinga
kejiawaan,kejiwaan
hawa-hawa,hawa
pacingnya,pacing-nya
supermasi,supremasi
diomongin,diomongkan
spertinya,sepertinya
seanxious,anxious
memojokan,memojokkan
gmn.minta,gimana. minta
-orangtua,orang tua
percintan,percintaan
storyofmu,story of mu
mnyayangi,menyayangi
disalurin,disalurkan
musiklagu,musik lagu
sjskdjdjd,<noise>
villaines,villainess
stidaknya,setidaknya
nangisnya,menangisnya
orng-orng,orang-orang
ditenggah,di tengah
se-social,sesocial
berhntiin,berhentiin
permaikan,permainan
tinggalin,tinggalkan
diturunin,diturunkan
yabukanya,ya bukannya
bernhenti,berhenti
matkulnya,mata kuliahnya
ngeluapin,meluapkan
th.setiap,tahun. setiap
seriously,serius
perbaikin,perbaiki
dibatesin,dibatasi
tenanglah,tenang
sebangsat,bangsat
sekenceng,sekencang
ngulangin,mengulangi
sirkel2an,sirkel-sirkelan
tepung2an,tepung-tepungan
anjgmales,anjing males
takdirnya,takdir
dianjurin,dianjurkan
swisaidal,suicidal
rumah.nya,rumah. nya
sepedahan,sepedaan
ngehakimi,menghakimi
mnguatkan,menguatkan
temen2nya,teman
goblok2in,goblok-goblokin
huehuehue,<noise>
nyamperin,menghampiri
entengnya,enteng-nya
ngelskuin,melakukan
bepergian,berpergian
tabarcode,tab barcode
segadeket,sega dekat
sksjsjsjk,<noise>
dijulidin,dijulidi
baikbukan,baik bukan
financial,keuangan
dikittkut,sedikit takut
dilihatin,dilihat
bentengin,bentengi
trbangung,terbangun
memasukan,memasukkan
bekunjung,berkunjung
masalahin,mempermasalahkan
sirkelnya,sirkel-nya
nyampeein,menyampaikan
mualaikum,assalamualaikum
membernya,member-nya
terdabest,ter-dabest
systemnya,system-nya
ngerelain,merelakan
sepakbola,sepak bola
nganterin,mengantarkan
berntakan,berantakan
seanxiety,se-anxiety
chatingan,chatting-an
dipatahin,dipatahkan
kaka-kaka,kaka
gutluking,goodlooking
difikiran,dipikiran
masadepan,masa depan
tertundah,tertunda
tengahari,tengah hari
nyenengin,menyenangkan
ngakhirin,mengakhiri
disekitar,di sekitar
pilihanya,pilihannya
naenderiw,<noise>
tanggepin,tanggapan
abangmbak,abang mbak
terdugatp,terduga tapi
ngelukain,melukai
ngejenguk,menjenguk
berhianat,berkhianat
spechless,speechless
sya.sudah,saya. sudah
ruwetlagi,ruwet lagi
mengijini,mengizini
ngapus2in,ngapus-ngapusin
hajwuahsh,<noise>
diingetin,diingatkan
lagi.sial,lagi. sial
dimusuhin,dimusuhi
sesetrong,sekuat
mcem-mcem,macam-macam
akwowowwo,<noise>
diributin,diributkan
updatenya,update-nya
dr.zaidul,dr. zaidul
direspect,di-respect
mengilang,menghilang
jurusanku,manajemen
masukanya,masukannya
dinikahin,dinikahi
book-book,book
besok2nya,besok-besoknya
skripsian,skripsi
ngajahuin,menjauhi
istrianak,istri anak
folbeknya,folbek-nya
ngerespon,merespons
nakmampos,nak mampus
awoskwowk,wkwkwk
tenaganya,tenaga
advoidant,avoidant
accountku,account-ku
goyang2in,goyang-goyangin
taringnya,taring
brantakan,berantakan
terserang,serang
meluoakan,melupakan
sepelepun,sepele pun
mrngingal,meninggal
tentramen,tentamen
handcarry,hand carry
stressnya,stress
takutsuka,takut suka
momentnya,momennya
ngilangon,menghilangkan
ngadepiny,ngadepinya
dissorder,disorder
speetirti,seperti
dagdigdug,dag dig dug
dijahatin,dijahati
anplanned,unplanned
cupcupcup,cup cup cup
spaylater,shopee paylater
ngerancau,meracau
everydaay,everyday
datengnya,datangnya
kerjacari,kerja cari
sulusimya,solusinya
guru-guru,guru
bnr2setia,benar-benar setia
anxious.-,anxious. -
ngejagain,menjaga
ke-detect,detect
effortnya,effort-nya
segalanya,segala
jahahahah,<noise>
ksenangan,kesenangan
dikataiin,dikatai
dmengerty,dimengerti
impactnya,impact
sekitaran,putus
tolognlaj,tolonglah
5 seconds,5 detik
dibikinin,dibuatkan
tobat.aku,tobat. aku
senyumnya,senyum
spikiater,psikiater
goncangan,guncangan
milennial,milenial
andaisaja,andai saja
takut.nya,takut. nya
wkwkwkwkw,hahaha
pungsinya,fungsinya
dkit-dkit,dikit-dikit
jantungku,jantung
oanggilan,panggilan
dimintain,dimintai
terdebgar,terdengar
sebagaian,sebagian
panassuhu,panas suhu
ngelayang,melayang
betingkah,bertingkah
critasena,cerita sena
dipalauin,dipalaui
diberesin,dibereskan
ngandelin,mengandalkan
ngebelain,membela
aktifitas,aktivitas
diingatin,diingatkan
gitu-gitu,gitu
dijalanan,di jalanan
bulukuduk,bulu kuduk
sebahagia,bahagia
ditemenin,ditemani
ditoxicin,ditoxic-in
nerimanya,menerimanya
hadiahnya,hadiah-nya
menghrpkn,mengharapkan
trkendala,terkendala
bertaubat,bertobat
psykiater,psikiater
layoutnya,layout-nya
dempet2an,dempet-dempetan
lagi pula,lagi pula
thrillnya,thrill-nya
poya-poya,foya-foya
dideketin,didekati
demiallah,demi Allah
pendiemny,pendiamnya
ngrepotin,merepotkan
gimananya,gimana-nya
ngepanpes,ngepampers
gaterlalu,ga terlalu
maininnya,memainkannya
kluargaku,keluargaku
mnghindar,menghindar
manfaatin,manfaatkan
gamungkin,tidak mungkin
ngecewain,mengecewakan
gabungnya,gabung-nya
securenya,secure-nya
wabrokhtu,wabarakatuh
seuseless,se-useless
ngalah2in,mengalahkan
terlintas,berjuang
selfclaim,self claim
onlinenya,online-nya
7terakhir,7 terakhir
bnar-bnar,benar-benar
attacknya,attack-nya
trkontrol,terkontrol
anxietyny,anxiety-nya
kesandung,tersandung
sebenrnya,sebenarnya
bacanulis,baca tulis
dibandara,di bandara
disalahin,disalahkan
sepenting,penting
pathethic,pathetic
ngelarang,melarang
kabarypun,kabary pun
pisah.dan,pisah. dan
kedua2nya,kedua2 nya
applikasi,aplikasi
dihantuin,dihantui
ternyesek,ter-nyesek
akskskkjs,<noise>
dibantuin,dibantu
abis-abis,habis-habis
minimalin,minimalisir
taun-taun,taun
kemarenan,kemarin
kerefresh,ke refresh
ai-nxiety,anxiety
nationnya,nation-nya
dzolimnya,zalim-nya
saya.tapi,saya. tapi
lukabatin,luka batin
selective,selektif
dikucilin,dikucilkan
udahannya,kesudahannya
ngeramein,meramaikan
medsosnya,media sosialnya
mikirinny,mikirinnya
sebenarny,sebenarnya
apapalagi,apa apalagi
dirikupun,diriku pun
mngalihkn,mengalihkan
keluargaq,keluarga q
nyata.tpi,nyata. tapi
ktrlaluan,keterlaluan
akunpunya,akun punya
maglinant,malignant
dizolimin,dizalimin
pinternya,pintarnya
semenejak,semenjak
spongebob,Spongebob
howtoadhd,how to adhd
khilangan,kehilangan
nyembuhin,menyembuhkan
sendangka,sedangkan
puwanjang,panjang
sendernya,sender
mrah-mrah,marah-marah
menghayal,mengkhayal
kepancing,terpancing
team-comp,team comp
diterusin,diteruskan
diframing,di-framing
samasalah,sama salah
wrestling,wrestling
worthless,worthless
worry-nya,worry-nya
bercermin,bercermin
bercerita,bercerita
kabupaten,kabupaten
jadwalnya,jadwal
kedoxxing,ke doxxing
teman2nya,teman-temannya
extravert,ekstrovert
ngehambat,menghambat
ngehandle,meng-handle
hancur2an,hancur-hancuran
karaokean,karaoke
begi-begi,begitu-begitu
dealingka,dealing-kah
post-test,post-test
post-2022,post-2022
bolognese,bolognese
mengurusi,mengurusi
yesterday,yesterday
workmates,workmates
jengkelku,jengkelku
jurnalnya,jurnalnya
kemanapun,ke mana pun
luffynami,luffy nami
pramakrab,pra-makrab
cintaklt3,<noise>
montornya,motornya
autisadhd,autis adhd
sempetnya,sempatnya
junjungan,junjungan
mengungsi,mengungsi
mengurung,mengurung
mengurang,mengurang
kesananya,ke sananya
bgtbgtbgt,banget banget banget
merubahij,merubah
nangis2an,nangis-nangisan
sananggak,sana nggak
yeongwoon,yeongwoon
supermoon,supermoon
ancestors,ancestors
summoning,summoning
mengumpat,mengumpat
menguliti,menguliti
mengulang,mengulang
posternya,posternya
macem.tpi,macam. tapi
dikabarin,dikabari
ngerasain,merasakan
jurnaling,jurnaling
menimbang,menimbang
supremasi,supremasi
anamnesis,anamnesis
analyzing,analyzing
analognya,analognya
supporter,supporter
possesses,possesses
mengujiku,mengujiku
mengudara,mengudara
menguasai,menguasai
ancelotti,ancelotti
sunscreen,sunscreen
mengobrol,mengobrol
mengobrak,mengobrak
mengobati,mengobati
dulu-dulu,dulu-dulu
mengsedih,mengsedih
dreamland,dreamland
menikmati,menikmati
meninggal,meninggal
menimpali,menimpali
tibasedih,tiba-tiba sedih
corcerned,concerned
umur.2o25,umur 2025
deppresed,depressed
youtubeig,youtube ig
disisinya,di sisinya
kata-buka,kata buka
sampailah,sampailah
pra-tidur,pra-tidur
powerless,powerless
powerbank,powerbank
supported,supported
mengompol,mengompol
aneh-aneh,aneh-aneh
sini-sini,sini
napa-napa,kenapa-napa
mengunyah,mengunyah
sunflower,sunflower
bego-bego,bego-bego
begitupun,begitupun
begitunya,begitunya
mengomeli,mengomeli
mengojeki,mengojeki
begitulah,begitulah
begitukan,begitukan
meniupkan,meniupkan
meningkat,meningkat
anggapnya,anggapnya
sepemikir,sepemikiran
pikiranya,pikirannya
menimpaku,menimpaku
postingan,postingan
dwipangga,dwipangga
dwifungsi,dwifungsi
mengklaim,mengklaim
anak-anak,anak-anak
surrogate,surrogate
surrender,surrender
surprised,surprised
dipinggir,di pinggir
hidupbuat,hidup buat
demandnya,demand-nya
damagenya,damage-nya
berusahan,berusaha
sungguhan,sungguhan
behaviour,behaviour
mengiring,mengiring
mengiramu,mengiramu
mengintip,mengintip
mengintai,mengintai
menginjak,menginjak
amphoreus,amphoreus
switching,switching
potential,potential
potensial,potensial
suspended,suspended
survivors,survivors
mengingat,mengingat
mengincar,mengincar
edit-edit,edit-edit
mengikuti,mengikuti
dysphoria,dysphoria
mengizini,mengizini
suggested,suggested
suffering,suffering
posisinya,posisinya
gapercaya,tidak percaya
disampein,disampaikan
masalallu,masa lalu
ngos-ngos,ngos-ngosan
wkskskwks,<noise>
effectnya,effectnya
menjalani,menjalani
menjagaku,menjagaku
downgrade,downgrade
efek-efek,efek-efek
menghirup,menghirup
menghibur,menghibur
mirip2nya,mirip-miripnya
bullshist,bullshit
ngganggur,menganggur
frendzone,friendzone
postponed,postponed
sanzunism,sanzunism
santainya,santainya
sangatlah,sangatlah
sustained,sustained
kpercyaan,kepercayaan
privilage,privilege
lindungin,lindungi
radiohead,Radiohead
lajangada,lajang ada
tengahnya,tengah
mindeeran,minderan
posisikan,posisikan
sampingku,sampingku
sampingan,sampingan
menghemat,menghemat
amit-amit,amit-amit
americano,americano
syukurlah,syukurlah
menghukum,menghukum
menghujat,menghujat
ekonomian,ekonomian
menghasut,menghasut
mengharap,mengharap
menghapus,menghapus
ekspedisi,ekspedisi
eksklusif,eksklusif
sandungan,sandungan
sandepril,sandepril
sana-sini,sana-sini
menjenguk,menjenguk
menjemput,menjemput
menjelang,menjelang
dosa-dosa,dosa-dosa
menjomblo,menjomblo
dimasukin,dimasukkan
gitu.rasa,gitu. rasa
praktikum,praktikum
anhedonia,anhedonia
substance,substance
submerged,submerged
subjektif,subjektif
pontianak,pontianak
ponselnya,ponselnya
semuanyah,semuanya
membludak,membeludak
exstrovet,ekstrovert
didamping,didampingi
step-step,step
sebenerny,sebenarnya
ningkatin,meningkatkan
practical,practical
takdirkan,takdirkan
bolehlkan,bolehkan
teler2nya,teler-telernya
creepling,crippling
brangkali,barangkali
memberani,memberanikan
premiumya,premiumnya
bajk-baik,baik-baik
sampingmu,sampingmu
menghafal,menghafal
menghadap,menghadap
elaborate,elaborate
eksternal,eksternal
ekspresif,ekspresif
precariat,precariat
pre-order,pre-order
prasangka,prasangka
structure,structure
menggigil,menggigil
emas-emas,emas-emas
eman-eman,eman-eman
emak-emak,emak-emak
menggaruk,menggaruk
presented,presented
preparing,preparing
political,political
dokternya,dokternya
mentality,mentality
prejudice,prejudice
pregnancy,pregnancy
menggugat,menggugat
amarahnya,amarahnya
dibutuhin,dibutuhkan
alternate,alternate
tampilkan,tampilkan
tampakkan,tampakkan
tambanono,tambanono
tambahkan,tambahkan
alzheimer,alzheimer
talkative,talkative
sapaannya,sapaannya
sapa-sapa,sapa-sapa
portfolio,portfolio
bookingan,bookingan
terus.aku,terus. aku
mnghantui,menghantui
dijtuhkan,dijatuhkan
sumbernya,sumber
eksekutif,eksekutif
anjingnya,anjingnya
anjinglah,anjinglah
stressful,stressful
mentalnya,mentalnya
dizalimin,dizalimin
emotional,emotional
blocklist,blocklist
likertqrt,likert qrt
backpaker,backpacker
sosyayeti,society
membantin,membatin
tadarusan,tadarusan
menggapai,menggapai
emosional,emosional
tancapnya,tancapnya
alun-alun,alun-alun
pribadimu,pribadimu
menunjang,menunjang
menumpang,menumpang
mentornya,mentornya
mentoring,mentoring
digibahin,digibahi
brokadang,bro kadang
struggles,struggles
bluntness,bluntness
enak-enak,enak-enak
tanggepan,tanggepan
tanggapan,tanggapan
alongside,alongside
emergency,emergency
emphasize,emphasize
empatinya,empatinya
pointlike,pointlike
tatapanya,tatapannya
ngundurin,mengundurkan
kliyengan,keliyengan
ngebeliin,membelikan
menggarap,menggarap
menurutmu,menurutmu
menurutku,menurutku
strangers,strangers
story-nya,story-nya
emptiness,emptiness
endowment,endowment
endingnya,endingnya
encourage,encourage
encounter,encounter
blindness,blindness
packingan,packing-an
pol-polan,pol-polan
blackpink,blackpink
probation,probation
privilege,privilege
prioritas,prioritas
enggaknya,enggaknya
mengentot,mengentot
mengendap,mengendap
mengenang,mengenang
energinya,energinya
energetic,energetic
mengenali,mengenali
mengemban,mengemban
tangerang,tangerang
tangannya,tangannya
tangisnya,tangisnya
enneagram,enneagram
mengelola,mengelola
salaryman,salaryman
blendrang,blendrang
diumumkan,diumumkan
diucapkan,diucapkan
menyakiti,menyakiti
menyadari,menyadari
boro-boro,boro-boro
dulu.aslm,dulu. aslm
myoklonik,mioklonik
disekolah,di sekolah
wakwakwak,<noise>
jadi-jadi,jadi
ekstovert,ekstrovert
targetkan,targetkan
mengekang,mengekang
allahumma,allahumma
tantangan,tantangan
ditumplek,ditumplek
anjritlah,anjritlah
melahirkn,melahirkan
tusuk.aku,tusuk. aku
berentiin,berhentiin
msalahnya,masalahnya
pleadings,pleadings
streaming,streaming
pinterest,pinterest
pintarnya,pintarnya
pinjamnya,pinjamnya
pinjamkan,pinjamkan
hbis.skrg,habis. sekarang
mgumpulin,mengumpulkan
mengcapek,membuat capek
jaga-jaga,jaga
seduniaam,sedunia
closingan,closing-an
boomerang,boomerang
ditibanin,ditibanin
mengeblok,mengeblok
algoritma,algoritma
telanjang,telanjang
teknologi,teknologi
alkoholik,alkoholik
alih-alih,alih-alih
teammates,teammates
targetnya,targetnya
store-nya,store-nya
antagonis,antagonis
erat-erat,erat-erat
mengawasi,mengawasi
mengawang,mengawang
mengawali,mengawali
mengatasi,mengatasi
mengasiri,mengasiri
mengasihi,mengasihi
pinggiran,pinggiran
boyfriend,boyfriend
menyambut,menyambut
menyambar,menyambar
dituritin,dituritin
aktf-aktf,aktif-aktif
ngeganggu,mengganggu
blacklist,blacklist
blablabla,blablabla
sampaikan,sampaikan
teenagers,teenagers
menyantol,menyantol
menyantet,menyantet
menyangka,menyangka
perhatiin,perhatikan
ganyangka,ga nyangka
igtwitter,ig twitter
ngertinya,mengertinya
daunmakan,daun makan
membahaya,membahayakan
dibenerin,dibenarkan
anjloknya,anjloknya
piringnya,piringnya
teledoran,teledoran
mengarang,mengarang
mengapung,mengapung
mengantuk,mengantuk
anonymous,anonymous
annoyance,annoyance
diturutin,dituruti
ditidurin,ditidurin
stimulasi,stimulasi
stimulant,stimulant
ditinggal,ditinggal
ditelepon,ditelepon
telkomsel,telkomsel
alfatihah,alfatihah
alertness,alertness
aldebaran,aldebaran
wakakakak,<noise>
missqueen,miskin
ngomelnya,mengomelnya
oranglain,orang lain
nya.hanya,nya. hanya
dititipin,dititipkan
menyampah,menyampah
pikiranmu,pikiranmu
mengantar,mengantar
mengancam,mengancam
everytime,everytime
bisnisnya,bisnisnya
belajarku,belajarku
bela-bela,bela-bela
sama-sama,sama-sama
teleponan,teleponan
excessive,excessive
exception,exception
excellent,excellent
produktif,produktif
produknya,produknya
blackmail,blackmail
everybody,everybody
mengambil,mengambil
mengamati,mengamati
mengalong,mengalong
alat-alat,alat-alat
alasannya,alasannya
mengantre,mengantre
eternally,eternally
diterobos,diterobos
menjalahi,menjelajahi
tempatkan,tempatkan
temboknya,temboknya
tembakkan,tembakkan
brainwash,brainwash
brain-nya,brain-nya
disumpahi,disumpahi
ditantang,ditantang
ditangkap,ditangkap
ditangisi,ditangisi
distraksi,distraksi
fisikimun,fisik imun
dibolehin,dibolehkan
twitteran,twitter-an
mocachino,moccachino
dikampung,di kampung
stoikisme,stoikisme
exercises,exercises
disyukuri,disyukuri
disuuzoni,disuuzoni
disupport,disupport
pindahnya,pindahnya
pindahkan,pindahkan
dispenser,dispenser
berpnglmn,berpengalaman
ngonsumsi,mengonsumsi
nyeritain,menceritakan
ditemukan,ditemukan
disorotin,disorotin
disumbang,disumbang
executive,executive
mengakali,mengakali
tempelkan,tempelkan
happiness,kebahagiaan
dibayarin,dibayarkan
tanda2nya,tanda-tandanya
dimanakah,di manakah
feelingku,feeling-ku
sedih.knp,sedih. kenapa
nanasatsu,<noise>
mengalami,mengalami
statistik,statistik
mengagumi,mengagumi
expecting,expecting
exoplanet,exoplanet
existence,existence
mengabari,mengabari
exhausted,exhausted
exfoliasi,exfoliasi
bisa-bisa,bisa-bisa
prolonged,prolonged
aktivitas,aktivitas
tenangkan,tenangkan
eyeshadow,eyeshadow
akuntansi,akuntansi
akun-akun,akun-akun
akumulasi,akumulasi
sakaratul,sakaratul
sahabatku,sahabatku
mengajari,mengajari
disuguhin,disuguhin
disudutin,disudutin
antaranya,antaranya
statusnya,statusnya
kejenjang,ke jenjang
photocard,photocard
aktingnya,aktingnya
akibatnya,akibatnya
tenggelam,tenggelam
menerobos,menerobos
menerjang,menerjang
bismillah,bismillah
antivirus,antivirus
dispepsia,dispepsia
stall-nya,stall-nya
hutangnya,hutang
1mingguan,1 mingguan
orangmana,orang mana
rclvennya,<noise>
2 minutes,2 menit
disosiasi,disosiasi
mnganggap,menganggap
dipojokan,di pojokkan
kprcayaan,kepercayaan
ketutupan,tertutup
mngunakan,menggunakan
habis2san,habis-habisan
ngomporin,mengompori
nooticing,noticing
laperhaus,lapar haus
gejalanya,gejala
disuarain,disuarain
spreading,spreading
disetrika,disetrika
disorders,disorders
disleksia,disleksia
photoshop,photoshop
meneriaki,meneriaki
menentang,menentang
menendang,menendang
menemukan,menemukan
propernya,propernya
extrovert,extrovert
extremely,extremely
tengkorak,tengkorak
anusapati,anusapati
stage-nya,stage-nya
ngeliatin,melihat
ngeudahin,menyudahi
gjlas.gue,ga jelas. gue
kambuh2an,kambuhan
kopiwalau,kopi walau
nyelesain,menyelesaikan
disetujui,disetujui
diselimut,diselimut
disetelin,disetelin
disertasi,disertasi
mendukung,mendukung
2o21-2o23,2021 sampai 2023
knsultasi,konsultasi
uneg-uneg,unek-unek
ayahbapak,ayah bapak
ngrasanya,merasakannya
anxietyku,anxietyku
akhlaknya,akhlaknya
believing,believing
beliaunya,beliaunya
beli-beli,beli-beli
belepotan,belepotan
sisa-sisa,sisa
vapestore,vape store
pertnyaan,pertanyaan
dilolosin,diloloskan
apotiknya,apoteknya
stability,stability
disengaja,disengaja
mendoakan,mendoakan
fantastis,fantastis
mendingan,mendingan
bingungin,bingungin
bingungan,bingungan
menelepon,menelepon
fanatisme,fanatisme
breakfast,breakfast
breakdown,breakdown
diselingi,diselingi
petantang,petantang
petakilan,petakilan
pestapora,pestapora
birokrasi,birokrasi
mendesain,mendesain
menderita,menderita
mendengus,mendengus
tentangku,tentangku
tengkurap,tengkurap
disitulah,disitulah
pikiranku,pikiranku
piercings,piercings
discovery,discovery
discourse,discourse
diperhati,diperhatikan
favoritku,favoritku
fatphobic,fatphobic
featuring,featuring
protocore,protocore
prosesnya,prosesnya
disemprot,disemprot
apa-apain,apa-apain
spiritual,spiritual
spiraling,spiraling
spesialis,spesialis
ngajakkin,mengajak
mendderia,menderita
jerawatan,jerawat
disebelah,di sebelah
pake-pake,pakai-pakai
mendorong,mendorong
kesmen-ku,kesmenku
asinganeh,asing aneh
nglihatya,melihatnya
dilipahin,dilimpahkan
pribahasa,peribahasa
di-hargai,dihargai
dipojokin,dipojokkan
sabodoaan,sabodo teuing
kuatirnya,khawatirnya
konsuling,konseling
disenggol,disenggol
mendengar,mendengar
mendekati,mendekati
mendatang,mendatang
mendasari,mendasari
favourite,favourite
menyengir,menyengir
apartemen,apartemen
petualang,petualang
petenteng,petenteng
beginning,beginning
begininya,begininya
beginilah,beginilah
beginikan,beginikan
brief-nya,briefnya
breathing,breathing
pesantren,pesantren
sosmed-an,sosmed-an
sosialnya,sosialnya
menyemili,menyemili
menyembah,menyembah
dijodohin,dijodohkan
mencoblos,mencoblos
mendalami,mendalami
terbaikmu,terbaikmu
ajakannya,ajakannya
ajak-ajak,ajak-ajak
fasilitas,fasilitas
fase-fase,fase-fase
fasciitis,fasciitis
mendengki,mendengki
ngelayani,melayani
ayah-mama,ayah mama
ngabrikin,ngabrik
ya.kukira,ya. kukira
masakelam,masa kelam
skjsksjsj,<noise>
spekulasi,spekulasi
dihargain,dihargai
sringkali,sering kali
shakalaka,<noise>
affirmasi,afirmasi
uploadnya,upload-nya
ngorbanin,mengorbankan
sembuhini,sembuh ini
ngehadapi,menghadapi
aku.ingin,aku. ingin
disastria,disastria
psikologi,psikologi
terapisku,terapisku
terapinya,terapinya
terangkan,terangkan
mencukupi,mencukupi
mencoreng,mencoreng
billboard,billboard
bilangnya,bilangnya
psikiater,psikiater
terbangun,terbangun
mencemooh,mencemooh
mencemasi,mencemasi
feminisme,feminisme
mencintai,mencintai
disambung,disambung
disamakan,disamakan
disayangi,disayangi
somewhere,somewhere
mencicipi,mencicipi
terbayang,terbayang
terbaring,terbaring
diatasnya,di atasnya
fikiranku,fikiranku
fidgeting,fidgeting
fictional,fictional
psikisnya,psikisnya
psikiatri,psikiatri
bimbingan,bimbingan
menyerang,menyerang
menyentuh,menyentuh
dirundung,dirundung
dirugikan,dirugikan
satisfied,satisfied
dirayakan,dirayakan
dirasanya,dirasanya
dihadapan,di hadapan
melajarin,mempelajari
disappear,disappear
menangisi,menangisi
menatapku,menatapku
finansial,finansial
dirangkap,dirangkap
direspons,direspons
direnggut,direnggut
apoteknya,apoteknya
perusakan,perusakan
menantimu,menantimu
kejakarta,ke jakarta
masyrakat,masyarakat
bkin-bkin,bikin-bikin
ngitungin,menghitung
terbanyak,terbanyak
terbersit,terbersit
mencabuti,mencabuti
swlinfkuh,selingkuh
gimanaaku,gimana aku
diledekin,diledek
dikunciin,dikunci
ngga-ngga,tidak-tidak
tahun2oo8,tahun 2008
2oi5-2oi9,2015 sampai 2019
perlakuin,perlakukan
ngadapain,menghadapi
dirasakan,dirasakan
psychotic,psychotic
psychosis,psychosis
terbentur,terbentur
terbebani,terbebani
menangkap,menangkap
menangkan,menangkan
finishing,finishing
menangani,menangani
menampung,menampung
menambahi,menambahi
firstkhao,firstkhao
firsthand,firsthand
fireflies,fireflies
flashback,flashback
bijaksana,bijaksana
perumahan,perumahan
perubahan,perubahan
apply-nya,apply-nya
dipuk-puk,dipuk-puk
dipinjami,dipinjami
masyaalla,masyaallah
grup-grup,grup
bicaranya,bicaranya
bicarakan,bicarakan
pulu-pulu,pulu-pulu
pulangnya,pulangnya
menaikkan,menaikkan
apresiasi,apresiasi
sarkaskan,sarkaskan
menafkahi,menafkahi
agustusan,agustusan
agreement,agreement
sembuhlan,sembuhkan
meihatnya,melihatnya
dikambing,dikambinghitamkan
stop-stop,stop
menantang,menantang
terbitnya,terbitnya
mempunyai,mempunyai
terbitlah,terbitlah
terbilang,terbilang
menyesali,menyesali
unsending,unsend
gapemting,ga penting
keilangan,kehilangan
hutang2ku,hutang2 ku
berdua2an,berdua-duaan
rumah.dan,rumah. dan
dirancang,dirancang
menyertai,menyertai
diplester,diplester
diperiksa,diperiksa
dipikiran,dipikiran
menyiakan,menyiakan
rasainlah,rasakanlah
selingkhi,selingkuh
praktekan,praktikkan
fanficnya,fanfic-nya
terbrutal,terbrutal
beda-beda,beda-beda
agensinya,agensinya
tercantum,tercantum
tercampur,tercampur
folikuler,folikuler
publikasi,publikasi
saat-saat,saat-saat
rutinitas,rutinitas
memujanya,memujanya
memuaskan,memuaskan
memuakkan,memuakkan
sleepover,sleepover
sleepless,sleepless
dipegangi,dipegangi
diperkosa,diperkosa
dipercaya,dipercaya
diperbuat,diperbuat
dipenjara,dipenjara
arahannya,arahannya
solusinya,solusinya
solusikah,solusikah
sok-sokan,sok-sokan
socialize,socialize
snowflake,snowflake
pertemuan,pertemuan
gakngerti,gak ngerti
sayalelah,saya lelah
following,following
followers,followers
terdengar,terdengar
terdampar,terdampar
terdampak,terdampak
memproses,memproses
aftermath,aftermath
after-nya,after-nya
sayangnya,sayangnya
mmutuskan,memutuskan
termenung,ngelamun
terang2an,terang-terangan
ehehehehe,<noise>
ngangkang,mengangkang
menyeruak,menyeruak
saudaraku,saudaraku
affection,affection
affecting,affecting
fobsossit,fobsossit
fobsossan,fobsossan
ngeluarin,mengeluarkan
pun.entah,pun. entah
sometimes,kadang
diilangin,dihilangkan
brlebihan,berlebihan
beelingua,beelingua
smart-nya,smart-nya
argentina,argentina
bruntusan,bruntusan
buat-buat,buat-buat
screening,screening
screaming,screaming
persiapin,mempersiapkan
yaudalaya,ya udahlah ya
sndri.tpi,sendiri. tapi
ktenangan,ketenangan
saudaramu,saudaramu
dipanggil,dipanggil
dipandang,dipandang
dipancing,dipancing
menyindir,menyindir
menyinari,menyinari
menyimpan,menyimpan
agak-agak,agak-agak
foreigner,foreigner
terencana,terencana
affiliate,affiliate
affective,affective
bidikmisi,bidikmisi
fransiska,fransiska
franchise,franchise
memorinya,memorinya
memorable,memorable
foya-foya,foya-foya
foto-foto,foto-foto
freelance,freelance
frederick,frederick
punishing,punishing
terdahulu,terdahulu
terdaftar,terdaftar
becandaan,becandaan
scientist,scientist
ngumpetin,menyembunyikan
thingking,thinking
adulthood,adulthood
pundaknya,pundaknya
menyilang,menyilang
menyikapi,menyikapi
dipadukan,dipadukan
dioperasi,dioperasi
satu-satu,satu-satu
pertamaku,pertamaku
scanpatra,scanpatra
tidur.aku,tidur. aku
lampu.dan,lampu. dan
bapak2nya,bapak-bapaknya
liat-liat,lihat-lihat
chargeran,charger-an
dipenggal,dipenggal
puncaknya,puncaknya
persiapan,persiapan
dinaikkan,dinaikkan
dinafkahi,dinafkahi
dinosaurs,dinosaurs
urutangak,urutan gak
ngilangin,menghilangkan
bonusnaik,bonus naik
agagahshs,<noise>
bangkitin,membangkitkan
dionysius,dionysius
diniatkan,diniatkan
menyudahi,menyudahi
dinamakan,dinamakan
freshgrad,freshgrad
frekuensi,frekuensi
aesthetic,aesthetic
fikiranya,fikirannya
dipijetin,dipijat
dijbjb-in,ditanggapi
maksutmya,maksudnya
punchline,punchline
dimaklumi,dimaklumi
frustrate,frustrate
frustrasi,frustrasi
memforsir,memforsir
memfitnah,memfitnah
memfilter,memfilter
memeriksa,memeriksa
memergoki,memergoki
memerangi,memerangi
persoalan,persoalan
persisten,persisten
dimainkan,dimainkan
dimaafkan,dimaafkan
menyuguhi,menyuguhi
buku-buku,buku-buku
fucktards,fucktards
memelukku,memelukku
biadabnya,biadabnya
terganggu,terganggu
tergabung,tergabung
skripsiku,skripsiku
skripshit,skripshit
skoliosis,skoliosis
nyeriusin,menyeriusi
something,sesuatu
diprovide,di-provide
ksinggung,tersinggung
pureblood,pureblood
pura-pura,pura-pura
gabakalan,gabakalan
membuncah,membuncah
fullmetal,fullmetal
full-time,full-time
fulfilled,fulfilled
persennya,persennya
sebnernya,sebenarnya
resikonya,risikonya
guacerita,gue cerita
hancurnya,hancur
dinikmati,dinikmati
budgeting,budgeting
persamaan,persamaan
perpusnas,perpusnas
pnyakitny,penyakitnya
ngomongin,membicarakan
prtemanan,pertemanan
memanfaat,memanfaatkan
dibubarin,dibubarkan
dong.cara,dong. cara
dorg-dorg,orang-orang
gregetnya,greget-nya
scenarios,scenarios
terhambat,terhambat
terhalang,terhalang
puskesmas,puskesmas
pusingnya,pusingnya
pusingkan,pusingkan
pusingkah,pusingkah
purposely,purposely
situasiku,situasiku
bukaannya,bukaannya
buka-buka,buka-buka
se-enggak,se-enggak
se-detail,se-detail
terhubung,terhubung
terhormat,terhormat
rakyatnya,rakyatnya
membuatmu,membuatmu
membuatku,membuatku
perosotan,perosotan
sistemnya,sistemnya
dimatikan,dimatikan
meragukan,meragukan
ngejauhin,menjauhi
rekomenin,rekomendasikan
membodohi,membodohi
memblokir,memblokir
membiayai,membiayai
gado-gado,gado-gado
membrutal,membrutal
menzalimi,menzalimi
pnjselasn,penjelasan
2o23-2o24,2023 sampai 2024
dijelasin,dijelaskan
mngrjakan,mengerjakan
takaruang,tata ruang
nyalah2in,menyalah-nyalahkan
diludahin,diludahi
skizofren,skizofrenia
buffering,buffering
arranging,arranging
kwkkwkwkw,wkwkwk
goingdown,going down
sepi-sepi,sepi
2athn.dan,2 tahun. dan
dipaksain,dipaksakan
romcomnya,romcom-nya
adrenalin,adrenalin
memberimu,memberimu
membentuk,membentuk
ragu-ragu,ragu-ragu
rada-rada,rada-rada
questions,questions
qualified,qualified
terhitung,terhitung
terhingga,terhingga
terhindar,terhindar
merasakan,merasakan
gambarnya,gambarnya
gambarkan,gambarkan
gandengan,gandengan
membenahi,membenahi
rapi-rapi,rapi-rapi
rangkuman,rangkuman
beautiful,beautiful
dilematis,dilematis
dilupakan,dilupakan
dikuatkan,dikuatkan
adik-adik,adik-adik
adhd-like,adhd-like
addiction,addiction
merhatiin,memperhatikan
sdh.nikah,sudah. nikah
rombongan,rombongan
terkekang,terkekang
membentak,membentak
gampangin,gampangin
gampangan,gampangan
dilakukan,dilakukan
merangkul,merangkul
merangkak,merangkak
merangkai,merangkai
pernahnya,pernahnya
pernahkah,pernahkah
rame-rame,ramai-ramai
dikerjaan,pekerjaan
gasukanya,tidak sukanya
skeletons,skeletons
meratukan,meratukan
terkadang,terkadang
gantungan,gantungan
membebani,membebani
membawaku,membawaku
membatasi,membatasi
rambutnya,rambutnya
dikurangi,dikurangi
sinusitis,sinusitis
singkatan,singkatan
kakaabang,kaka abang
semerawut,semrawut
terjadwal,terjadwal
dikiranya,dikiranya
dikintili,dikintili
diketahui,diketahui
rongsokan,rongsokan
membangun,membangun
merekanya,merekanya
meredakan,meredakan
merecokin,merecokin
merch-nya,merch-nya
dikoreksi,dikoreksi
dikontrol,dikontrol
ngeproses,memproses
ayaypasti,iya-iya pasti
se-intens,se-intens
dikompori,dikompori
merayakan,merayakan
scrolling,scrolling
permukaan,permukaan
terkhusus,terkhusus
adaptogen,adaptogen
dirumahku,di rumahku
tempramen,temperamen
2oi8-2o21,2018 sampai 2021
kendaliin,kendalikan
bnyk-bnyk,banyak-banyak
lelah.itu,lelah. itu
ninggalin,meninggalkan
simpulkan,simpulkan
terkurung,terkurung
rata-rata,rata-rata
bestienya,bestienya
rasa-rasa,rasa-rasa
terkenang,terkenang
membandel,membandel
membantai,membantai
membantah,membantah
memancing,memancing
memalukan,memalukan
memaksaku,memaksaku
ringannya,ringannya
realistis,realistis
realistic,realistic
reaksinya,reaksinya
gathering,gathering
mematikan,mematikan
bullyable,bullyable
permanent,permanent
permainan,permainan
sihombing,sihombing
dikleteki,dikleteki
according,according
malmingan,malam mingguan
terkumpul,terkumpul
memangnya,memangnya
memanglah,memanglah
memanggil,memanggil
dikangeni,dikangeni
dikeroyok,dikeroyok
simpelnya,simpelnya
siksorogo,siksorogo
dikatakan,dikatakan
gedebegan,gedebegan
ngerugiin,merugikan
budgetnya,budget-nya
swlibfkuh,selingkuh
mangkanya,makanya
ngebantah,membantah
dikontrak,dikontrak
terlarang,terlarang
terlantar,terlantar
sidangnya,sidangnya
merelakan,merelakan
berurutan,berurutan
manik2nya,manik-maniknya
mengaggap,menganggap
ngerndhin,merendahkan
tokopedia,Tokopedia
2oi9-2o21,2019 sampai 2021
acquiring,acquiring
beruntung,beruntung
memaklumi,memaklumi
memainkan,memainkan
memaafkan,memaafkan
mem-bully,mem-bully
diskolahn,di sekolahan
kecepetan,kecepatan
notabenny,notabene
disakitin,disakiti
dperhtiin,diperhatiin
memandang,memandang
melompati,melompati
melihatmu,melihatmu
melupakan,melupakan
gelombang,gelombang
gelitikin,gelitikin
gelinding,gelinding
gelagapan,gelagapan
melukaiku,melukaiku
meluapkan,meluapkan
terlelang,terlelang
melenceng,melenceng
melempari,melempari
bertopeng,bertopeng
rollingan,rollingan
terlanjur,terlanjur
terlampau,terlampau
terlambat,terlambat
bulu-bulu,bulu-bulu
searching,searching
dijualkan,dijualkan
diisolasi,diisolasi
meluahkan,meluahkan
melu-melu,melu-melu
jaya-jaya,jaya
pakaianny,pakaiannya
kraukkres,krauk kres
berpaasan,berpapasan
berjalany,berjalan
semangaat,semangat
taiwanese,Taiwanese
rumasakit,rumah sakit
menerimah,menerima
sedihhuhu,sedih <noise>
gini-gini,gini
situation,situasi
porografi,pornografi
disediain,disediakan
ke-angkat,angkat
stayville,Stayville
berurusan,berurusan
perkotaan,perkotaan
perkiraan,perkiraan
acak-acak,acak-acak
genuinely,genuinely
melawanmu,melawanmu
melarikan,melarikan
riweuhnya,riweuhnya
risikonya,risikonya
rintangan,rintangan
generally,generally
terlewati,terlewati
melihatku,melihatku
generalis,generalis
genderuwo,genderuwo
dijauhkan,dijauhkan
dijadikan,dijadikan
merenungi,merenungi
kmna-kmna,ke mana-mana
terlunta2,terlunta2
accepting,accepting
acak-adut,acak-adut
shattered,shattered
share-nya,share-nya
merespons,merespons
diizinkan,diizinkan
diimbangi,diimbangi
dihubungi,dihubungi
dikerjain,dikerjakan
ngedenger,mendengar
menggangu,mengganggu
kleyengan,keliyengan
trinaksih,terima kasih
dimeremin,dimeremkan
gemetaran,gemetaran
shikochan,shikochan
shikigami,shikigami
perlakuan,perlakuan
melambung,melambung
melakukan,melakukan
bolongaku,bolong aku
-kegiatan,kegiatan
pemanduny,pemandunya
tersakity,tersakiti
merenggut,merenggut
berteriak,berteriak
bertenaga,bertenaga
rebounded,rebounded
geregetan,geregetan
geregatan,geregatan
melangkah,melangkah
narcistik,narsistik
symptomps,symptoms
pules2nya,pulas-pulasnya
satirenya,satire-nya
situasion,situation
dihormati,dihormati
dihindari,dihindari
dihianati,dihianati
bàngsàd,bàngsàd
bertumbuh,bertumbuh
bertujuan,bertujuan
melainkan,melainkan
mekanisme,mekanisme
melanggar,melanggar
melampaui,melampaui
asistensi,asistensi
gilimanuk,gilimanuk
medicated,medicated
mecimapro,mecimapro
mechanism,mechanism
meanwhile,meanwhile
mbak-mbak,mbak-mbak
mayoritas,mayoritas
materinya,materinya
terpaling,terpaling
terombang,terombang
realizing,realizing
meringkuk,meringkuk
diserpong,di serpong
mewarskan,mewariskan
somebodys,somebody's
seingetku,seingatku
recovered,recovered
terobsesi,terobsesi
ternyaman,ternyaman
bayangkan,bayangkan
sexuality,sexuality
seventeen,seventeen
seutuhnya,seutuhnya
mnjijikan,menjijikkan
self-harm,self harm
sgala.nya,segala. nya
nyesuaiin,menyesuaikan
ngeringin,mengeringkan
berterima,berterima
terngiang,terngiang
termiskin,termiskin
gimanapun,gimanapun
manusiawi,manusiawi
maskernya,maskernya
masculine,masculine
digunjing,digunjing
digunakan,digunakan
perkataan,perkataan
buru-buru,buru-buru
merinding,merinding
sebaiknya,sebaiknya
digantung,digantung
masalahmu,masalahmu
masalahku,masalahku
gmaps-nya,gmaps-nya
masa-masa,masa-masa
bertarung,bertarung
bertambah,bertambah
reconnect,reconnect
recommend,recommend
recognize,recognize
difotokan,difotokan
metriknya,metriknya
challange,challenge
siap-siap,siap
mertuanya,mertuanya
merupakan,merupakan
merugikan,merugikan
perizinan,perizinan
peristiwa,peristiwa
receiving,receiving
recalling,recalling
bertindak,bertindak
marketing,marketing
dijabanin,dijabani
resortnya,resort-nya
whahahaha,<noise>
ngelakson,belakson
sholatnya,sholat
perjiwaan,perjiwaan
malignant,malignant
gorontalo,gorontalo
manggarai,manggarai
terpotong,terpotong
terpendam,terpendam
terpantau,terpantau
mantengin,mantengin
mantapkan,mantapkan
gobloknya,gobloknya
mantannya,mantannya
returning,returning
terpesona,terpesona
terpenuhi,terpenuhi
manajemen,manajemen
peringkat,peringkat
business ,business
difficult,difficult
different,different
milestone,milestone
dielingke,dielingke
mana-mana,mana-mana
straykids,Stray Kids
nunjukkin,menunjukkan
dinyalain,dinyalakan
faktornya,faktor-nya
tsukiyama,Tsukiyama
makeup-an,makeup-an
maju-maju,maju-maju
tersangat,tersangat
goodreads,goodreads
maksudnya,maksudnya
diedukasi,diedukasi
didzalimi,didzalimi
nggakpapa,nggak apa-apa
disadarin,disadari
dikenalin,dikenalkan
ngetiknya,mengetiknya
digendong,digendong
microsoft,microsoft
settingan,settingan
setrikaan,setrikaan
revengers,revengers
mahasiswa,mahasiswa
mahardika,mahardika
magically,magically
bersyukur,bersyukur
suwsaidel,suicidal
pelajarin,pelajari
dibucinin,dibucini
malu-malu,malu-malu
setingkat,setingkat
didiamkan,didiamkan
milyarder,milyarder
didahului,didahului
dicurigai,dicurigai
dicurhati,dicurhati
bersosial,bersosial
maki-maki,maki-maki
keatasnya,ke atasnya
ngumpulin,mengumpulkan
huhuhuhhu,<noise>
smwny.lbh,semuanya. lebih
mieghetti,mieghetti
lupa-lupa,lupa-lupa
lukisanku,lukisanku
gridstore,gridstore
luka-luka,luka-luka
lucu-lucu,lucu-lucu
tersakiti,tersakiti
tersaingi,tersaingi
terrifies,terrifies
terrified,terrified
main-main,main-main
mahasiswi,mahasiswi
long-term,long-term
loncatnya,loncatnya
maaf-maaf,maaf-maaf
dicurangi,dicurangi
mindernya,mindernya
mindblown,mindblown
assertive,assertive
assaulted,assaulted
aspergers,aspergers
butterfly,butterfly
kumasukin,kumasukkan
dicepetin,dipercepat
strictnya,strict-nya
suka-suka,suka
dilaporin,dilaporkan
ngrepotno,merepotkan
ngapai2in,ngapa-ngapain
dijalanin,dijalani
ngehindar,menghindar
membukaan,pembukaan
otakbadan,otak badan
nasihatin,nasihati
pelototin,memelototi
pulang.dn,pulang. dan
gaditrima,ga diterima
bantuanya,bantuannya
bersumpah,bersumpah
love-hate,love-hate
lorongnya,lorongnya
lorazepam,lorazepam
grounding,grounding
lontarkan,lontarkan
perhomoan,perhomoan
perhatian,perhatian
sebayanya,sebayanya
guard-nya,guard-nya
literally,literally
listening,listening
luas-luas,luas-luas
lowlights,lowlights
pergaulan,pergaulan
performer,performer
minoxidil,minoxidil
minggunya,minggunya
didatangi,didatangi
astaghfir,astaghfir
rencanain,rencanakan
plsplspls,please
Stayville,Stayville
Starbucks,Starbucks
Spongebob,Spongebob
tersayang,tersayang
lionesses,lionesses
liverpool,liverpool
dicarikan,dicarikan
prusahaan,perusahaan
rangorang,orang-orang
fieldtrip,field trip
amburadul,acak-acakan
kluargany,keluarganya
kerja.dan,kerja. dan
diharapin,diharapkan
gradually,gradually
mioklonik,mioklonik
bersepeda,bersepeda
Tsukiyama,Tsukiyama
Tokopedia,Tokopedia
bawaannya,bawaannya
dimodalin,dimodali
kangenitu,kangen itu
segampang,gampang
assurance,assurance
dibuatkan,dibuatkan
misoginis,misoginis
miserable,miserable
misterius,misterius
dibonceng,dibonceng
dibohongi,dibohongi
Taiwanese,Taiwanese
Sylvanian,Sylvanian
dijatuhin,dijatuhkan
nasehatin,menasihati
kedepaanx,ke depannya
gakeitung,ga keitung
mirroring,mirroring
dibiarkan,dibiarkan
diberikan,diberikan
rezekinya,rezekinya
guna-guna,guna-guna
gumarapus,gumarapus
lihatinya,lihatinya
linu-linu,linu-linu
lingkaran,lingkaran
lingering,lingering
limpeuran,limpeuran
guncangan,guncangan
seseorang,seseorang
sebanding,sebanding
perempuan,perempuan
guntingin,guntingin
guntingan,guntingan
gunjingan,gunjingan
liability,liability
bensinnya,bensinnya
dibimbing,dibimbing
dibuntuti,dibuntuti
dibungkus,dibungkus
dibukakan,dibukakan
perfectly,perfectly
simboknya,si mbaknya
prmslahan,permasalahan
didagnosa,diagnosa
lebaranmu,lebaranmu
lifestyle,lifestyle
lifesaver,lifesaver
dibelikan,dibelikan
astronaut,astronaut
astrologi,astrologi
setangkas,setangkas
katabijak,kata bijak
18e0-22e0,1800 sampai 2200
diobrolin,diobrolkan
heuheuheu,<noise>
nyumpahin,menyumpahi
alfamersi,alfamidi
dibuatnya,dibuatnya
mistisnya,mistisnya
seseretan,seseretan
dibeda2in,dibeda-bedakan
dikasarin,dikasari
voting2an,voting-votingan
linkungan,lingkungan
everyones,everyone
dijutekin,dijuteki
mngetahui,mengetahui
peresmian,peresmian
seberisik,seberisik
laundryan,laundryan
late-june,late-june
last-last,last-last
lashes-an,lashes-an
lari-lari,lari-lari
lelakinya,lelakinya
leha-leha,leha-leha
sesingkat,sesingkat
mojokerto,mojokerto
moderator,moderator
lapo-lapo,lapo-lapo
lapangkan,lapangkan
hadapilah,hadapilah
hadapanku,hadapanku
peredaran,peredaran
bytedance,bytedance
percobaan,percobaan
percaloan,percaloan
dibedakan,dibedakan
dibawakan,dibawakan
perbanyak,perbanyak
bangga2in,bangga-banggain
diaktifin,diaktifkan
bersandar,bersandar
bersihkan,bersihkan
bersetuju,bersetuju
lanjutkan,lanjutkan
tersentuh,tersentuh
tersentil,tersentil
tersengal,tersengal
Singapore,Singapore
Seungyoon,Seungyoon
Radiohead,Radiohead
laporanku,laporanku
tentangah,di tengah
2o21-2o22,2021 sampai 2022
sembuhnya,sembuh
setan-nya,setan-nya
sesukanya,sesukanya
lagu-lagu,lagu-lagu
lagi-lagi,lagi-lagi
modafinil,modafinil
dibanting,dibanting
dibanding,dibandingkan
cakrawala,cakrawala
perbuatan,perbuatan
perbedaan,perbedaan
krengosan,ngos-ngosan
ad.diapun,ada. dia pun
whytujuan,why tujuan
bawa-bawa,bawa-bawa
langganan,langganan
lancarkan,lancarkan
lambungku,lambungku
bersantai,bersantai
dipilihan,di pilihan
ngebentak,membentak
liatinnya,melihatnya
berususan,berurusan
tercukupi,cukup
an.ketika,an. ketika
dilahirin,dilahirkan
studytour,study tour
setahunan,setahunan
kurikulum,kurikulum
benturkan,benturkan
bentuknya,bentuknya
lama-lama,lama-lama
hairstyle,hairstyle
laki-laki,laki-laki
lain-lain,lain-lain
kurangnya,kurangnya
kupu-kupu,kupu-kupu
kunjungan,kunjungan
kumpulnya,kumpulnya
kumpulkan,kumpulkan
sesak-nya,sesak-nya
seruangan,seruangan
mongering,mongering
diarahkan,diarahkan
dibacakan,dibacakan
peraturan,peraturan
kutinggal,kutinggal
awoakwoka,wkwkwk
masangnya,memasangnya
nyut-nyut,nyut-nyutan
ngrestuin,merestui
kujadikan,kujadikan
kuimpikan,kuimpikan
kuhindari,kuhindari
kugantung,kugantung
kuesioner,kuesioner
hangatkan,hangatkan
kuliahnya,kuliahnya
kuliahkan,kuliahkan
perantara,perantara
moodswing,moodswing
moodboard,moodboard
kayatakut,kaya takut
langkahku,langkahku
diam-diam,diam-diam
tersindir,tersindir
kurasakan,kurasakan
tersenyum,tersenyum
handphone,handphone
diajarkan,diajarkan
mortified,mortified
moonyoung,moonyoung
sebelahan,sebelahan
.........,.
ngefeknya,berefeknya
tua.malas,tua. malas
ngelakuin,melakukan
ngndarain,mengendarai
kutangkap,kutangkap
perawatan,perawatan
diabaikan,diabaikan
hancurkan,hancurkan
kulakukan,kulakukan
maen-maen,main-main
trimakasi,terima kasih
creamynya,creamy-nya
h-sebulan,kurang dari sebulan
sehariudh,sehari udah
streesnya,stresnya
sesegukan,sesegukan
bersamaan,bersamaan
kronologi,kronologi
hardcover,hardcover
kucingnya,kucingnya
kucarikan,kucarikan
kubiarkan,kubiarkan
kuberikan,kuberikan
kuat-kuat,kuat-kuat
berpulang,berpulang
di-follow,di-follow
di-cancel,di-cancel
tertawaku,tertawaku
berproses,berproses
bersamamu,bersamamu
bersamaku,bersamaku
motongnya,motongnya
attention,attention
attacking,attacking
attack-an,attack-an
motivated,motivated
mahluknya,makhluknya
prbanding,pembanding
tancepnya,tancapnya
ngebedain,membedakan
hahhahaha,<noise>
kosongnya,kosongnya
harapanmu,harapanmu
harapanku,harapanku
peradilan,peradilan
peradaban,peradaban
pepohonan,pepohonan
bgaiamana,bagaimana
0enilaian,penilaian
ditawarin,ditawari
ratingnya,rating-nya
semuannya,semuanya
perbaikan,perbaikan
mual-mual,mual-mual
diagnosis,diagnosis
diagnosed,diagnosed
diacuhkan,diacuhkan
ktwa-ktwa,ketawa-ketawa
filmdrama,film drama
kesepiaan,kesepian
hamba-nya,hambanya
timnasday,Timnas Day
smpx-smpx,sampai
campakkan,campakkan
kontennya,kontennya
kontaknya,kontaknya
konsumtif,konsumtif
berperang,berperang
tertampar,tertampar
tersumbat,tersumbat
hari-hari,hari-hari
hargailah,hargailah
kostumnya,kostumnya
tertolong,tertolong
korbannya,korbannya
kontraksi,kontraksi
di-banned,di-banned
muda-mudi,muda-mudi
muda-muda,muda-muda
muawwanah,muawwanah
peralihan,peralihan
campurkan,campurkan
commision,commission
mmberikan,memberikan
di-scroll,discroll
2oi9-2o20,2019 sampai 2020
sendiriin,sendirikan
doujinnya,doujin-nya
memosting,memposting
pengennya,inginnya
smpe-smpe,sampai
ngerembet,merembet
dwasa.umr,dewasa. umur
kerjasama,kerja sama
dibalikin,dibalikkan
bandingin,membandingkan
puisisaya,puisi saya
btul-btul,betul-betul
penyintas,penyintas
developed,developed
konsernya,konsernya
konsepnya,konsepnya
konseling,konseling
tertumpuk,tertumpuk
tertumpah,tertumpah
kondisiku,kondisiku
kondangan,kondangan
komunitas,komunitas
kompilasi,kompilasi
hati-hati,hati-hati
konsulnya,konsulnya
konsisten,konsisten
munggahan,munggahan
dewasakan,dewasakan
multitask,multitask
mula-mula,mula-mula
muhasabah,muhasabah
victimnya,victim-nya
wasweswos,was-wes-wos
ditrigger,di-trigger
orang2nya,orang-orangnya
kode-kode,kode-kode
testimoni,testimoni
referensi,referensi
berpegang,berpegang
berpaling,berpaling
atur-atur,atur-atur
sebungkus,sebungkus
berakhlak,berakhlak
nangisapa,nangis apa
nontonnya,menontonnya
dilalukan,dilakukan
beberrapa,beberapa
kontrakan,kontrakan
komisaris,komisaris
tertinggi,tertinggi
tertindas,tertindas
8halopagi,<noise>
diremehin,diremehkan
sepelehin,sepelekan
kyotobond,kyoto bond
apaadanya,apa adanya
kegilsaan,kegilaan
dikhianti,dikhianati
ngeganjel,mengganjal
di-google,di-google
sebulanan,sebulanan
detective,detective
detailnya,detailnya
destinasi,destinasi
heartburn,heartburn
koleksiku,koleksiku
koleganya,koleganya
khayalkan,khayalkan
keyakinan,keyakinan
kewarasan,kewarasan
terungkap,terungkap
terumbang,terumbang
koar-koar,koar-koar
knowledge,knowledge
hecticnya,hecticnya
kliniknya,kliniknya
kita-kita,kita-kita
kisi-kisi,kisi-kisi
kira-kira,kira-kira
kombinasi,kombinasi
dengernya,dengarnya
mghilngkn,menghilangkan
baek-baek,baik-baik
depressed,depressed
depresiku,depresiku
narsistik,narsistik
nabungnya,nabungnya
mutualnya,mutualnya
penyembuh,penyembuh
canggung2,canggung2
secangkir,secangkir
mentaliti,mentalitas
ngeredain,meredakan
2o20-2o23,2020 sampai 2023
koordinir,dikoordinasikan
dibaperin,dibawa perasaan
headphone,headphone
khususnya,khususnya
khianatin,khianatin
susternya,suster
nyempetin,menyempatkan
ni.semoga,ni. semoga
ngerjakan,mengerjakan
diemtidur,diam tidur
saran.nya,saran. nya
alhamdllh,alhamdulillah
ngelaprak,ngelabrak
heartless,heartless
nano-nano,nano-nano
nanjaknya,nanjaknya
naksirnya,naksirnya
naik-naik,naik-naik
desperate,desperate
deskripsi,deskripsi
designing,designing
nauseated,nauseated
therapist,therapist
ketimbang,ketimbang
ketiganya,ketiganya
kewalahan,kewalahan
kewajiban,kewajiban
hellyonte,hellyonte
keturunan,keturunan
ketulusan,ketulusan
ketularan,ketularan
ketrigger,ketrigger
hepatitis,hepatitis
kindaichi,kindaichi
kinaranya,kinaranya
tapi-tapi,tapi
xjsnsjfbd,<noise>
tiba-tiba,tiba-tiba
thumbnail,thumbnail
bernyanyi,bernyanyi
hembuskan,hembuskan
authornya,authornya
authority,authority
australia,australia
seragaman,seragaman
serabutan,serabutan
dicritain,diceritakan
seungyoon,Seungyoon
pndamping,pendamping
ngercrush,ngecrush
-azkaikha,<noise>
deritanya,deritanya
september,september
departure,departure
naturally,naturally
natsuzora,natsuzora
dendamnya,dendamnya
congratss,congrats
ᅠsesekali,sesekali
anak.tapi,anak. tapi
drspctnya,disrespect-nya
dl.pdahal,dulu. padahal
kiat-kiat,kiat-kiat
throbbing,throbbing
threadnya,threadnya
hibernasi,hibernasi
keteteran,keteteran
ketiduran,ketiduran
ticketing,ticketing
dia.hiduo,dia. hidup
kkurangan,kekurangan
ngasihani,mengasihani
level-nya,levelnya
sepuasnya,sepuasnya
dengarnya,dengarnya
dengarlah,dengarlah
cape-cape,cape-cape
capcipcup,capcipcup
time-time,time-time
timbulnya,timbulnya
timbullah,timbullah
timbulkan,timbulkan
timbangan,timbangan
tiktoknya,tiktoknya
berminyak,berminyak
dengannya,dengannya
sepertiga,sepertiga
ketendang,ketendang
ketemunya,ketemunya
highlight,highlight
hilangkan,hilangkan
bermaksud,bermaksud
keterusan,keterusan
timingnya,timingnya
negaranya,negaranya
necessary,necessary
deodorant,deodorant
denial-ku,denial-ku
dilama2in,dilama-lamakan
nertawain,ngetawain
apaeslalu,apa selalu
berangsur,berangsur
berangkat,berangkat
keteliyep,keteliyep
ketawanya,ketawanya
ketawakan,ketawakan
toel-toel,toel-toel
hiburanku,hiburanku
ketentuan,ketentuan
penyayang,penyayang
tryoutnya,tryout-nya
t_______t,<noise>
disituasi,di situasi
permaluin,mempermalukan
throwback,throwback
neglected,neglected
dengarkan,dengarkan
cewe-cewe,cewek-cewek
pinginlah,penginlah
plandetox,plan detox
pentilasi,ventilasi
naturenya,nature-nya
outputnya,output-nya
disebabin,disebabkan
berhutang,berutang
ter-video,video
dengingan,dengingan
newspaper,newspaper
nevermind,nevermind
berlinang,berlinang
berminggu,berminggu
bermental,bermental
beranikan,beranikan
ngantemin,ngantemin
ketamakan,ketamakan
ketakutan,ketakutan
ketakukan,ketakukan
ketagihan,ketagihan
hiroshima,hiroshima
hipomanik,hipomanik
tiptoeing,tiptoeing
tingginya,tingginya
demanding,demanding
nendoroid,nendoroid
nendangin,nendangin
nempelnya,nempelnya
neko-neko,neko-neko
sebisanya,sebisanya
prceraian,perceraian
sepelekan,sepelekan
ngambekan,ngambekan
ngabusive,ngabusive
cara-cara,cara-cara
delulunya,delulunya
netanyahu,netanyahu
available,available
autoritas,autoritas
autopilot,autopilot
sepertimu,sepertimu
sepertiku,sepertiku
henti2nya,henti-hentinya
gyro-drop,gyro drop
suamianak,suami anak
saran2nya,saran-sarannya
nego-nego,nego-nego
kesunyian,kesunyian
kesulitan,kesulitan
kesugesti,kesugesti
kestresan,kestresan
kesibukan,kesibukan
kesiangan,kesiangan
kesiagaan,kesiagaan
prmalukan,permalukan
mnyendiri,menyendiri
gwenchana,tidak apa-apa
dihajatan,di hajatan
sebingung,sebingung
ngamuknya,ngamuknya
sepercaya,sepercaya
awal-awal,awal-awal
avoidance,avoidance
acclessia,ecclesia
sekolahin,sekolah
nyelesein,menyelesaikan
2oi5.2oi6,2015 sampai 2016
walfaizin,wal-faizin
3ominutes,30 menit
nyubitnya,mencubitnya
ngantukan,ngantukan
ngaruhnya,ngaruhnya
totalitas,totalitas
tomystar2,tomystar2
tombstone,tombstone
tolonglah,tolonglah
ketabahan,ketabahan
kesusahan,kesusahan
kesurupan,kesurupan
berkurang,berkurang
berkunang,berkunang
berkumpul,berkumpul
kesesatan,kesesatan
kesereten,kesereten
penurunan,penurunan
penumpang,penumpang
penulisan,penulisan
dehidrasi,dehidrasi
meninggoy,meninggal
sekolah_-,sekolah <noise>
seggstape,sex tape
2oi0-2oi9,2010 sampai 2019
hantaesul,han taesul
bahagiain,membahagiakan
insomiaku,insomia ku
dedicated,dedicated
declining,declining
decisions,decisions
separated,separated
awareness,awareness
sepanjang,sepanjang
seongsoek,seongsoek
siangsore,siang sore
2.padahal,2. padahal
ngangenin,ngangenin
kesehatan,kesehatan
toleransi,toleransi
toko-toko,toko-toko
kesentrum,kesentrum
kesemutan,kesemutan
berkurung,berkurung
stresnnya,stresnya
dibebasin,dibebaskan
ngintilin,mengikuti
ngiraself,ngira self
males2nya,malas-malasnya
wajargasi,wajar tidak sih
masalanya,masalahnya
deg-degan,deg-degan
kesedihan,kesedihan
transfusi,transfusi
transaksi,transaksi
trackwork,trackwork
traceback,traceback
toxic-nya,toxic-nya
rehearsal,rehearsal
regularly,regularly
kesalahan,kesalahan
hoshinyaw,hoshinyaw
housewife,housewife
household,household
kesalaham,kesalaham
hopefully,hopefully
honorable,honorable
honeymoon,honeymoon
nge-bully,nge-bully
nge-block,nge-block
jelasinya,jelasnya
panas2nya,panas-panasnya
gaenaknya,ga enaknya
hahahahha,hahaha
yangsusah,yang susah
nafsucama,nafsu sama
nge-judge,nge-judge
nge-inbox,nge-inbox
keruwetan,keruwetan
kerusuhan,kerusuhan
kerusakan,kerusakan
wkakskaka,<noise>
kefikiran,kepikiran
mandangin,memandangi
buat.bisa,buat. bisa
becandain,bercandain
keselimur,keselimur
keroyokan,keroyokan
kerjaanku,kerjaanku
keriwehan,keriwehan
berkelahi,berkelahi
kesampean,kesampean
tmen-tmen,teman-teman
padahalal,padahal
zonamerah,zona merah
13.0ooyen,13.000 yen
apagimana,apa gimana
nge-blank,nge-blank
berlanjut,berlanjut
kerisauan,kerisauan
keringkan,keringkan
kerinduan,kerinduan
kericuhan,kericuhan
keributan,keributan
keretakan,keretakan
kesakitan,kesakitan
kesadaran,kesadaran
kesabaran,kesabaran
kerapihan,kerapihan
keranjang,keranjang
keramaian,keramaian
keramahan,keramahan
keracunan,keracunan
berkorban,berkorban
berkhayal,berkhayal
penolakan,penolakan
penjualan,penjualan
novelbaca,novel baca
happening,adhd
dirisipat,diri sifat
degdegkan,deg-degan
selfworth,self-worth
happytime,happy time
jauh-jauh,jauh
tentramrn,tentamen
petangnak,peternak
ngesuh2ih,<noise>
gara-gara,karena
suarannya,suara
disanalah,di sanalah
yabingung,ya bingung
ngetawain,mengetawain
sbenernya,sebenarnya
kerumunan,kerumunan
sensitive,sensitive
ngebiasin,ngebiasin
ngebacain,ngebacain
kerempeng,kerempeng
kerasukan,kerasukan
kerasanya,kerasanya
ngedrakor,ngedrakor
ngedouble,ngedouble
keponakan,keponakan
kepolosan,kepolosan
traumatis,traumatis
traumatik,traumatik
traumatic,traumatic
traumanya,traumanya
keretabis,keretabis
keresahan,keresahan
kerepotan,kerepotan
cari-cari,cari-cari
nge-troll,nge-troll
nge-stalk,nge-stalk
merekapun,mereka pun
ultramilk,ultra milk
kepergian,kepergian
kepercaya,kepercaya
keputusan,keputusan
keputihan,keputihan
keputasan,keputasan
ngeasprak,ngeasprak
daydreams,daydreams
daughters,daughters
nge-tweet,nge-tweet
kurang2in,kurang-kurangi
ngalangin,menghalangi
digosipin,digosipkan
gaingetan,ga ingetan
depresive,depressive
berlantai,berlantai
caratland,caratland
ngediemin,ngediemin
ngedeprok,ngedeprok
ngedefens,ngedefens
ngeceknya,ngeceknya
ngebujang,ngebujang
datangnya,datangnya
nyetelnya,menyetelnya
dipublish,di-publish
punya.tpi,punya. tapi
nge-space,nge-space
dandelion,dandelion
ngelabrak,ngelabrak
kepikirna,kepikirna
kepikirin,kepikirin
kepikiran,kepikiran
keperluan,keperluan
dikulitin,dikuliti
diberanda,di beranda
akhirkhir,akhir-akhir
teriaknya,teriak
keadaanmu,keadaan
problemmu,problem-mu
caregiver,caregiver
ngerandom,ngerandom
kepedihan,kepedihan
kepayahan,kepayahan
kepatutan,kepatutan
kepastian,kepastian
kepanikan,kepanikan
berkelana,berkelana
transport,transport
transient,transient
kepanasan,kepanasan
kepameran,kepameran
kepalsuan,kepalsuan
kepalanya,kepalanya
ngejepret,ngejepret
ngeharass,ngeharass
ngegembel,ngegembel
ngefreeze,ngefreeze
ngeforsir,ngeforsir
dari-dari,dari-dari
seringnya,sering
gwsoalnya,gue soalnya
asdfghjkl,<noise>
tangganya,tangga
menjalian,menjalin
sm.ayahny,sama. ayahnya
traveling,traveling
berambisi,berambisi
beraturan,beraturan
berasanya,berasanya
berapapun,berapapun
dampaknya,dampaknya
ngeluhnya,ngeluhnya
se-simple,sesimple
batuk2nya,batuk-batuknya
singapore,Singapore
dangerous,dangerous
ngelenong,ngelenong
dajjalnya,dajjalnya
ngimpinya,ngimpinya
berapakah,berapakah
hydrating,hydrating
roman2nya,roman-romannya
mikir.apa,mikir. apa
bucin2nya,bucin-bucinnya
ngurangin,mengurangi
anjirrlah,anjir lah
kesekolah,ke sekolah
lampiasin,lampiaskan
ngefilter,ngefilter
triggered,triggered
sengajaan,sengajaan
sendredek,sendredek
sendirian,sendirian
senangnya,senangnya
trembling,trembling
treatment,treatment
traveller,traveller
ibadahnya,ibadahnya
kenakalan,kenakalan
kena-kena,kena-kena
kemudahan,kemudahan
kemiripan,kemiripan
kenyataan,kenyataan
kengerian,kengerian
hypocrite,hypocrite
kendaraan,kendaraan
kendaliku,kendaliku
kenapanya,kenapanya
kenapakah,kenapakah
ibaratnya,ibaratnya
represent,represent
rejection,rejection
kepada-mu,kepadamu
penjagaan,penjagaan
sempatkan,sempatkan
semifinal,semifinal
kembarnya,kembarnya
tulisanku,tulisanku
tulangnya,tulangnya
tujuannya,tujuannya
tubi-tubi,tubi-tubi
penilaian,penilaian
pengusaha,pengusaha
nikmatnya,nikmatnya
nightmare,nightmare
nietzsche,nietzsche
dimarahin,dimarahi
gangerasa,ga ngerasa
ngelindur,ngelindur
kemacetan,kemacetan
ignorance,ignorance
kemimpian,kemimpian
ibuprofen,ibuprofen
nominated,nominated
nokturnal,nokturnal
retrogade,retrograde
syukurnya,syukur
sekelibat,sekelebat
mentingin,mementingkan
ngelupain,melupakan
dikirimin,dikirimkan
ngelepain,melepaskan
kepahitan,kepahitan
nirempati,nirempati
daftarkan,daftarkan
terbaatas,terbatas
dirunding,dirundingkan
wakwikwok,<noise>
collegues,colleagues
dimandiin,dimandikan
ngobrolin,mengobrolkan
ngok-ngok,ngok-ngok
nongkrong,nongkrong
kemayoran,kemayoran
kemasukan,kemasukan
identitas,identitas
kemarinan,kemarinan
kemarahan,kemarahan
kemampuan,kemampuan
kemaleman,kemaleman
kemalasan,kemalasan
curcolnya,curcolnya
nyamannya,nyamannya
keluhanku,keluhanku
keluarnya,keluarnya
keluarkan,keluarkan
berkaitan,berkaitan
berjualan,berjualan
kembaliin,kembaliin
nostalgic,nostalgic
cyber-nya,cyber-nya
nostalgia,nostalgia
norwegian,norwegian
normalnya,normalnya
ngerevisi,merevisi
dicemasin,dicemaskan
ampunanmu,ampunan-Mu
self-love,self love
2o20-2o22,2020 sampai 2022
dipukulin,dipukuli
melototin,melototi
gordennya,gorden-nya
kedepanya,ke depannya
ujung2nya,ujung-ujungnya
pndritaan,penderitaan
syaratnya,syarat
sebtulnya,sebetulnya
biasa.itu,biasa. itu
gatal2aku,gatal-gatal aku
adek-adek,adik-adik
njenengan,njenengan
sempatnya,sempatnya
curhatkan,curhatkan
basa-basi,basa-basi
cungkring,cungkring
berbahaya,berbahaya
berbahasa,berbahasa
kelilipan,kelilipan
kelilingi,kelilingi
kelihatan,kelihatan
keluyuran,keluyuran
kelulusan,kelulusan
seceroboh,seceroboh
nutrisiku,nutrisiku
baꮆaimana,bagaimana
se-jarang,jarang
menengkan,menenangkan
ngebantai,membantai
tenangnya,tenang
kelebihan,kelebihan
kelayakan,kelayakan
ikhlasnya,ikhlasnya
ikhlaskan,ikhlaskan
ikoterapi,ikoterapi
repressed,repressed
ngubahnya,mengubahnya
dikeselin,dikesali
nevermana,never mana
drivernya,driver-nya
ngomongny,ngomongnya
normalize,normalize
currently,currently
curiosity,curiosity
basically,basically
basalamah,basalamah
pdouctive,productive
ortutuhan,ortu tuhan
ngejalani,menjalani
mati.usia,mati. usia
alesannya,alasannya
litterbox,litter box
nurhayati,nurhayati
nyanyinya,nyanyinya
nyamuknya,nyamuknya
curiganya,curiganya
curhatnya,curhatnya
curhatlah,curhatlah
obedience,obedience
cuitannya,cuitannya
kelelahan,kelelahan
kelekatan,kelekatan
nyerempet,nyerempet
nyenyenye,nyenyenye
nyemplung,nyemplung
obviously,obviously
obsessive,obsessive
tuntaskan,tuntaskan
tunjukkan,tunjukkan
tundukkan,tundukkan
tunalaras,tunalaras
tumpukkan,tumpukkan
keliangan,keliangan
kelewatan,kelewatan
kelepasan,kelepasan
kelemahan,kelemahan
gagangnya,gagang-nya
fihargain,dihargain
kelabakan,kelabakan
imaginasi,imaginasi
ilustrasi,ilustrasi
kelaparan,kelaparan
kelaminku,kelaminku
kelalaian,kelalaian
cuek-cuek,cuek-cuek
obat-obat,obat-obat
nyocotnya,nyocotnya
dipending,di-pending
udah-udah,sudah-sudah
terzolimi,didzalimi
nyramahin,menceramahi
ngalihkan,mengalihkan
berbangga,berbangga
nyeseknya,nyeseknya
2o22-2o24,2022 sampai 2024
orangsuka,orang suka
pnyandang,penyandang
kambuhnya,kambuh
periodnya,period-nya
situ-situ,situ
ngutangin,mengutangi
komen2nya,komen-komennya
siklusnya,siklus
cuma-cuma,cuma-cuma
backingan,backingan
crush-nya,crush-nya
operasiku,operasiku
ongkirnya,ongkirnya
kelahiran,kelahiran
kelabasan,kelabasan
kekesalan,kekesalan
kekerasan,kekerasan
imajinasi,imajinasi
kekejaman,kekejaman
tumbuhkan,tumbuhkan
tumbalnya,tumbalnya
obsesinya,obsesinya
observasi,observasi
sementara,sementara
semenarik,semenarik
backtrack,backtrack
backsound,backsound
nyembelih,menyembelih
dibodohin,dibodohi
sosmednya,sosmed-nya
tampak-mu,tampak
tweet-nya,tweet-nya
berjauhan,berjauhan
omelannya,omelannya
olok-olok,olok-olok
oleh-oleh,oleh-oleh
offer-nya,offer-nya
offensive,offensive
menganggu,mengganggu
passionku,passion-ku
mnghadapi,menghadapi
gemeteran,tidak gemetar
sebelumya,sebelumnya
nyinyiran,nyinyiran
badjingan,badjingan
berjamaah,berjamaah
beritanya,beritanya
diasingin,diasingkan
sepupunya,sepupu
tahu-tahu,tahu
sendernim,sender nim
seenaknya,ngabisin
gsushsjak,<noise>
membersar,membesar
backlight,backlight
crippling,crippling
oppressed,oppressed
penguatan,penguatan
ugal-ugal,ugal-ugal
ubun-ubun,ubun-ubun
twit-twit,twit-twit
twist-nya,twist-nya
twinkling,twinkling
imperfect,imperfect
impactful,impactful
inatentif,inatentif
imunisasi,imunisasi
impulsive,impulsive
kekacauan,kekacauan
kejujuran,kejujuran
kejorokan,kejorokan
impulsife,impulsife
impotengk,impotengk
sembuhkan,sembuhkan
crowd-nya,crowd-nya
aktipitas,aktivitas
bukti2nya,bukti-buktinya
diputusin,diputuskan
diranjang,di ranjang
including,including
kejametan,kejametan
relatable,relatable
relasinya,relasinya
important,important
impiannya,impiannya
penginnya,penginnya
cekikikan,cekikikan
penginlah,penginlah
lyfestyle,lifestyle
artistnya,artist-nya
ekspetasi,ekspektasi
baca-baca,baca-baca
organized,organized
bacaannya,bacaannya
crackhead,crackhead
dilayanin,dilayani
biarinlah,biarkanlah
dipaketin,dipaketkan
gak.nyata,gak. nyata
jlek-jlek,jelek-jelek
dimanapun,di mana pun
ngechatin,menge-chat
sempronya,sempro-nya
dakjalnya,dajjalnya
croissant,croissant
otot-otot,otot-otot
ortu-ortu,ortu-ortu
ceasefire,ceasefire
countries,countries
countless,countless
counselor,counselor
indomarch,indomarch
indikator,indikator
kejaksaan,kejaksaan
relaksasi,relaksasi
berisikan,berisikan
beririsan,beririsan
increases,increases
umur-umur,umur-umur
"umur,2o25","umur,2o25"
"2oi5,2oi6","2oi5,2oi6"
kejenuhan,kejenuhan
kejeleken,kejeleken
cddaanaja,candaan aja
napas-nya,napasnya
lur.minta,lur. minta
pentingin,mementingkan
prcintaan,percintaan
plottwist,plot twist
ngintipin,mengintip
disebarin,disebarkan
stres.dan,stres. dan
ngerantau,merantau
didikanya,didikannya
rehersial,rehearsal
ngegambar,menggambar
2o20-2o21,2020 sampai 2021
disaranin,disarankan
sesak.ada,sesak. ada
pengingat,pengingat
indonesia,indonesia
indonesah,indonesah
indomaret,indomaret
info-info,info-info
influence,influence
inflation,inflation
underpaid,underpaid
uncharted,uncharted
overdress,overdress
overdosis,overdosis
ovariumku,ovariumku
outsource,outsource
sederhana,sederhana
sedepresi,sedepresi
tourettes,Tourette's
ditanyain,ditanyai
psanganku,pasanganku
hepi-hepi,hepi
belajaran,belajar
unek-unek,unek-unek
inhibited,inhibited
inherited,inherited
ingatanku,ingatanku
informasi,informasi
baru-baru,baru-baru
semangati,semangati
overthink,overthink
kehujanan,kehujanan
prokontra,pro kontra
percayain,percayai
kejelasan,kejelasan
berhembus,berhembus
kejahatan,kejahatan
keisengan,keisengan
keinginan,keinginan
ngefollow,mem-follow
diem-diem,diam-diam
kekontrol,terkontrol
fandomnya,fandom-nya
ngehitung,menghitung
gengsinya,egois gengsi
katauntuk,kata untuk
percayaan,kepercayaan
anxiousto,anxious to
ujug-ujug,ujug-ujug
sediakala,sediakala
bahagiamu,bahagiamu
bahagiaku,bahagiaku
berbikini,berbikini
berbicara,berbicara
berbentuk,berbentuk
penghibur,penghibur
pengharum,pengharum
celotehan,celotehan
celebrate,celebrate
kehamilan,kehamilan
inisiatif,inisiatif
kehadiran,kehadiran
kehabisan,kehabisan
kegupuhan,kegupuhan
keguncang,keguncang
keguguran,keguguran
kegituaan,kegituaan
report-ku,report-ku
reply-nya,reply-nya
bagi-bagi,bagi-bagi
temangrup,teman grup
palpitasi,palpitasi
beribadah,beribadah
kegerakin,kegerakin
kegerahan,kegerahan
kehidupan,kehidupan
kehampaan,kehampaan
semalaman,semalaman
seliweran,seliweran
copyright,copyright
copingnya,copingnya
pagi-sore,pagi-sore
pagi-pagi,pagi-pagi
sekalinya,sekali
ngebiarin,membiarkan
berchusan,<noise>
berhubung,berhubung
instagram,instagram
inspirasi,inspirasi
berhambur,berhambur
penghapus,penghapus
penggemar,penggemar
pengganti,pengganti
conveying,conveying
keadaanku,keadaan
salahsatu,salah satu
dilakukin,dilakukan
fungsinya,fungsi
panjangin,memanjangkan
bagaimana,bagaimana
continues,continues
bahasanya,bahasanya
confident,confident
sebalik.a,sebaliknya
telloprse,teleport
psikotest,psikotes
allah.dan,allah. dan
ueueueueu,<noise>
diwelcome,di-welcome
awoakwoak,wkwkwk
packaging,packaging
palembang,palembang
sedangkan,sedangkan
sedahsyat,sedahsyat
pandangan,pandangan
selingkuh,selingkuh
inprokesi,inprokesi
innocence,innocence
instantly,instantly
confirmed,confirmed
pengering,pengering
cenderung,cenderung
kegatelan,kegatelan
kegalauan,kegalauan
kegagalan,kegagalan
kefokusan,kefokusan
insyallah,insyallah
unwritten,unwritten
untungnya,untungnya
uninstall,uninstall
unhealthy,unhealthy
ungkapkan,ungkapkan
palestine,palestine
sdisubmit,sudah disubmit
seharunya,seharusnya
kegelapan,kegelapan
baik-baik,baik-baik
bahayanya,bahayanya
conscious,conscious
gasengaja,tidak sengaja
adhdmaybe,adhd maybe
serotonin,dopamin
pacaranny,pacarannya
nanggepin,menanggapi
depresiin,depresikan
semaleman,semalaman
self-sign,self sign
muji-muji,memuji-muji
hahahhaha,komedi
contohnya,contohnya
confusing,confusing
diyakinin,diyakini
sylvanian,Sylvanian
pait-pait,pahit-pahit
senengnya,senang
palestina,palestina
concerned,concerned
pantaskah,pantaskah
unprotect,unprotect
unplanned,unplanned
instrumen,instrumen
instruksi,instruksi
institusi,institusi
interaksi,interaksi
inteovert,inteovert
inshallah,inshallah
kegeletak,kegeletak
1998-1999,1998-1999
urusannya,urusannya
urus-urus,urus-urus
berbayang,berbayang
berbaring,berbaring
berbohong,berbohong
interview,interview
interrupt,interrupt
interpals,interpals
interkasi,interkasi
untreated,untreated
barangnya,barangnya
selebgram,selebgram
ngesoport,ngesupport
gapapalah,tidak apa-apa
pencapian,pencapaian
introverd,introverd
bergejala,bergejala
intoleran,intoleran
panjatkan,panjatkan
completed,completed
competent,competent
panggilan,panggilan
problmtik,problematik
setidakny,setidaknya
paikiater,psikiater
ternyaata,ternyata
dimasukan,dimasukkan
merlakuin,memperlakukan
confusion,confusion
centering,centering
kefakiran,kefakiran
kripadian,kepribadian
trimkasih,terima kasih
ditakutin,ditakuti
luarbiasa,luar biasa
kesavenya,ke savenya
pndapatan,pendapatan
ceramahin,ceramahi
condition,condition
committed,committed
parenting,parenting
keempatan,keempatan
keegoisan,keegoisan
intuisiku,intuisiku
intterpiu,intterpiu
introvetd,introvetd
introvert,introvert
paper-nya,paper-nya
cemburuan,cemburuan
pengantar,pengantar
pengampun,pengampun
berfungsi,berfungsi
bergulung,bergulung
invisible,invisible
investasi,investasi
kedistrak,kedistrak
iris-iris,iris-iris
kedekatan,kedekatan
kedamaian,kedamaian
update-an,update-an
commuting,commuting
mnenangkn,menenangkan
perenpuan,perempuan
paru-paru,paru-paru
collector,collector
parodinya,parodinya
pasiennya,pasiennya
kecocokan,kecocokan
kecintaan,kecintaan
valentine,valentine
vaginanya,vaginanya
bergairah,bergairah
bergadang,bergadang
bergabung,bergabung
parameter,parameter
mengotrol,mengontrol
depreshit,depresi
baju-baju,baju-baju
paralysis,paralysis
keceriaan,keceriaan
irritated,irritated
irregular,irregular
kecepatan,kecepatan
kecentang,kecentang
kecemasan,kecemasan
kecedasan,kecedasan
kedaliman,kedaliman
kedalaman,kedalaman
kecukupan,kecukupan
bicarapun,bicara pun
video2nya,video-videonya
community,community
pengajian,pengajian
sekreatif,sekreatif
pas-pasan,pas-pasan
paylatter,paylater
ditutupin,ditutup
selesaiin,selesaikan
kangenkan,kangen kan
besar2kan,besar-besarkan
ngesiapin,menyiapkan
kmrn-kmrn,kemarin-kemarin
rejekinya,rezekinya
struggled,struggle
disamping,di samping
paralyzed,paralyzed
pengantin,pengantin
cobaannya,cobaannya
coba-coba,coba-coba
kecewanya,kecewanya
kecewakan,kecewakan
pede-pede,pede-pede
isolating,isolating
kecanduan,kecanduan
kecamatan,kecamatan
kebutuhan,kebutuhan
kebutalan,kebutalan
kebusukan,kebusukan
keburukan,keburukan
istritojl,istritojl
usir-usir,usir-usir
usia-usia,usia-usia
selametan,selametan
bala-bala,bala-bala
selamanya,selamanya
memikirkn,memikirkan
kenapa.ya,kenapa. ya
kecapekan,kecapekan
kecapaian,kecapaian
isolation,isolation
coachella,coachella
co-worker,co-worker
passively,passively
pasrahkan,pasrahkan
suka-duka,suka duka
diseluruh,di seluruh
ctscanmri,ct scan mri
sosaiyeti,society
dikeadaan,di keadaan
nyenangin,menyenangkan
pemrintah,pemerintah
pengakuan,pengakuan
cocoklogi,cocoklogi
statement,pernyataan
tunjukkin,tunjukkan
diri.maaf,diri. maaf
capipitwt,<noise>
mengerika,mengerikan
diresepin,diresepkan
dipikirin,dipikirkan
sela-sela,sela-sela
istighfar,istighfar
kebosanan,kebosanan
kebolehan,kebolehan
kebodohan,kebodohan
kebobolan,kebobolan
berenergi,berenergi
berencana,berencana
berempati,berempati
pedulikan,pedulikan
pelajaran,pelajaran
kebnyakan,kebnyakan
itinerary,itinerary
itenerary,itenerary
keblinger,keblinger
kebijakan,kebijakan
violinist,violinist
istirahat,istirahat
istiqomah,istiqomah
pecundang,pecundang
pecicilan,pecicilan
clubhouse,clubhouse
clozapine,clozapine
payungnya,payungnya
setraline,sertraline
itungnnya,itungnnya
keberatan,keberatan
kebencian,kebencian
berdampak,berdampak
segitunya,segitunya
segininya,segininya
segerakan,segerakan
segelisah,segelisah
peka-peka,peka-peka
lah.nasib,lah. nasib
ternryata,ternyata
trigerred,triggered
meningkay,meningkat
cimorynya,cimory-nya
dibasahin,dibasahi
cognitive,cognitive
classmeet,classmeet
classmate,classmate
classical,classical
pekerjaan,pekerjaan
pekanbaru,pekanbaru
ceritanya,ceritanya
kontrakin,dikontrakkan
mamasuami,mama suami
seru-seru,seru
patriarki,patriarki
ceritakan,ceritakan
pelayanan,pelayanan
pelatihan,pelatihan
ventilasi,ventilasi
kebiasaan,kebiasaan
kebetulan,kebetulan
nyimpulin,menyimpulkan
anxietygt,anxiety gitu
batin.apa,batin. apa
sepi.cpek,sepi. capek
ngancurin,menghancurkan
ajfjsjdjs,<noise>
pedulinya,pedulinya
pelanggan,pelanggan
sekolahan,sekolahan
sekitarmu,sekitarmu
sekitarku,sekitarku
sekiranya,sekiranya
sekencang,sekencang
bandungan,bandungan
bandingan,bandingan
sekelebat,sekelebat
pelengkap,pelengkap
pelecehan,pelecehan
pelayanku,pelayanku
pembagian,pembagian
pemasukan,pemasukan
berdenyut,berdenyut
rendahkan,rendahkan
kebenaran,kebenaran
kebebasan,kebebasan
kebaperan,kebaperan
kebanyakn,kebanyakn
wallpaper,wallpaper
ciwi-ciwi,ciwi-ciwi
ngelunjak,melunjak
dieritain,diceritakan
evrrytime,everytime
kebalikan,kebalikan
kebakaran,kebakaran
kebagusan,kebagusan
berdukaku,berdukaku
sekaratul,sekaratul
pelindung,pelindung
di-filter,disaring
diladenin,diladeni
diandelin,diandalkan
keblakang,ke blakang
reviewnya,review-nya
imagining,imagine
subyektif,subjektif
ceritalah,ceritalah
cisantana,cisantana
ciri-ciri,ciri-ciri
wkekekeke,<noise>
kosletnya,korsletnya
dibisikin,dibisiki
perijinan,perizinan
pinjemnya,pinjamnya
hahahahah,hahaha
pelanggar,pelanggar
sekelumit,sekelumit
bandungku,bandungku
pembelaan,pembelaan
challenge,challenge
keajaiban,keajaiban
watchlist,watchlist
volumenya,volumenya
vocal-nya,vocal-nya
jacquemus,jacquemus
keadaanlh,keadaanlh
ke-handle,ke-handle
jalaninya,jalaninya
ke-cancel,ke-cancel
kbangetan,kbangetan
kebacanya,kebacanya
keasyikan,keasyikan
pemaksaan,pemaksaan
pemaknaan,pemaknaan
pemakaman,pemakaman
pemakaian,pemakaian
pemahaman,pemahaman
pem-bully,pem-bully
nyinggung,menyinggung
teman.aku,teman. aku
update2an,update-updatean
ppullbatu,<noise>
mimpi.klw,mimpi. kalau
isipkerja,isip kerja
dilambung,di lambung
terzikzsa,tersiksa
haribulan,hari bulan
fotovideo,foto video
sserafims,Serafim-nya
dipesenin,dipesankan
pikirinku,pikiranku
hilangnya,hilang-nya
adhdfokus,adhd fokus
kerjaanya,kerjaannya
cita-cita,cita-cita
cililitan,cililitan
banggakan,banggakan
cigarette,cigarette
pemberian,pemberian
pemberani,pemberani
bantingan,bantingan
bantalnya,bantalnya
seingatku,seingatku
katherine,katherine
kasurupan,kasurupan
kasihilah,kasihilah
kasihanin,kasihanin
wandering,wandering
keadaanny,keadaanny
penetrasi,penetrasi
penentuan,penentuan
praktekin,praktikkan
ngerayain,merayakan
kariernya,kariernya
jantungan,jantungan
karenanya,karenanya
bercelaru,bercelaru
bercampur,bercampur
jam-jaman,jam-jaman
sekandung,sekandung
sekalipun,sekalipun
sekaligus,sekaligus
direstuin,direstui
handcream,hand cream
dibawelin,dibaweli
responnya,responsnya
detlennya,deadline-nya
pelupanya,pelupanya
chou-chou,chou-chou
pembukaan,pembukaan
pembohong,pembohong
christmas,christmas
bangganya,bangganya
chocolate,chocolate
chit-chat,chit-chat
mnyebabkn,menyebabkan
kenapasih,kenapa sih
worldtour,worldtour
pendukung,pendukung
karawitan,karawitan
karaukean,karaukean
karareung,karareung
whimsical,whimsical
janganlah,janganlah
jangankan,jangankan
se-sepele,sepele
awkwkakwk,wkwkwk
kefobosan,kebobolan
by.wanita,by wanita
combatnya,combat-nya
lingkungn,lingkungan
christian,christian
pemikiran,pemikiran
chamomile,chamomile
pendorong,pendorong
pendirian,pendirian
banyaknya,banyaknya
sejengkel,sejengkel
sejatinya,sejatinya
sejahtera,sejahtera
pembulian,pembulian
kangennya,kangennya
kandungan,kandungan
kampungan,kampungan
jayadwipa,jayadwipa
welcoming,welcoming
wawancara,wawancara
kapitalis,kapitalis
kapasitas,kapasitas
jarangnya,jarangnya
kaoruhana,kaoruhana
bercabang,bercabang
berdelusi,berdelusi
peminatan,peminatan
cookierun,cookie run
friedrich,friedrich
pejuangan,perjuangan
kantornya,kantornya
sejadinya,sejadinya
penampung,penampung
pemusatan,pemusatan
pemulihan,pemulihan
childhood,childhood
childfree,childfree
chihuahua,chihuahua
dibioskop,di bioskop
seangkata,seangkatan
ngelantur,melantur
nibggalin,meninggalkan
perasa.an,perasaan
karenakan,karenakan
chemistry,chemistry
pendengar,pendengar
-confused,confused
terpurruk,terpuruk
starbucks,Starbucks
tempatnya,tempat
fine-fine,baik-baik
mulu.umur,mulu. umur
ngutarain,mengutarakan
sikap2nya,sikap-sikapnya
pemilihan,pemilihan
penarikan,penarikan
bangunnya,bangunnya
jumpscare,jumpscare
kambangan,kambangan
kalungnya,kalungnya
kalibrasi,kalibrasi
jecewanya,jecewanya
berdagang,berdagang
jempolnya,jempolnya
joongdunk,joongdunk
jonghyeok,jonghyeok
repeating,repeating
wondering,wondering
wonderful,wonderful
wireframe,wireframe
windblume,windblume
wholesome,wholesome
jelalatan,jelalatan
jawabanya,jawabanya
kameranya,kameranya
character,character
pendendam,pendendam
ngelanjut,melanjut
post-2o22,post-2022
kringetan,keringatan
tntbeauty,tnt beauty
nyepelein,menyepelekan
ngremehin,meremehkan
pointsnya,poinnya
lalarooms,lala rooms
benr-benr,benar-benar
penderita,penderita
pendatang,pendatang
judgement,judgement
jilbabnya,jilbabnya
zalim-nya,zalim-nya
jeonghani,jeonghani
workplace,workplace
yongmeong,yongmeong
dikelarin,dikelarkan
ngubungin,menghubungi
yaudahlah,ya sudahlah
se-hampir,se-sehampir
machanism,mechanism
kuranggak,kurang gak
hp.iphone,hp. iphone
agan-agan,teman-teman
merubahku,mengubahku
depressan,depresan
ngajarnya,mengajarnya
netanyaho,netanyahu
disebutin,disebutkan
mendenger,mendengar
berbaysng,berbayang
bagiamana,bagaimana
nglakuin,melakukan
dibeliin,dibelikan
qadarnya,kadarnya
andaikan,andaikan
andalkan,andalkan
kesatuan,kesatuan
nge-list,nge-list
nge-live,nge-live
nge-lock,nge-lock
nge-love,nge-love
nge-book,nge-book
debatnya,debatnya
mengulih,mengulik
nolaknya,menolaknya
mnurutku,menurutku
ghibahin,menggibahkan
51 tahun,51 tahun
prblmtik,problematik
kesannya,kesannya
tourette,tourette
berkuasa,berkuasa
republik,republik
kerjakan,kerjakan
toxic-in,toxic-in
toxicnya,toxicnya
training,training
transfer,transfer
kisi2nya,kisi-kisinya
nge-joki,nge-joki
nge-lead,nge-lead
nge-like,nge-like
nge-line,nge-line
kesahnya,kesahnya
nge-date,nge-date
nge-down,nge-down
hopeless,hopeless
horornya,horornya
horrible,horrible
hospital,hospital
host-nya,host-nya
kesalnya,kesalnya
kesamaan,kesamaan
penyalin,penyalin
separate,separate
sepasang,sepasang
diudahin,disudahi
berhenri,berhenti
syongsok,seongsoek
merchnya,merch-nya
kendali-,kendali
debutkan,debutkan
december,december
deciding,deciding
nge-call,nge-call
nge-chat,nge-chat
kesekian,kesekian
berlipat,berlipat
berlomba,berlomba
berlutut,berlutut
nge-drop,nge-drop
nge-drum,nge-drum
nge-fans,nge-fans
nge-game,nge-game
kesambar,kesambar
kesambet,kesambet
attackun,attack-an
30 detik,30 detik
repeatly,repeatedly
nylakuin,melakukan
dibawain,dibawakan
oleh-nya,olehnya
ksusahan,kesusahan
ngarepin,mengharapkan
hobi-nya,hobi-nya
kesetrum,kesetrum
rejected,rejected
berkutat,berkutat
hokikoba,hokikoba
homebody,homebody
kesentuh,kesentuh
kesepian,kesepian
toko-nya,toko-nya
tololnya,tololnya
homeless,homeless
bisajadi,bisa jadi
numpahin,menumpahkan
nambahin,menambahkan
20 menit,20 menit
ngurangi,mengurangi
decision,decision
deeptalk,deeptalk
regulasi,regulasi
rehatnya,rehatnya
township,township
homemade,homemade
homesick,homesick
homework,homework
homicide,homicide
honestly,honestly
tontonan,tontonan
topiknya,topiknya
tortured,tortured
touching,touching
keserang,keserang
hoarding,hoarding
defences,defences
ngatäsi,ngatäsi
nge-bash,nge-bash
definisi,definisi
deftones,deftones
gapengen,tidak ingin
ngerasah,merasa
ngarahin,mengarahkan
ksemptan,kesempatan
kucingan,kucing-kucingan
unyel2an,unyel-unyelan
nglarang,melarang
wkwkwkkw,hahaha
obsesive,obsessive
dekatnya,dekatnya
avoidant,avoidant
sepengen,sepengen
ketambah,ketambah
ketampar,ketampar
ketampol,ketampol
ketapang,ketapang
kesmenku,kesmenku
hitamkan,hitamkan
hitungan,hitungan
ditrobos,diterobos
diambang,di ambang
gapernah,tidak pernah
ngiranya,mengiranya
ngehibur,menghibur
incidenf,incident
ya.kalou,ya. kalau
senyuman,senyuman
senyummu,senyummu
seongmin,seongmin
careless,careless
penyakit,penyakit
dekatkan,dekatkan
disuport,di suport
nge-post,nge-post
nge-push,nge-push
nge-rant,nge-rant
nge-save,nge-save
nge-seen,nge-seen
kerjanya,kerjanya
senikmat,senikmat
seniorku,seniorku
seniormu,seniormu
sensitif,sensitif
nge-grip,nge-grip
nge-hate,nge-hate
nge-hide,nge-hide
debarnya,debarnya
nge-hype,nge-hype
masalalu,masa lalu
pulang.s,pulang. s
keliatan,kelihatan
tomorrow,tomorrow
hipnotis,hipnotis
hiraukan,hiraukan
histeria,histeria
histeris,histeris
historis,historis
ketahuan,ketahuan
defended,defended
defensif,defensif
autistic,autistic
autoimun,autoimun
sepintar,sepintar
temennya,temannya
brtopeng,bertopeng
salah2in,salah-salahkan
kesukaan,kesukaan
ketaatan,ketaatan
ketabrak,ketabrak
tolongin,tolongin
tinggali,tinggali
bermanja,bermanja
bermimpi,bermimpi
berlatih,berlatih
berlayar,berlayar
berlibet,berlibet
berlibur,berlibur
demamnya,demamnya
neurotic,neurotic
sebisaku,sebisaku
seboroik,seboroik
sepiteng,septic tank
behambur,berhambur
nge-jerk,nge-jerk
diagnose,diagnosis
liatinya,lihatinya
bagaiman,bagaimana
korsinya,kursinya
dersoder,disorder
bangunin,bangun
sekaramg,sekarang
delcogen,delcogen
delivery,delivery
capek-an,capek-an
capek-in,capek-in
capslock,capslock
brtambah,bertambah
brkumpul,berkumpul
penyanyi,penyanyi
penyebab,penyebab
penyedap,penyedap
ketengan,ketengan
keterima,keterima
titiknya,titiknya
titipkan,titipkan
tobatlah,tobatlah
together,together
hilangan,hilangan
resahnya,resahnya
dong.knp,dong. knp
keciludh,kecil udah
samlekum,assalamualaikum
15 menit,15 menit
mnyudahi,menyudahi
kenapaya,kenapa ya
sentuhan,sentuhan
senyaman,senyaman
nge-ship,nge-ship
nge-skip,nge-skip
carmilla,carmilla
keringat,keringat
hshpower,hshpower
berlagak,berlagak
berlarut,berlarut
sepedaan,bersepeda
wkwlwkwl,wkwkwk
naklukin,menaklukkan
ini.haha,ini. haha
kecaduan,kecanduan
nampilin,menampilkan
nelangsa,nelangsa
neneknya,neneknya
dementia,dementia
tinggiku,tinggiku
tipe-nya,tipe-nya
timeskip,timeskip
hilangku,hilangku
himalaya,himalaya
himpunan,himpunan
hidupnya,hidupnya
hierarki,hierarki
hijaunya,hijaunya
ketemuan,ketemuan
demigods,demigods
demikian,demikian
16 tahun,16 tahun
tubuhpun,tubuh pun
matirasa,mati rasa
dipublik,di publik
research,research
resepkan,resepkan
bermakna,bermakna
timpakan,timpakan
tindakan,tindakan
timeline,timeline
dengaran,dengaran
neighbor,neighbor
regional,regional
bermusik,bermusik
bernadya,bernadya
hidungku,hidungku
hidupkan,hidupkan
tiga-nya,tiga-nya
tikamnya,tikamnya
tiketnya,tiketnya
tikitoko,tikitoko
cantumin,cantumin
canceled,canceled
awarness,awareness
bomatlah,bomat lah
dalemnya,dalamnya
cashless,cashless
penolong,penolong
nge-mute,nge-mute
deactive,deactive
deadline,deadline
nge-plan,nge-plan
nge-play,nge-play
skipagak,skip agak
ayangbeb,ayang beb
anjinghg,anjing
26 tahun,26 tahun
biasa.tp,biasa. tapi
ngangong,ngang-ngong
mendigan,mendingan
sepersen,sepersen
denganku,denganku
denganmu,denganmu
denyutan,denyutan
needs-ku,needs-ku
negaraku,negaraku
thriving,thriving
referral,referral
reflects,reflects
refleksi,refleksi
negative,negative
dempetan,dempetan
dendamku,dendamku
depresso,depresso
deprived,deprived
deranged,deranged
nasibnya,nasibnya
coolyeah,cool yeah
kuimpiin,kuimpikan
ngrasake,merasakan
seuseles,seuseless
ndilalah,ndilalah
denpasar,denpasar
depnaker,depnaker
ketirnya,ketirnya
hembusin,hembusin
bernafas,bernafas
bernapas,bernapas
bernasib,bernasib
bernilai,bernilai
berandal,berandal
throwing,throwing
ticketek,ticketek
tidaklah,tidaklah
tidurkan,tidurkan
benernya,benarnya
ngehadap,menghadap
gangaruh,ga ngaruh
pentagon,pentagon
nge-twit,nge-twit
daughter,daughter
nge-vote,nge-vote
nge-zoom,nge-zoom
sengkolo,sengkolo
sengsara,sengsara
berkesan,berkesan
berkicau,berkicau
bruntung,beruntung
ngelatih,melatih
mnyndiri,menyendiri
anxienti,anxiety
nasihati,nasihati
nasional,nasional
naskahku,naskahku
depannya,depannya
thankyou,thankyou
theythem,theythem
thinking,thinking
thirteen,thirteen
depresan,depresan
depresif,depresif
nauseous,nauseous
sepotong,sepotong
kpikiran,kepikiran
shalatku,salatku
ngokngok,ngok-ngok
byasalah,biasalah
tidurlah,tidurlah
tidurnya,tidurnya
hibahkan,hibahkan
thousand,thousand
thriller,thriller
teteskan,teteskan
thailand,thailand
thankful,thankful
keraguan,keraguan
kerajaan,kerajaan
kerasnya,kerasnya
hubungan,hubungan
ngebacot,ngebacot
ngebadut,ngebadut
sentimen,sentimen
40 tahun,40 tahun
2 months,2 months
wkakakak,wkwkwk
ngbaliin,mengembalikan
nenangin,menenangkan
nyembuin,menyembuhkan
pasrahin,pasrahkan
ketolong,ketolong
ketumpuk,ketumpuk
ternjadi,terjadi
di kamar,di kamar
lain.tak,lain. tak
banyakan,banyak
pointnya,poinnya
sepulang,sepulang
sepupuku,sepupuku
serahkan,serahkan
seramnya,seramnya
thoughts,thoughts
desserts,desserts
nakalnya,nakalnya
nameless,nameless
nantinya,nantinya
napasnya,napasnya
kibaskan,kibaskan
hentakan,hentakan
hentikan,hentikan
hentinya,hentinya
khianati,khianati
khotimah,khotimah
hehehehe,hehehehe
describe,describe
desember,desember
sepintas,sepintas
secantik,secantik
candunya,candunya
canggung,canggung
sbnarnya,sebenarnya
12 menit,12 menit
ngebully,mem-bully
siapapun,siapa pun
dasarnya,dasarnya
ngebucin,ngebucin
ngecrush,ngecrush
kepleset,kepleset
transisi,transisi
carrying,carrying
kerendam,kerendam
tratapan,tratapan
traumaan,traumaan
traumaku,traumaku
kepotong,kepotong
kepuasan,kepuasan
litereli,literali
pembully,pem-bully
keuangan,keuangan
helpless,helpless
keutuhan,keutuhan
herannya,herannya
tetaplah,tetaplah
khawatir,khawatir
khayalan,khayalan
wowkwowk,wkwkwk
ngelamun,melamun
brdebarw,berdebar
iklaskan,ikhlaskan
ramashok,<noise>
narsisis,narsisis
musuhnya,musuhnya
detached,detached
detaknya,detaknya
batalkan,batalkan
batangan,batangan
komentar,komentar
komi-san,komi-san
kirimkan,kirimkan
kliennya,kliennya
hebatnya,hebatnya
heeseung,heeseung
dicuekin,diabaikan
nagamine,nagamine
nagihnya,nagihnya
enggatau,tidak tahu
ful-time,full-time
freakinf,freakin
mutualan,mutualan
mutualku,mutualku
nabiyuka,nabiyuka
nafsunya,nafsunya
20 detik,20 detik
teruntuk,teruntuk
teruskan,teruskan
teruslah,teruslah
keyboard,keyboard
khalayak,khalayak
murderer,murderer
response,response
terusnya,terusnya
terutama,terutama
terwujud,terwujud
test-nya,test-nya
testpack,testpack
tetangga,tetangga
kognitif,kognitif
huhuhuhu,huhuhuhu
ngedosen,ngedosen
ngedraft,ngedraft
penonton,penonton
.sahabat,. sahabat
mninggoy,meninggal
diupload,di upload
nggabisa,tidak bisa
puanjang,panjang
kopi.dan,kopi. dan
sebutkan,sebutkan
serelate,serelate
serentak,serentak
seretnya,seretnya
seribuan,seribuan
audacity,audacity
apakabar,apa kabar
bnyak2in,banyak
ngliatin,melihat
deserved,deserved
deserves,deserves
muslimin,muslimin
mustahil,mustahil
mustakim,mustakim
berakhir,berakhir
resolusi,resolusi
resorted,resorted
batasnya,batasnya
bathroom,bathroom
muntaber,muntaber
komplain,komplain
kompleks,kompleks
kompromi,kompromi
komputer,komputer
kondusif,kondusif
konfokal,konfokal
tertentu,tertentu
terteror,terteror
tertidur,tertidur
tertimpa,tertimpa
komiknya,komiknya
ngebahas,membahas
allahuma,allahumma
sempetin,sempatkan
merespon,merespons
wkekwkwk,wkwkwk
ceritain,ceritakan
audience,audience
audiensi,audiensi
auditory,auditory
mungilku,mungilku
alasnnya,alasannya
klopekin,diklopek
youtiful,beautiful
biasalah,biasa
nabrakin,menabrakkan
daripada,daripada
ngegabut,ngegabut
ngejedok,ngejedok
konselor,konselor
murottal,murottal
detikpop,detikpop
musiknya,musiknya
di-judge,di-judge
muhibbur,muhibbur
hubungin,hubungi
implusif,impulsif
60 tahun,60 tahun
ngebleng,ngeblank
komitmen,komitmen
kompeten,kompeten
headache,headache
headline,headline
beragama,beragama
tertulis,tertulis
tertunda,tertunda
tertusuk,tertusuk
tertutup,tertutup
terulang,terulang
serangga,serangga
serapahi,serapahi
perangai,perangai
di-print,di-print
di-reply,di-reply
posisiny,posisinya
komennya,komentarnya
dong.klo,dong. klo
kepencet,kepencet
kependam,kependam
hujannya,hujannya
kepentok,kepentok
kepergok,kepergok
hukumlah,hukumlah
hukumnya,hukumnya
kepincut,kepincut
kepingin,kepingin
dandanan,dandanan
ngeblank,ngeblank
ngebokep,ngebokep
darkness,darkness
diunblok,di unblok
sebelumn,sebelumnya
mulailah,mulailah
mulainya,mulainya
muliakan,muliakan
mulutnya,mulutnya
konsulen,konsulen
haruskah,haruskah
haruslah,haruslah
harusnya,harusnya
hasilkan,hasilkan
serandom,serandom
serangan,serangan
maafkeun,maafkan
karokean,karaukean
nyamanan,kenyamanan
bawahnya,bawah
wrionupi,<noise>
polpolan,pol-polan
27 hours,27 hours
berpuluh,berpuluh
berperan,berperan
berpihak,berpihak
berpijak,berpijak
berpikir,berpikir
bernyawa,bernyawa
berontak,berontak
beropini,beropini
resigned,resigned
ngelihat,melihat
nyesuain,menyesuaikan
di-share,di-share
mudahkan,mudahkan
mudahnya,mudahnya
hasilnya,hasilnya
koperasi,koperasi
hartanya,hartanya
korporat,korporat
haturkan,haturkan
konsumsi,konsumsi
kontakan,kontakan
kontakku,kontakku
movement,movement
hapuskan,hapuskan
hapusnya,hapusnya
koruptor,koruptor
kosannya,kosannya
kosongan,kosongan
kotaknya,kotaknya
harddisk,harddisk
harganya,harganya
harianku,harianku
tersulit,tersulit
offernya,offer-nya
nglupain,melupakan
ktimbang,ketimbang
adhdenfp,adhd enfp
pikirgua,pikir gua
digoogle,di-google
kortisol,kortisol
sturggle,struggle
yaiyalah,ya iyalah
hehe.kak,hehe. kak
nunjukin,menunjukkan
sini.kan,sini. kan
kreditur,kreditur
krempeng,krempeng
kriminal,kriminal
kriteria,kriteria
kritikan,kritikan
kromosom,kromosom
nanamnya,menanamnya
jugacape,juga capek
tembakin,tembakkan
34 tahun,34 tahun
twistnya,twist-nya
tersulut,tersulut
tertahan,tertahan
korengan,korengan
harmless,harmless
harmonis,harmonis
tertanam,tertanam
tertarik,tertarik
tertatih,tertatih
tertekan,tertekan
tertelan,tertelan
ngemafia,ngemafia
ngemisku,ngemisku
ngenolep,ngenolep
ngeongan,ngeongan
damainya,damainya
berandai,berandai
berkelas,berkelas
berkenan,berkenan
hygienic,hygienic
kepedean,kepedean
kepegang,kepegang
attached,attached
attacked,attacked
4llobank,allobank
bebannya,beban
wokakaka,wkwkwk
terdekqt,terdekat
pengenya,inginnya
di-build,di-build
di-bully,di-bully
diadopsi,diadopsi
motornya,motornya
mourning,mourning
kualitas,kualitas
kuangkat,kuangkat
bersaing,bersaing
bersalah,bersalah
bersalin,bersalin
perahumu,perahumu
campaign,campaign
campuran,campuran
motivasi,motivasi
kpalanya,kepalanya
diantara,di antara
tumbuhin,tumbuhkan
lagi.ada,lagi. ada
bercerai,broken home
happiest,happiest
happynya,happynya
kubilang,kubilang
kuburnya,kuburnya
kucilkan,kucilkan
kucingku,kucingku
kucintai,kucintai
tambahin,tambahkan
memaafkn,memaafkan
ngjomblo,menjomblo
telingga,telinga
ngerasai,ngerasai
ngereach,ngereach
ngerekam,ngerekam
dapatnya,dapatnya
darahnya,darahnya
selesain,selesaikan
sakitpun,sakit pun
menyakit,menyakiti
kemestri,chemistry
wankawan,kawan-kawan
attempts,attempts
attorney,attorney
seriusan,seriusan
serpihan,serpihan
berpisah,berpisah
handsome,handsome
terserah,terserah
hanyalah,hanyalah
happened,happened
kangenka,kangen kah
berbunga,kangen
ngebujuk,membujuk
disegala,di segala
pinjemin,pinjamkan
berkerja,bekerja
harapkan,harapkan
harapnya,harapnya
hardcore,hardcore
kuakhiri,kuakhiri
perasaan,perasaan
kuludahi,kuludahi
hambanya,hambanya
kuhadapi,kuhadapi
kujalani,kujalani
hancuran,hancuran
handmade,handmade
di-trust,di-trust
di-twist,di-twist
diabetes,diabetes
perayaan,perayaan
diakhiri,diakhiri
dialogue,dialogue
motherly,motherly
monitors,monitors
monokopi,monokopi
haryskah,haruskah
diapelin,diapeli
18 tahun,18 tahun
balesnya,bales
didenger,didengar
ongkosin,mengongkosi
kudugong,kudugong
dirasain,dirasakan
ngestory,membuat story
vctelpon,vc telepon
perbaiki,perbaiki
diangkat,diangkat
moralnya,moralnya
mornings,mornings
mortgage,mortgage
Nicholas,Nicholas
Nigahiga,Nigahiga
Nintendo,Nintendo
tersirat,tersirat
tersisih,tersisih
kuliahan,kuliahan
kunikida,kunikida
kuningan,kuningan
kunjungi,kunjungi
kuotanya,kuotanya
malesaan,malas-malasan
sl.resah,selalu. resah
bagaimna,bagaimana
womanman,woman man
ayangnya,anjing
catering,catering
penipuan,penipuan
penjabat,penjabat
semuanya,semuanya
sendatan,sendatan
hurufnya,hurufnya
husnuzan,husnuzan
kepalaku,kepalaku
kepalamu,kepalamu
kepalang,kepalang
requests,requests
requires,requires
berantem,berantem
dainakai,dainakai
dalamnya,dalamnya
mood-nya,mood-nya
moody-an,moody-an
diampuni,diampuni
dianggap,dianggap
perannya,perannya
lagaknya,lagaknya
hambatan,hambatan
hamdalah,hamdalah
kumatnya,kumatnya
kumiliki,kumiliki
kumpulan,kumpulan
kuncinya,kuncinya
angisnya,tangisnya
mslahnya,masalahnya
tersesat,tersesat
tersiksa,tersiksa
Korea-an,Korea-an
kutakuti,kutakuti
kutangan,kutangan
halangan,halangan
calendar,calendar
calmness,calmness
calonnya,calonnya
momennya,momennya
momentum,momentum
momongan,momongan
diangkut,diangkut
dianiaya,dianiaya
dapatkan,dapatkan
ilang2an,hilang-hilangan
mndingan,mendingan
minum2an,minum-minuman
javeline,javelin
nahannya,menahannya
nontonin,menonton
mabokaan,mabuk-mabukan
terseram,terseram
terseret,terseret
kyungsoo,kyungsoo
labrinth,labrinth
Polresta,Polresta
Prohiper,Prohiper
lahirkan,lahirkan
lalunya-,lalunya-
restless,restless
restoran,restoran
bentukan,bentukan
benturan,benturan
benturin,benturin
retronya,retronya
kursinya,kursinya
.isolasi,. isolasi
mergokin,memergoki
ngijinin,mengizinkan
ngassist,meng-assist
mertuany,mertuanya
diikutin,diikuti
paspasan,pas-pasan
diapakan,diapakan
sertakan,sertakan
kutunggu,kutunggu
kurungan,kurungan
kusadari,kusadari
kusayang,kusayang
kusesali,kusesali
kusutnya,kusutnya
lampunya,lampunya
landlord,landlord
hadirkan,hadirkan
langgeng,langgeng
sesalkan,sesalkan
sesampai,sesampai
sesayang,sesayang
sesegera,sesegera
cadangan,cadangan
caffeine,caffeine
dibangun,dibangun
nikmatin,menikmati
maafspam,maaf spam
pemdapat,pendapat
kendasih,kendasih
kenduren,kenduren
kenpachi,kenpachi
kemudian,kemudian
kenaikan,kenaikan
dampingi,dampingi
ngeprank,ngeprank
hyperfix,hyperfix
hypnosis,hypnosis
kejar2an,kejar-kejaran
nyerahin,menyerahkan
mrupakan,merupakan
bersukur,bersyukur
ngapalin,menghafal
gambpang,gampang
nyusahin,menyusahkan
hanyai60,hanya 60
mikirint,memikirkan
pnggemar,penggemar
larangan,larangan
language,language
lanjutan,lanjutan
berserah,berserah
bersihin,bersihin
anak2oo7,anak 2007
3 months,3 months
sprtinya,sepertinya
uninstal,uninstall
dibantai,dibantai
dibasahi,dibasahi
dibatasi,dibatasi
langsing,langsing
langsung,langsung
atasinya,atasinya
sebentar,sebentar
seberang,seberang
seberapa,seberapa
laporkan,laporkan
laptopku,laptopku
modalnya,modalnya
modeling,modeling
habis2an,habis-habisan
awokawko,<noise>
nglkauin,melakukan
nasehati,menasihati
sosmedan,sosmed-an
bersikap,bersikap
berpusat,berpusat
berputar,berputar
bersabar,bersabar
lambatan,lambatan
learning,learning
bersedia,bersedia
bersedih,bersedih
berpunya,berpunya
lantaran,lantaran
lantunan,lantunan
hadapkan,hadapkan
lapangan,lapangan
laparnya,laparnya
becoming,menjadi
ngecover,meng-cover
1.cerita,1. cerita
seremnya,seramnya
iniberat,ini berat
hutangmu,utangmu
temryata,ternyata
-anxious,anxious
ngetreat,memperlakukan
nyarinya,mencarinya
sesering,sesering
seserius,seserius
seserver,seserver
sesimpel,sesimpel
sesosial,sesosial
habiskan,habiskan
habisnya,habisnya
laughing,laughing
lauraflo,lauraflo
lavender,lavender
layaknya,layaknya
batinnya,batinnya
mixagrip,mixagrip
dibaweli,dibaweli
mobilnya,mobilnya
sesekali,sesekali
kepadaku,kepadaku
kepadamu,kepadamu
treasure,treasure
treating,treating
tremoran,tremoran
trending,trending
casually,casually
pmasukan,pemasukan
nerveous,nervous
seterong,strong
ceritany,ceritanya
prgaulan,pergaulan
selesein,selesaikan
kekuarga,keluarga
wkekwkwj,wkwkwk
introver,introvert
rendahkn,rendahkan
lifeless,lifeless
lebay-an,lebay-an
lebihkan,lebihkan
gyokuken,gyokuken
lebihnya,lebihnya
ledakkan,ledakkan
leftover,leftover
lelahnya,lelahnya
lemahnya,lemahnya
lembaran,lembaran
ngluarin,mengeluarkan
gaenakan,tidak enakan
tp.batin,tapi. batin
nyodorin,menyodorkan
perttama,pertama
10 years,10 years
ngundang,mengundang
percayai,percayai
percepat,percepat
layangan,layangan
layarnya,layarnya
laziness,laziness
life-nya,life-nya
tergangu,terganggu
-liburan,liburan
temen2ny,teman-temannya
tempelin,tempelkan
lashesan,lashes-an
lemburan,lemburan
lenggang,lenggang
lepaskan,lepaskan
lepasnya,lepasnya
latarnya,latarnya
ributkan,ributkan
benjolan,benjolan
lesingan,lesingan
letaknya,letaknya
levelnya,levelnya
lewatkan,lewatkan
libatkan,libatkan
liburnya,liburnya
lidahnya,lidahnya
gunshots,gunshots
setannya,setannya
standard,standar
karnakan,karenakan
30 menit,30 menit
nguantuk,mengantuk
ngerubah,mengubah
pagipagi,pagi-pagi
terobesi,terobsesi
ngerebut,merebut
hancurin,hancurkan
ngehayal,mengkhayal
nolongin,menolong
nilainya,nilainya
pengurus,pengurus
pengusik,pengusik
penikmat,penikmat
berkebun,berkebun
senderan,senderan
berkeluh,keluh kesah
pusingka,pusingkah
lagi.apa,lagi. apa
shift2an,shift-shiftan
setenang,setenang
setengah,setengah
seterang,seterang
asumsiku,asumsiku
asyiknya,asyiknya
lihatkan,lihatkan
lihatlah,lihatlah
lihatnya,lihatnya
gulingan,gulingan
gumpalan,gumpalan
revisian,revisian
rezekiku,rezekiku
dibentak,dibentak
dibiayai,dibiayai
sebegitu,sebegitu
byeongin,byeongin
paksuami,pak suami
guardnya,guard-nya
nintendo,Nintendo
ngobatin,mengobati
ngaapain,ngapain
cinta2an,cinta-cintaan
corporat,korporat
lagipula,lagi pula
bentaran,bentaran
bentengi,bentengi
bersenda,bersenda
bersepah,bersepah
lindungi,lindungi
gataunya,tidak tahunya
ngidupin,menghidupi
pesanmya,pesannya
dibilang,dibilang
dibisiki,dibisiki
diblokir,diblokir
dibodohi,dibodohi
ribetnya,ribetnya
bayangan,bayangan
sebangku,sebangku
sebanyak,sebanyak
Pasundan,Pasundan
Pertamax,Pertamax
bentakan,bentakan
sengaruh,sengaruh
senggang,senggang
sengklek,sengklek
ngestuck,ngestuck
ngganjel,ngganjel
triggers,triggers
kepagian,kepagian
rekening,rekening
reprepan,reprepan
hyunhayo,hyunhayo
reportku,report-ku
mmbebani,membebani
simpenan,simpanan
patahati,patah hati
numbalin,menumbalkan
dijauhin,dijauhi
mnyilang,menyilang
lighting,lighting
mirisnya,mirisnya
dicampur,dicampur
misalkan,misalkan
lobotomy,lobotomy
lockwood,lockwood
loketcom,loketcom
tersasar,tersasar
tersebut,tersebut
tersedak,tersedak
tersedia,tersedia
terseksa,terseksa
dikepala,di kepala
keluarin,keluarkan
diurusan,di urusan
kbradaan,keberadaan
linglung,linglung
link-nya,link-nya
guessing,guessing
linkedin,linkedin
lipstick,lipstick
liriknya,liriknya
list-nya,list-nya
listened,listened
listener,listener
literali,literali
literasi,literasi
gubernur,gubernur
live-nya,live-nya
sebarkan,sebarkan
sebatang,sebatang
dipendem,dipendam
ciri2nya,ciri-cirinya
diurusin,diurusi
bicara.a,bicara. aa
direject,di reject
someones,someone
ngehujat,menghujat
timakaci,terima kasih
pmasalah,permasalahan
diborong,diborong
misalnya,misalnya
mistakes,mistakes
dibucini,dibucini
bawaanku,bawaanku
tresient,transient
padoktwt,padok twt
kesemula,ke semula
rekamany,rekamannya
abadi.jd,abadi. jadi
mintalah,mintalah
minumnya,minumnya
minusnya,minusnya
minyakan,minyakan
loloskan,loloskan
loncatan,loncatan
grieving,grieving
grounded,grounded
lovestay,lovestay
assuming,assuming
assuring,assuring
didekati,didekati
mingguan,mingguan
dicintai,dicintai
dicontoh,dicontoh
crowdnya,crowd-nya
refferal,referral
brsamamu,bersamamu
njugling,menjugling
sebegini,sebegini
diumumin,diumumkan
bukanbya,bukannya
ditengah,di tengah
seminggu,seminggu
penjahat,penjahat
penjilat,penjilat
dagangan,dagangan
nimbrung,nimbrung
kenalkan,kenalkan
kenangan,kenangan
berkarat,berkarat
berkarir,berkarir
butuhkan,butuhkan
pergilah,pergilah
aspirasi,aspirasi
assalamu,assalamu
setujuan,setujuan
minderan,minderan
makeupan,make up-an
tergesa-,tergesa-gesa
keingeut,keingat
ngapa2in,ngapa-ngapain
imsecure,insecure
1opm-6am,10pm sampai 6am
10 tahun,10 tahun
mintakan,mintakan
performa,performa
pergikah,pergikah
lowongan,lowongan
luangkan,luangkan
greatest,greatest
luluskan,luluskan
graduate,graduate
graphics,graphics
butuhkah,butuhkah
setinggi,setinggi
bersujud,bersujud
bertahan,bertahan
maharani,maharani
maintain,maintain
majoring,majoring
terputar,terputar
polresta,Polresta
didiemin,didiamkan
saudarai,saudari
nungguin,menunggu
diprivat,di privat
nyebutin,menyebutkan
minderku,minderku
mindroom,mindroom
graphite,graphite
macamnya,macamnya
magazine,magazine
didesain,didesain
mimpinya,mimpinya
minatnya,minatnya
setimpal,setimpal
berkarya,berkarya
nomor-ku,nomor-ku
non-adhd,non-adhd
non-oomf,non-oomf
nonaktif,nonaktif
nicotine,nicotine
nikahnya,nikahnya
60 menit,60 menit
neriakin,meneriaki
maknanya,maknanya
bersinar,bersinar
bersuara,bersuara
bersudah,bersudah
joke-nya,gurauannya
melunjak,melonjak
kependem,kependam
3iio2o24,31-10-2024
mimipiin,memimpikan
deproset,depresi
terputus,terputus
tersadar,tersadar
tersakit,tersakit
grateful,grateful
gratisan,gratisan
didorong,didorong
didukung,didukung
malaikat,malaikat
malamnya,malamnya
majority,majority
makannya,makannya
makassar,makassar
nitip2in,menitip-nitipkan
nendodol,nendoroid
pristiwa,peristiwa
nyetrika,menyetrika
hindarin,hindari
didendam,didendam
didengar,didengar
diderita,diderita
recovery,recovery
redacted,redacted
revealed,revealed
maksimal,maksimal
gosipkan,gosipkan
govtcops,govtcops
maksudku,maksudku
maksudmu,maksudmu
setubuhi,setubuhi
asperger,asperger
sebabkan,sebabkan
ngistora,membuat story
pintergk,pinter nggak
normally,normally
northern,northern
notabene,notabene
noticing,noticing
trik-nya,trik-nya
berkecil,berkecil
berkedok,berkedok
berkedut,berkedut
troubled,troubled
tuan-nya,tuan-nya
tubuhnya,tubuhnya
51 menit,51 menit
sengagur,se-menganggur
begabung,bergabung
didasari,didasari
milyaran,milyaran
milenial,milenial
didoakan,didoakan
malikova,malikova
mamarika,mamarika
managing,managing
military,military
millions,millions
mewarisi,mewarisi
mewarnai,mewarnai
difitnah,difitnah
perihnya,perihnya
perilaku,perilaku
burukkan,burukkan
kerjapun,kerja pun
sesepele,sepele
segimana,sebagaimana
sebablas,sebablas
midnight,midnight
migraine,migraine
bertahap,bertahap
bertahun,bertahun
terpisah,terpisah
terpojok,terpojok
terpukul,terpukul
terpuruk,terpuruk
mandarin,mandarin
mandinya,mandinya
manganya,manganya
manggung,manggung
mangkrak,mangkrak
godzilla,godzilla
golongan,golongan
k-kenapa,kenapa
ningglin,meninggalkan
brbayang,berbayang
ngedeket,mendekat
deketnya,dekatnya
pede.aku,pede. aku
busetdah,buset
nyemilin,menyemili
busuknya,busuknya
perineum,perineum
gondrong,gondrong
malaysia,malaysia
metafora,metafora
digampar,digampar
recharge,recharge
manifest,manifest
manisnya,manisnya
manjakan,manjakan
mantanku,mantanku
mantanmu,mantanmu
goal-nya,goal-nya
god-mode,god-mode
terparah,terparah
kealamat,ke alamat
nyambung,menyambung
tugasnya,tugasnya
tujuanku,tujuanku
tulusnya,tulusnya
kembaran,kembaran
semester,semester
yapping-,yapping
semrawut,semrawut
november,november
nowadays,nowadays
numbness,numbness
karirnya,kariernya
ingfokan,infokan
sekulnya,sekolah-nya
begimana,bagaimana
googling,googling
gorengan,gorengan
gorgeous,gorgeous
malasnya,malasnya
markplus,markplus
marriage,marriage
marrying,marrying
recently,recently
perintah,perintah
periodik,periodik
aja.anak,aja. anak
untungya,untungnya
smaleman,semalaman
remembwr,remember
abangnya,abangnya
terpejam,terpejam
terpikir,terpikir
terpilih,terpilih
terpinga,terpinga
maskeran,maskeran
maskerku,maskerku
marahnya,marahnya
marathon,marathon
markotop,markotop
digubris,digubris
11 hours,11 hours
gt.ingin,gitu. ingin
mikirorg,mikir orang
alasanya,alasannya
merungut,merungut
meskipun,meskipun
mestinya,mestinya
digibahi,digibahi
digotong,digotong
ternyata,ternyata
terobati,terobati
bertanya,bertanya
bertatap,bertatap
bertele2,bertele2
martabak,martabak
masakkan,masakkan
diganggu,diganggu
digaplok,digaplok
digempur,digempur
nurutnya,nurutnya
niretika,niretika
njun-nya,njun-nya
idamanku,idamanku
kemenkes,kemenkes
kemajuan,kemajuan
kematian,kematian
secircle,secircle
secluded,secluded
secretly,secretly
sections,sections
nonsense,nonsense
timbulah,timbullah
beratnya,berat
1bulanan,1 bulanan
baik.dan,baik. dan
material,material
dihambat,dihambat
dihamili,dihamili
mertuaku,mertuaku
seung쟹,seung쟹
seusiaku,seusiaku
severely,severely
dilayoff,di layoff
smbuhkan,sembuhkan
cemasnya,cemas
kacangin,dikacangin
17 tahun,17 tahun
sangking,saking
dihabisi,dihabisi
dihadang,dihadang
dihadapi,dihadapi
dihadiri,dihadiri
dihakimi,dihakimi
masukkan,masukkan
masuknya,masuknya
matahari,matahari
gilirkan,gilirkan
guwoblok,goblok
stagenya,stage-nya
merlopam,merlopam
setumpuk,setumpuk
bertumpu,bertumpu
berturut,berturut
realized,realized
abnormal,abnormal
terpaksa,terpaksa
materiil,materiil
mayatnya,mayatnya
mbanking,mbanking
brsyukur,bersyukur
cumlaude,cumlaude
cuplikan,cuplikan
curahkan,curahkan
basquiat,basquiat
security,security
tripleks,tripleks
trombone,trombone
berjoget,berjoget
berjuang,berjuang
berjumpa,berjumpa
berkabar,berkabar
ignoring,ignoring
keluaran,keluaran
keluarga,keluarga
curhatan,curhatan
sempurna,sempurna
sjsjsjsk,<noise>
kosongny,kosongnya
dimatiin,dimatikan
sexually,sexually
shalehah,shalehah
digoyang,digoyang
sebabnya,sebabnya
bayangin,bayangin
merintis,merintis
meetings,meetings
ghosting,ghosting
mejahati,mejahati
melabeli,melabeli
meladeni,meladeni
bertukar,bertukar
bayarkan,bayarkan
bayarnya,bayarnya
sebagian,sebagian
nyingung,menyinggung
ibubapak,ibu bapak
dijualin,dijualkan
takutbgt,takut banget
synptoms,symptoms
medicine,medicine
medikasi,medikasi
girlboss,girlboss
gitarnya,gitarnya
giveaway,giveaway
medisnya,medisnya
meditasi,meditasi
bwaannya,bawaannya
kelasnya,kelasnya
cukuplah,cukuplah
obesitas,obesitas
curhatku,curhatku
curigaan,curigaan
sembuhin,sembuhkan
bilangin,bilang
merintih,merintih
gertakan,gertakan
getahnya,getahnya
seumuran,seumuran
seungguh,seungguh
seunghan,seunghan
seungmin,seungmin
se-putus,se-putus
se-stres,se-stres
shinchan,shinchan
shipping,shipping
shirotol,shirotol
melanjut,melanjut
gerakkan,gerakkan
gerogoti,gerogoti
melantur,melantur
mletotin,memelototi
cengkrem,cengkram
sepelein,sepelekan
dihantam,dihantam
dihantui,dihantui
dihargai,dihargai
dihilang,dihilang
9 months,9 months
asingkan,asingkan
merevisi,merevisi
dihitung,dihitung
melandai,melandai
terlihat,terlihat
terlilit,terlilit
termakan,termakan
absenkan,absenkan
academia,academia
academic,academic
termasuj,termasuj
termasuk,termasuk
termasuk,termasuk
secercah,secercah
secerdas,secerdas
kelupaan,kelupaan
idolakan,idolakan
keliling,keliling
kelomang,kelomang
kelompok,kelompok
ignorant,ignorant
berbakat,berbakat
berbakti,berbakti
berbalas,berbalas
misqueen,miskin
korporet,korporat
mendalem,mendalam
siaoapun,siapapun
adirabni,adira bni
nyebarin,menyebarkan
ngerusak,merusak
berteman,berteman
bertemen,bertemen
melajang,melajang
melebihi,melebihi
terlemah,terlemah
terlepas,terlepas
terletak,terletak
terlewat,terlewat
diidupin,diidupin
diizinin,diizinin
dijabani,dijabani
meresapi,meresapi
merestui,merestui
perkecil,perkecil
kadituna,ka dituna
trkadang,terkadang
wwkwkwkw,wkwkwk
melarang,melarang
reassure,reassure
t______t,<noise>
updatean,update-an
korea-an,koreaan
curhatin,curhatkan
tibatiba,tiba-tiba
prustasi,frustrasi
sama.dan,sama. dan
gmapsnya,gmaps-nya
bawaanya,bawaan
diserius,di serius
gomongin,ngomongin
teman2ku,teman-temanku
bunkasai,bunkasai
bunuhnya,bunuhnya
acaranya,acaranya
accepted,accepted
dijalani,dijalani
gempuran,gempuran
terlibat,terlibat
generasi,generasi
gengsian,gengsian
genocide,genocide
genosida,genosida
ringtone,ringtone
roasting,roasting
rocketed,rocketed
roleplay,roleplay
2oi9-now,2019-now
macemnya,macamnya
nigahiga,Nigahiga
teriakin,teriaki
nyudutin,menyudutkan
bunganya,bunganya
geografi,geografi
bertobat,bertobat
bertubuh,bertubuh
bertugas,bertugas
genrenya,genrenya
melempar,melempar
melempem,melempem
melewati,melewati
bunyinya,bunyinya
perlahan,perlahan
merembet,merembet
meremkan,meremkan
buatvaku,buat aku
occasion,occasion
occupied,occupied
nyerinya,nyerinya
nyerocos,nyerocos
nyungsep,nyungsep
customer,customer
cuteness,cuteness
nyalakan,nyalakan
nyalinya,nyalinya
nyamanku,nyamanku
berbalik,berbalik
represif,represif
kelarnya,kelarnya
kelaskan,kelaskan
ikhaskan,ikhaskan
iklankan,iklankan
yaampuna,ya ampun
sensasix,sensasinya
nctdream,nctdream
bencilah,bencilah
bencinya,bencinya
melayang,melayang
melayani,melayani
dijahati,dijahati
dijahili,dijahili
gembokan,gembokan
accounts,accounts
diiringi,diiringi
diisukan,diisukan
diiyakan,diiyakan
dijulidi,dijulidi
dijuteki,dijuteki
dikabari,dikabari
se-value,se-value
seadanya,seadanya
seagensi,seagensi
feelinhg,feeling
brproses,berproses
raysanya,rasanya
merengek,merengek
merengut,merengut
merenung,merenung
mentalny,mentalnya
skalinya,sekalinya
semenjak,semenjak
obsesiku,obsesiku
obsessed,obsessed
kelainan,kelainan
kelakuan,kelakuan
melunasi,melunasi
meluntur,meluntur
grupchat,grup chat
ngecilin,mengecilkan
scrensut,screenshot
melewari,melewati
pusingin,pusingkan
bearable,bearable
seatbelt,seatbelt
seatplan,seatplan
accurate,accurate
realitas,realitas
dikataim,dikataim
berutang,berutang
bervalue,bervalue
berwarna,berwarna
berwujud,berwujud
terlarut,terlarut
terlatih,terlatih
terlebih,terlebih
terlelap,terlelap
malingin,maling
15 tahun,15 tahun
meliputi,meliputi
melonjak,melonjak
melontar,melontar
melototi,melototi
gegayaan,gegayaan
berulang,berulang
berusaha,berusaha
bumbunya,bumbunya
bumerang,bumerang
bundanya,bundanya
siangnya,siangnya
siapakah,siapakah
siapanya,siapanya
siblings,siblings
aseksual,aseksual
nyapnyap,nyapnyap
nyatanya,nyatanya
nyelekit,nyelekit
nyeleneh,nyeleneh
tumpukan,tumpukan
tunangan,tunangan
tuntutan,tuntutan
turnamen,turnamen
turnover,turnover
turunkan,turunkan
turunnya,turunnya
kleyenga,kleyengan
nnya.apa,nanya. apa
cape.dan,capek. dan
ngelamar,melamar
melimpah,melimpah
simetris,simetris
simpanan,simpanan
nangisin,menangisi
komplein,komplain
ngelirik,melirik
tetepaja,tetap aja
kbngetan,kebangetan
lain.dan,lain. dan
sadmusic,sad music
sibukkan,sibukkan
sibuknya,sibuknya
sickness,sickness
sidoarjo,sidoarjo
dikasari,dikasari
reaksiku,reaksiku
rilisnya,rilisnya
gebrakan,gebrakan
dikekang,dikekang
dijemput,dijemput
dijiplak,dijiplak
sikapnya,sikapnya
siksanya,siksanya
silinder,silinder
ngejawab,menjawab
asexsual,aseksual
seworang,seorang
tkdirkan,takdirkan
sedihnyq,sedihnya
menyebab,menyebabkan
hidupdan,hidup dan
responya,responsnya
skaligus,sekaligus
gini.gmn,gini. gimana
mesejnya,pesannya
mmbuatku,membuatku
slamanya,selamanya
official,official
ohmthiti,ohmthiti
memarahi,memarahi
memasang,memasang
memasuki,memasuki
shopping,shopping
shoulder,shoulder
showtime,showtime
shutdown,shutdown
dikirimi,dikirimi
sifatnya,sifatnya
bundaran,bundaran
perlukan,perlukan
totalcat,total cat
ngikutin,mengikuti
cekek-eh,cekek
dikenali,dikenali
dikesali,dikesali
shooting,shooting
memahami,memahami
gedubrak,gedubrak
notifnya,notifikasinya
najaemin,Na Jaemin
bullshit,bullshit
membahas,membahas
gataulah,gataulah
membakar,membakar
membalas,membalas
terkenal,terkenal
besoknya,besoknya
beternak,beternak
rasanýa,rasanýa
rasional,rasional
re-watch,re-watch
reaction,reaction
reactive,reactive
terkunci,terkunci
olahraga,olahraga
ombaknya,ombaknya
berjarak,berjarak
cuitanku,cuitanku
kelamaan,kelamaan
berjodoh,berjodoh
berimbas,berimbas
beringas,beringas
kekuatan,kekuatan
kekumpul,kekumpul
illallah,illallah
kelabang,kelabang
operator,operator
objektif,objektif
pernyata,pernyataan
bullying,bullying
permudah,permudah
motorpun,motor pun
mmklukmi,memaklumi
gimanani,gimana nih
orangtua,orang tua
perlulah,perlulah
permanen,permanen
terkuras,terkuras
terkutuk,terkutuk
terlahir,terlahir
accident,accident
memantau,memantau
besarnya,besarnya
berujung,berujung
terkesan,terkesan
terketuk,terketuk
actively,actively
activity,activity
actually,actually
terkikis,terkikis
terkilan,terkilan
terjerat,terjerat
gapantes,tidak pantas
kemonyet,ke monyet
tahajjud,tahajud
merawang,merawang
diklopek,diklopek
dikotori,dikotori
gaslight,gaslight
membajak,membajak
dikumpul,dikumpul
benarnya,benarnya
roommate,roommate
rambutku,rambutku
membantu,membantu
membatin,membatin
membayar,membayar
gantikan,gantikan
gantilah,gantilah
gantinya,gantinya
temengua,teman gua
ngasirin,mengasiri
sdkitpun,sedikit pun
colongin,mencuri
pindahin,pindahkan
jedot2in,jedot-jedotkan
wkakakka,wkwkwk
teoritis,teoretis
bersuami,berjuang
rangking,ranking
adaptasi,adaptasi
addicted,addicted
berzikir,berzikir
besarkan,besarkan
terkasih,terkasih
terkejut,terkejut
membekas,membekas
membelah,membelah
membelit,membelit
roomchat,roomchat
benarkah,benarkah
benarkan,benarkan
dikirain,dikirain
simulasi,simulasi
sinarnya,sinarnya
berhayal,berkhayal
gamon-in,gamon-in
merantau,merantau
meratapi,meratapi
se-masuk,se-masuk
merampas,merampas
block2in,block-block-in
terkabul,terkabul
.mengapa,. mengapa
sindiran,sindiran
sinetron,sinetron
sinopsis,sinopsis
artisnya,artisnya
dikuliti,dikuliti
terjelek,terjelek
ranianya,ranianya
rantauan,rantauan
rapuhnya,rapuhnya
membenci,membenci
gangguan,gangguan
opininya,opininya
opinions,opinions
crippled,crippled
criteria,criteria
cronulla,cronulla
imbasnya,imbasnya
imessage,imessage
kekinian,kekinian
berjalan,berjalan
merambat,merambat
28 tahun,28 tahun
mendkati,mendekati
dilabrak,dilabrak
diladeni,diladeni
dilakukn,dilakukn
gamonnya,gamonnya
terkapar,terkapar
terjamin,terjamin
dilaluin,dilaluin
dikritik,dikritik
dikuasai,dikuasai
dilanjut,dilanjut
dilarang,dilarang
dilayani,dilayani
dilempar,dilempar
merahnya,merahnya
merakyat,merakyat
question,question
race-nya,race-nya
rahimnya,rahimnya
kbrsihan,kebersihan
peka.dah,peka. dah
.padahal,. padahal
beasiswa,beasiswa
bebalnya,bebalnya
terjatuh,terjatuh
terjawab,terjawab
terjebak,terjebak
aromatic,aromatic
arsipkan,arsipkan
skenario,skenario
membotak,membotak
gadisaut,gadisaut
gagalnya,gagalnya
biasakan,biasakan
quacking,quacking
berjamur,berjamur
berjanji,berjanji
sembunyi,sembunyi
badannya,badannya
cuacanya,cuacanya
offended,offended
offering,offering
sebarapa,seberapa
........,.
kejangin,kejang
kemistri,chemistry
ngebales,membalas
terhenti,terhenti
terhibur,terhibur
betrayal,betrayal
betrayed,betrayed
ramainya,ramainya
romantic,romantic
romantis,romantis
terhukum,terhukum
teriakan,teriakan
teringat,teringat
membolak,membolak
remeh.di,remeh. di
ngelapor,melapor
nyuguhin,menyuguhi
akhirini,akhir ini
sedangka,sedangkan
galaunya,galaunya
gamaunya,gamaunya
gambaran,gambaran
membesar,membesar
adhd-nya,adhd-nya
terhebat,terhebat
dilewati,dilewati
dilucuti,dilucuti
diludahi,diludahi
dimarahi,dimarahi
menyuruh,menyuruh
menyusui,menyusui
menyusul,menyusul
5menitan,5 menitan
business,business 
mlakukan,melakukan
daritadi,dari tadi
hadeeuuh,aduh
didesaku,di desaku
orangnya,orangnya
organize,organize
oriented,oriented
original,original
pengirim,pengirim
berjemur,berjemur
berjibun,berjibun
ngetweet,nge-tweet
bebaskan,bebaskan
se-feels,se-feels
bukankah,bukankah
perpusan,perpusan
aromanya,aromanya
terhapus,terhapus
terhasut,terhasut
adminnya,adminnya
dimodali,dimodali
memendam,memendam
membujuk,membujuk
membunuh,membunuh
memburuk,memburuk
gabungan,gabungan
membusuk,membusuk
memegang,memegang
purchase,purchase
nyabutin,mencabuti
nuntasin,menuntaskan
slusinya,solusinya
difollow,di-follow
teraktir,traktir
nyebabin,menyebabkan
murahhan,murahan
aoskksks,hahaha
ngudahin,menyudahi
ngecekin,mengecek
ngerumpi,merumpi
menyusun,menyusun
perpasal,perpasal
bukanlah,bukanlah
bukannya,bukannya
buktikan,buktikan
dimiliki,dimiliki
dimintai,dimintai
365 hari,365 hari
kewarung,ke warung
pinginya,penginnya
misslnya,misalnya
ngagetin,mengagetkan
seenggak,seenggaknya
kenapala,kenapa lah
meghafal,menghafal
kesalahn,kesalahan
keselnya,kesalnya
tweeting,tweeting
tweetnya,tweetnya
twenties,twenties
twit-nya,twit-nya
typo-nya,typonya
impostor,impostor
penguasa,penguasa
cautious,cautious
cawapres,cawapres
termyata,ternyata
selanjut,selanjutnya
ewkwkwke,<noise>
nyenggol,menyenggol
kosannye,kosannya
terendah,terendah
terfokus,terfokus
putranya,putranya
putrinya,putrinya
putuskan,putuskan
putusnya,putusnya
biangnya,biangnya
memencet,memencet
fullslot,fullslot
fulltime,fulltime
walpaper,wallpaper
dibiland,dibilang
nyaksiin,menyaksikan
ngejudge,nge-judge
semaikin,semakin
ebooknya,ebook nya
takutamp,takut sampai
insomnya,insomnia-nya
dulu.sos,dulu. sos
mnjalani,menjalani
kedokter,ke dokter
dicancel,di-cancel
ngebunuh,membunuh
kopek2in,kopek-kopekkan
sbungkos,sebungkus
gagahkan,gagahkan
gagalkan,gagalkan
membuang,membuang
tergores,tergores
terhadap,terhadap
arimasen,arimasen
ngambang,mengambang
hati.lbh,hati. lebih
coworker,coworker
creating,creating
terus2an,terus-terusan
halspele,hal sepele
building,bulding
lebihnye,lebihnya
sesocial,sesosial
bujangan,bujangan
menyukai,menyukai
memintai,memintai
memodali,memodali
memenuhi,memenuhi
fronting,fronting
memiliki,memiliki
memimpin,memimpin
persepsi,persepsi
persetan,persetan
dimaksud,dimaksud
schedule,schedule
skillset,skillset
sudhumur,<noise>
paktanya,faktanya
nyarinin,mencarikan
introfet,introvert
dhdbjeje,<noise>
twrmasuk,termasuk
sendrian,sendirian
wakakaka,wakaka
menangiz,menangis
deganwas,<noise>
function,function
bulannya,bulannya
ngeshare,membagikan
beritahu,beri tahu
nyamping,menyamping
.pikiran,. pikiran
mengibur,menghibur
nayangin,menayangkan
mrasakan,merasakan
lamgsung,langsung
skimming,skimming
skincare,skincare
skinship,skinship
skrining,skrining
argument,argument
terganti,terganti
adulting,adulting
advocate,advocate
tergapai,tergapai
tergerak,tergerak
memindah,memindah
meminjam,meminjam
ninggiin,meninggikan
backupka,backup kah
freezing,freezing
dinamika,dinamika
menyiram,menyiram
dinikahi,dinikahi
creative,creative
creeping,creeping
criminal,criminal
sembilan,sembilan
sembrono,sembrono
impulsif,impulsif
kekayaan,kekayaan
kejiwaan,kejiwaan
imunitas,imunitas
in-story,in-story
inactive,inactive
cracking,cracking
ditelfon,ditelepon
mnyakiti,menyakiti
crafting,crafting
crashing,crashing
trganggu,terganggu
binggung,bingung
temenpun,teman pun
nglarani,menyakiti
bucinnya,bucinnya
fricking,fricking
friendly,friendly
memories,memories
memoroti,memoroti
freaking,freaking
bigbands,bigbands
personal,personal
sbhdbshd,sbhdbshd
scenario,scenario
pertanda,pertanda
dipahami,dipahami
dipajang,dipajang
menyicil,menyicil
derastis,drastis
punyalah,punyalah
biasanya,biasanya
biayanya,biayanya
bibitnya,bibitnya
bicarain,bicarain
freebies,freebies
fortuner,fortuner
mncukupi,mencukupi
apamahal,apa mahal
dinstruk,dinstruk
dimusuhi,dimusuhi
gmeteran,gemetaran
narumeng,<noise>
ngadepin,menghadapi
dinaikan,dinaikkan
mecanism,mechanism
butuhnya,butuh
diagnosa,diagnosis
menyihir,menyihir
menyiksa,menyiksa
pundakku,pundakku
punggung,punggung
pungkiri,pungkiri
beberapa,beberapa
becermin,becermin
tercinta,tercinta
tercipta,tercipta
archived,archived
anxienty,anxiety
ketibanh,ketiban
-depresi,depresi
dipendam,dipendam
fondness,fondness
foodcoma,foodcoma
terdesak,terdesak
affected,affected
afirmasi,afirmasi
terduduk,terduduk
forensik,forensik
tashares,<noise>
pacar2an,pacar-pacaran
ciwustwt,ciwi-ciwi twt
bisa2nua,bisa-bisanya
kumat2an,kumat-kumatan
lagu2nya,lagu-lagunya
pnderita,penderita
sportify,spotify
berubah-,berubah
ngadunya,mengadunya
nyurahin,menyurahkan
fotocopy,fotocopy
memotong,memotong
memotret,memotret
mempelai,mempelai
memorial,memorial
smallest,smallest
aranyaka,aranyaka
ahahahay,<noise>
insekyur,insecure
harihari,hari-hari
nguasain,menguasai
ganyaman,tidak nyaman
dicermin,di cermin
ngimpact,berdampak
kecancel,ke-cancel
hampa.yg,hampa. yang
byutipul,beautiful
gapeduli,ga peduli
dipantau,dipantau
diolesin,diolesin
sleeping,sleeping
sayangku,sayangku
sayonara,sayonara
aftersun,aftersun
terdalam,terdalam
terdapat,terdapat
terdekat,terdekat
terdepan,terdepan
follback,follback
followed,followed
follower,follower
periatin,prihatin
cybernya,cyber-nya
berisian,berisian
berisiko,berisiko
beristri,beristri
relapsed,relapsed
indikasi,indikasi
pengobat,pengobat
tutorial,tutorial
tweet-mu,tweet-mu
relapses,relapses
relating,relating
berbekas,berbekas
kejamnya,kejamnya
kejauhan,kejauhan
ngemafya,ngemafia
minta2di,minta-minta di
ngedumel,mengomel
selfharm,self harm
diginiin,dibeginikan
ngeledek,meledek
ugm_fess,ugm fess
kubiarin,kubiarkan
menyimak,menyimak
dipalaui,dipalaui
dipaling,dipaling
bedsheet,bedsheet
socially,socially
software,software
solitude,solitude
solution,solution
mentemen,teman-teman
clostest,closest
ahahahha,<noise>
difolbek,di-follback
ramaipun,ramai pun
ketawain,ketawakan
deppresi,depresi
blangsat,bangsat
persulit,persulit
slengean,slengean
slightly,slightly
bulanpun,bulan pun
skdjjdjd,<noise>
malas2an,malas-malasan
gakeluar,ga keluar
kebiasan,kebiasaan
slowburn,slowburn
slowresp,slowresp
fokusnya,fokusnya
tercabut,tercabut
tercandu,tercandu
tercapai,tercapai
tercekik,tercekik
tercepat,tercepat
kejayaan,kejayaan
incident,incident
includes,includes
aja.tapi,aja. tapi
nafasnya,napasnya
mgerjain,mengerjakan
rusuknya,rusuknya
homiside,homicide
ngabarin,mengabari
kaitanya,kaitannya
tuhan.tp,Tuhan. tapi
bersama-,bersama
ngelawan,melawan
soalanya,soalnya
aqiqahan,aqiqahan
aquarium,aquarium
dipenuhi,dipenuhi
dipegang,dipegang
insicure,insecure
ujung2ny,ujung-ujungnya
25 menit,25 menit
rasannya,rasanya
cakepkek,cakep kayak
sblumnya,sebelumnya
sksksksk,sksksksk
menyesak,menyesak
menyesal,menyesal
menyetel,menyetel
memutari,memutari
terbiasa,terbiasa
fobianya,fobianya
fobsosku,fobsosku
memukuli,memukuli
rusakkan,rusakkan
rusaknya,rusaknya
ngontrak,mengontrak
tahun.ya,tahun. ya
dimainin,dimainkan
ada.tapi,ada. tapi
11 tahun,11 tahun
panyakit,penyakit
napkahin,menafkahi
cewecowo,cewek cowok
memuncak,memuncak
flisylen,flisylen
flow-nya,flow-nya
memungut,memungut
memusuhi,memusuhi
dipimpin,dipimpin
happines,happiness
nyenyong,menyanyi
anxiwaty,anxiety
onetweet,one tweet
nulungan,menolong
utamague,utama gue
liperpul,liverpool
beresiko,berisiko
sabarnya,sabarnya
sadarkan,sadarkan
puasanya,puasanya
focusing,focusing
fokuskan,fokuskan
sumpahin,sumpahi
1o0.tapi,100. tapi
menakuti,menakuti
fixation,fixation
pulpanya,pulpanya
bicaraku,bicaraku
bidadara,bidadara
motongin,memotong
ngdengar,mendengar
ngupdate,meng-update
overload,overload
covid-19,covid-19
cowoknya,cowoknya
ultahnya,ultahnya
ulti-nya,ulti-nya
oshi-nya,oshi-nya
ososwati,ososwati
otodidak,otodidak
amit2nya,amit-amitnya
muntahin,memuntahkan
otomatis,otomatis
otoriter,otoriter
kejingga,kejingga
umat-nya,umatnya
menyetok,menyetok
smoothly,smoothly
snowdrop,snowdrop
sarannya,sarannya
sariawan,sariawan
saringan,saringan
approach,approach
approval,approval
approved,approved
kuliahin,kuliahkan
gila2nya,gila-gilanya
nyebrang,menyeberang
ya.kalow,ya. kalau
45.5kggw,45.5 kg gua
bilangny,bilangnya
nyudahin,menyudahi
diplomat,diplomat
dipnjara,dipnjara
dipotong,dipotong
dipresto,dipresto
dipuasin,dipuasin
menabung,menabung
menyetir,menyetir
passport,paspor
entuknya,entuk nya
ngmongny,ngomongnya
ngontrol,mengontrol
damndude,damn dude
diarahin,diarahkan
sometime,sometime
diramein,diramein
dirampas,dirampas
menaksir,menaksir
rosemary,rosemary
rukunnya,rukunnya
fishball,fishball
fisiknya,fisiknya
menambah,menambah
menampar,menampar
bosennya,bosannya
difotoin,difotokan
12 years,12 years
adik2nya,adik-adiknya
ngequote,meng-quote
orngpada,orang pada
diadepin,dihadapi
menampol,menampol
fineshyt,fineshyt
finished,finished
menangis,menangis
terbodoh,terbodoh
28-04-24,28-04-24
indahnya,indahnya
beringin,beringin
berirama,berirama
23 tahun,23 tahun
keramian,keramaian
kedenger,kedengaran
males2an,malas-malasan
syaithon,setan
dariawal,dari awal
keliatam,kelihatan
somebody,somebody
dipindah,dipindah
dipkirin,dipkirin
directly,directly
director,director
direktur,direktur
dipuk2in,dipuk2in
shouldve,should've
ancur2an,hancur-hancuran
dimaafin,dimaafkan
ngejekin,mengejek
wmwmwmbs,<noise>
eventnya,event nya
harusbya,harusnya
kepengen,kepengin
disosmed,di sosmed
ngmongin,membicarakan
kbutuhan,kebutuhan
hahahaha,hahaha
terbuang,terbuang
terbukti,terbukti
terbunuh,terbunuh
terburuk,terburuk
menabrak,menabrak
terbebas,terbebas
imsomnia,insomnia
gwtolong,gue tolong
terbenam,terbenam
psikopat,psikopat
psikosis,psikosis
psikotes,psikotes
dikantor,di kantor
saja.krn,saja. karena
semuamya,semuanya
relation,relation
berhenti,berhenti
berhijab,berhijab
unfollow,unfollow
unfriend,unfriend
individu,individu
kekampus,ke kampus
gangerti,tidak mengerti
keslimur,keselimur
bersndar,bersandar
indosiar,indosiar
ujiannya,ujiannya
brondong,brondong
brothers,brothers
browsing,browsing
aplikasi,aplikasi
apoteker,apoteker
menyerap,menyerap
menyerbu,menyerbu
menyeret,menyeret
menglami,mengalami
gamempan,ga mempan
adagasih,ada gak sih
ngehafal,menghafal
wkwkwkwk,hahaha
sblm2nya,sebelum-sebelumnya
parineum,perineum
dipukuli,dipukuli
diraguin,diraguin
perunggu,perunggu
peruntuh,peruntuh
bikinkan,bikinkan
file-nya,file-nya
filsafat,filsafat
finalnya,finalnya
mencebur,mencebur
mencegah,mencegah
mencekam,mencekam
kenaapkh,kenapakah
bononism,<noise>
kterusan,keterusan
dibacain,dibacakan
kbencian,kebencian
berfikir,berpikir
nguntrak,mengontrak
rumahnya,rumahnya
jatohnya,jatuhnya
crclenya,circle-nya
omongane,omongannya
kbetulan,kebetulan
kenytaan,kenyataan
bertamba,bertambah
direndam,direndam
direstui,direstui
direvisi,direvisi
menawari,menawari
mencabar,mencabar
diobatin,diobati
fidelity,fidelity
fighters,fighters
fighting,fighting
mencakar,mencakar
mencakup,mencakup
mencapai,mencapai
mencatat,mencatat
billiard,billiard
dirayain,dirayain
satosugu,satosugu
perutnya,perutnya
pesangon,pesangon
pesannya,pesannya
disantet,disantet
58.3kgcw,58.3 kg cewek
khassuka,khas suka
kurangin,kurangi
carannya,caranya
-dibenci,dibenci
ngerusuh,merusuh
stressku,stresku
ngebikin,membuat
dibelikn,dibelikan
ngabulin,mengabulkan
nyadarin,menyadarkan
kulakuin,kulakukan
gemetran,gemetaran
rumusnya,rumusnya
rungsing,rungsing
aiianaa1,aiianaa1
terberat,terberat
terbesar,terbesar
terbalik,terbalik
mmbnding,membanding
provider,provider
provinsi,provinsi
proyekan,proyekan
ujungnya,ujungnya
sedempet,sedempet
sedetail,sedetail
crashout,crashout
outsider,outsider
oven-nya,oven-nya
overcome,overcome
overdose,overdose
prnatlah,pernah lah
kangenin,kangenkan
walawpun,walaupun
pngennya,penginnya
tidurpun,tidur pun
basicnya,basic
21 tahun,21 tahun
disadari,disadari
disagree,disagree
disakiti,disakiti
disamper,disamper
disander,disander
disangka,disangka
begadang,begadang
pnginnya,penginnya
siphilis,sifilis
depressi,depresi
akwkwkwk,<noise>
dianggep,dianggap
campakan,campakkan
hangguan,gangguan
ngasihgh,ngasih
diruqyah,diruqyah
menyerah,menyerah
psikolog,psikolog
mencabik,mencabik
mencabut,mencabut
mencinta,mencinta
somewhat,somewhat
song-nya,song-nya
soothing,soothing
ngademin,mengademkan
pemirsah,pemirsa
kintilin,dikintili
ditempat,di tempat
keobatin,diobati
ngurusin,mengurusi
kumpulin,kumpulkan
lamhsung,langsung
spanjang,sepanjang
fenomena,fenomena
mencekik,mencekik
festival,festival
mencolok,mencolok
mencoret,mencoret
februari,februari
federasi,federasi
feedback,feedback
penyitas,penyintas
wbznsksh,<noise>
nyampein,menyampaikan
ngertiin,mengerti
feelings,feelings
terapkan,terapkan
terasing,terasing
teratasi,teratasi
terbantu,terbantu
aniexity,anxiety
ngedoain,mendoakan
15 bulan,15 bulan
ngungkit,mengungkit
batuknya,batuk
18.04.24,18-04-24
beginian,beginian
beginiin,beginiin
feminist,feminist
memmbaca,membaca
prmmpuan,perempuan
semangat,semangat
semantik,semantik
sedekade,sedekade
baringan,baringan
baringin,baringin
ultimate,ultimate
alertnes,alertness
campurin,campurkan
pediqyur,insecure
ultraman,ultraman
samangat,semangat
ganti2an,ganti-gantian
bathinku,batihku
berartiy,berarti
pon.tapi,pon. tapi
didunyat,di dunia
terbayar,terbayar
mencerna,mencerna
speaking,speaking
specific,specific
merasakn,merasakan
sesircle,secircle
sesimple,sesimpel
roomskrg,room sekarang
spectrum,spectrum
spektrum,spektrum
terbabit,terbabit
ajaibnya,ajaibnya
ajarilah,ajarilah
terbakar,terbakar
mendadak,mendadak
mendalam,mendalam
mendamba,mendamba
rasanaya,rasanya
ketempat,ke tempat
papernya,paper-nya
gadenger,ga denger
tunjukin,tunjukkan
sbenerny,sebenarnya
mantepin,mantapkan
nengokin,menengok
reqction,reaction
slingkuh,selingkuh
anggurin,dianggurin
nulisnya,menulisnya
beberepa,beberapa
plisylen,Flisylen
ngehapus,menghapus
brkurang,berkurang
baikbaik,baik-baik
10 hours,10 hours
prohiper,Prohiper
otoritas,autoritas
mwndadak,mendadak
12 bulan,12 bulan
diblsnya,dibalasnya
andaykan,andaikan
airplane,airplane
terbatas,terbatas
terbawah,terbawah
mendarah,mendarah
mendarat,mendarat
fearsome,fearsome
features,features
binatang,binatang
favorite,favorite
mendasar,mendasar
mendekam,mendekam
mendekat,mendekat
disaring,disaring
berlebih,kecemasan
disetiap,di setiap
tiga2nya,tiga-tiganya
storynya,story-nya
disatuin,disatuin
disayang,disayang
sosialmu,sosialmu
sosmedku,sosmedku
soulless,soulless
kenalpun,kenal pun
inibesok,ini besok
realised,realized
10 menit,10 menit
-tekanan,tekanan
eman.aku,eman. aku
kujadiin,kujadikan
begitula,begitulah
meluapan,meluapkan
mendapat,mendapat
ingatnya,ingatnya
inducing,inducing
unclosed,unclosed
undangan,undangan
underage,underage
industri,industri
inferior,inferior
kejadian,kejadian
repotkan,repotkan
minggdep,minggu depan
ingeutin,ingetin
alhmdllh,alhamdulillah
ngelonin,menidurkan
lanxkajd,<noise>
kesayang,kesayangan
simpulin,simpulkan
tmhtngga,rumah tangga
kerespon,merespons
ksalahan,kesalahan
yanxiety,anxiety
ngalamin,mengalami
fastresp,fastresp
fatfobic,fatfobic
mendesak,mendesak
mendesis,mendesis
akademik,akademik
akademis,akademis
biologis,biologis
birthday,birthday
brighten,brighten
spending,spending
disentil,disentil
hangmans,hangman
samperin,samperi
brengsek,brengsek
brfkikir,brfkikir
peternak,peternak
span-nya,span-nya
spasinya,spasinya
tenteram,tenteram
moustace,mustang
spesifik,spesifik
spill-an,spill-an
spin-off,spin-off
anything,anything
protokol,protokol
terakhir,terakhir
terampas,terampas
pngharum,pengharum
ngerokok,merokok
singkron,sinkron
kbnyakan,kebanyakan
tuakarna,tua karena
cape.pgn,capek. pengen
melampau,melampaui
terancam,terancam
terangan,terangan
mendidih,mendidih
mendidik,mendidik
pialanya,pialanya
pictures,pictures
piercing,piercing
disiplin,disiplin
ngejerit,menjerit
aldabest,all the best
mndukung,mendukung
sediakan,sediakan
membvnvh,membunuh
mirroing,mirroring
emangnya,memangnya
ngeselin,menyebalkan
cape-nya,lelahnya
berkahir,berakhir
pengidap,pengidap
pengikut,pengikut
semarang,semarang
semaunya,semaunya
kehinaan,kehinaan
kehitung,kehitung
surpress,suppress
7.5tahun,7.5 tahun
akhirnya,akhirnya
direspon,direspons
familiar,familiar
families,families
disegani,disegani
standing,standing
disiapin,disiapin
disiarin,disiarin
disidang,disidang
disifati,disifati
disimpan,disimpan
disindir,disindir
dipakein,dipakaikan
enjoynya,enjoy nya
knyataan,kenyataan
centring,centering
disentri,disentri
disepong,disepong
diserang,diserang
disertai,disertai
tentamen,tentamen
fanboard,fanboard
menekuni,menekuni
binaural,binaural
menembak,menembak
menembus,menembus
menempel,menempel
fakelove,fakelove
sakratul,sakratul
rame2nya,ramai-ramainya
uring2an,uring-uringan
keliaran,berkeliaran
belenggu,belenggu
believed,believed
salahkah,salahkah
salahkan,salahkan
salahnya,salahnya
tentukan,tentukan
terharuw,terharu
temen2yg,teman-teman yang
.mencoba,. mencoba
garagara,gara-gara
nyejukin,menyejukkan
petunjuk,petunjuk
breakout,breakout
aktivasi,aktivasi
pronouns,pronouns
properly,properly
proposal,proposal
bintitan,bintitan
faktanya,faktanya
fakultas,fakultas
menempuh,menempuh
menengah,menengah
nendaang,menendang
buruk.tp,buruk. tapi
ksedihan,kesedihan
masadulu,masa dulu
nanganin,menangani
nyangkut,menyangkut
keikutan,keikutan
overwork,overwork
oximeter,oximeter
cornelia,cornelia
pacarnya,pacarnya
courtesy,courtesy
covering,covering
covernya,covernya
overseas,overseas
ngelawak,melawak
fikirkan,pikirkan
diniatin,diniatkan
denialku,denial-ku
milyader,milyarder
tangisin,tangisi
fwbjogja,fwb jogja
tanggaoi,tanggapi
tentunya,tentunya
teoretis,teoretis
teorinya,teorinya
tepatnya,tepatnya
akatsuki,akatsuki
spreinya,spreinya
anugerah,anugerah
gyutnite,good night
mengerty,mengerti
dipuncak,di puncak
bulumata,bulu mata
kpergian,kepergian
gangguin,mengganggu
2019-now,2019-sekarang
opressed,oppressed
menerima,menerima
meneliti,meneliti
menemani,menemani
antrenya,antrenya
bisexual,bisexual
bisikkan,bisikkan
promised,promised
faatihah,faatihah
fabrizio,fabrizio
dikitlah,sedikitlah
jejakkin,jejaki
sedasyat,sedahsyat
sensitip,sensitif
facebook,facebook
facility,facility
tenggara,tenggara
aktifkan,aktifkan
aktifnya,aktifnya
mntingin,mementingkan
distract,distract
menyebar,menyebar
neghtink,negative thinking
sjnddjdn,<noise>
deketpun,dekat pun
tkut.apa,takut. apa
bgitulah,begitulah
skhirnya,akhirnya
ujung2ga,ujung-ujungnya gak
menengok,menengok
menepati,menepati
curangin,curangi
d29ot6t7,<noise>
dirantau,di rantau
aghjklmn,<noise>
deperate,desperate
anak.aku,anak. aku
loveable,lovable
ngonsumi,mengonsumsi
kecil2an,kecil-kecilan
kongguan,khong guan
bgaimana,bagaimana
breakups,breakups
physical,physical
menyelam,menyelam
disnaker,disnaker
disorder,disorder
explains,explains
tenangan,tenangan
tenangku,tenangku
progress,progress
projects,projects
anyangan,anyangan
stalking,stalking
distimia,distimia
distonia,distonia
tendency,tendency
ancurnya,hancurnya
konyolim,dikonyolin
tendensi,tendensi
tengahan,tengahan
ngebenci,membenci
nyusulin,menyusul
ganormal,ga normal
menyebut,menyebut
menyeduh,menyeduh
stanning,stanning
starling,starling
starlink,starlink
mengajar,mengajar
temannya,temannya
tembakan,tembakan
abang2an,abang-abangan
promoter,promoter
promotor,promotor
sadarnya,sadarnya
sakitnya,sakitnya
aktornya,aktornya
antusias,antusias
starting,starting
statemen,statemen
disubmit,disubmit
step-nya,step-nya
jatihnya,jatahnya
nanggapi,menanggapi
curhatdi,curhat di
08.04.24,08-04-24
aveyours,love yours
pahitnya,pahitnya
pahlawan,pahlawan
painless,painless
kehantam,kehantam
kehendak,kehendak
ingatkan,ingatkan
ingatlah,ingatlah
inginkan,inginkan
inginnya,inginnya
ingusnya,ingusnya
2021-lah,2021-lah
mikirnya,memikirkannya
sgalanya,segalanya
krepotan,kerepotan
nyebelin,menyebalkan
explodes,explodes
extovert,extovert
extracts,extracts
eyeliner,eyeliner
eyjieyji,eyjieyji
mengacak,mengacak
mengaduk,mengaduk
exorcism,exorcism
exorcist,exorcist
expected,expected
mengajak,mengajak
tempatku,tempatku
template,template
ngereply,meng-reply
tapitapi,tapi-tapi
fotocooy,fotocopy
keradnya,kerasnya
kekonsul,ke konsul
bangmbak,bang mbak
.apalagi,. apalagi
sepedele,sepele
gasesuai,tidak sesuai
mngrhgai,menghargai
salahhal,salah hal
temponya,temponya
al-girls,al-girls
al-quran,al-quran
exciting,exciting
pikuknya,pikuknya
pimpinan,pimpinan
pindahan,pindahan
boundary,boundary
yasetiap,ya setiap
motofasi,motivasi
kepengin,kepingin
kfikiran,kepikiran
kayaknya,sepertinya
direfund,di refund
ngerjain,mengerjakan
antarkan,antarkan
antasida,antasida
anteknya,anteknya
disudahi,disudahi
disuguhi,disuguhi
alasanku,alasanku
telusuri,telusuri
tema-nya,tema-nya
alaminya,alaminya
ditakuti,ditakuti
ditambah,ditambah
distress,distress
akvirrat,akhirat
tundukan,tundukkan
mnghcrkn,menghancurkan
soksokan,sok-sokan
daridulu,dari dulu
ditampar,ditampar
ditanami,ditanami
ditandai,ditandai
ditanyai,ditanyai
konsulin,konsul
satu2nya,satu-satunya
lansgung,langsung
-gapunya,tidak punya
hahaahah,<noise>
kelanjur,terlanjur
stallnya,stall-nya
diomelin,diomeli
bercakao,bercakap
bourdain,bourdain
disumpel,disumpel
disuntik,disuntik
exercise,exercise
mengabdi,mengabdi
tellonym,tellonym
unfaedah,unfaedah
berbenah,berbenah
bagusnya,bagusnya
bahagia2,bahagia2
sedewasa,sedewasa
28.04.24,28-04-24
fypreels,fypreels
kejer2an,kejar-kejaran
gaberasa,ga berasa
ngerawat,merawat
problems,problems
proclaim,proclaim
produkku,produkku
myakitkn,menyakitkan
jwabanya,jawabnya
ngebatin,membatin
ngojekin,mengojeki
makaksih,makasih
disumpah,disumpah
bracelet,bracelet
alangkah,alangkah
alarming,alarming
alarmnya,alarmnya
diterapi,diterapi
diterima,diterima
ditanyan,ditanyan
estimasi,estimasi
estrogen,estrogen
alasanmu,alasanmu
mengalor,mengalor
mengalun,mengalun
ditembak,ditembak
ngeracau,meracau
brntakan,berantakan
manteman,teman-teman
ngabisin,menghabiskan
di rumah,di rumah
dimedsos,di medsos
kwpingin,kepingin
apaandah,apaan dah
tmpramen,temperamen
ganggyan,gangguan
dia.kami,dia. kami
minesnya,minusnya
30 tahun,30 tahun
produksi,produksi
exchange,exchange
mengakui,mengakui
mengalah,mengalah
mengalir,mengalir
everyday,everyday
everyone,everyone
ngangkat,mengangkat
ak.aplgi,aku. apalagi
despresi,depresi
puasaknp,puasa kenapa
euphoria,euphoria
evakuasi,evakuasi
evaluasi,evaluasi
mengamuk,mengamuk
branding,branding
pikirkan,pikirkan
pikirnya,pikirnya
ditemani,ditemani
mengarah,mengarah
tele-nya,tele-nya
telegram,telegram
teleport,teleport
salutkan,salutkan
tentanga,tentang
daftarin,daftarkan
langsunh,langsung
acakadut,acak-adut
untuk-ku,untukku
depresi_,depresi
cerai.aq,cerai. aku
akdhirat,akhirat
bahasnya,bahasnya
semalang,semalang
conveyor,conveyor
pengguna,pengguna
celahnya,celahnya
bagaikan,bagaikan
sembelih,sembelih
overused,overused
reply-an,reply-an
reporter,reporter
sarannyo,sarannya
ditempel,ditempel
ditempet,ditempet
ditemuin,ditemuin
ditenang,ditenang
ditengok,ditengok
annoying,annoying
anorexia,anorexia
mengasih,mengasih
escapism,escapism
esensial,esensial
esoteris,esoteris
ditawari,ditawari
nganggep,menganggap
numpukin,menumpuk
kehidupn,kehidupan
innailhi,innalillahi
ditekuni,ditekuni
ajaburuk,aja buruk
keluarkn,keluarkan
seksrang,sekarang
nempelny,nempelnya
sambilan,sambilan
belakang,belakang
belakson,belakson
bisnisku,bisnisku
profound,profound
bothered,bothered
epilepsi,epilepsi
epiphany,epiphany
teenager,teenager
belalang,belalang
bjingaan,bjingaan
alfamidi,alfamidi
mengasah,mengasah
mengasal,mengasal
berhemat,berhemat
repetisi,repetisi
berbisik,berbisik
kehalang,kehalang
padatnya,padatnya
pahamkan,pahamkan
loveyou_,love you
fetishku,fetish ku
dapetnya,dapatnya
ngehirup,menghirup
mengatur,mengatur
erichang,erichang
escaping,escaping
ansietas,ansietas
ansosnya,ansosnya
pintunya,pintunya
worrynya,worry-nya
berantam,berantem
ketengah,ke tengah
mooddrop,mood drop
jshsjsjs,<noise>
wangi2an,wangi-wangian
ditelaah,ditelaah
sticking,sticking
stimming,stimming
stimulus,stimulus
stoicism,stoicism
mengegas,mengegas
mengejar,mengejar
mengejek,mengejek
mengasuh,mengasuh
mengatai,mengatai
mengecil,mengecil
menyanyi,menyanyi
ditindas,ditindas
dituruti,dituruti
ditutupi,ditutupi
ditodong,ditodong
tenangin,tenangkan
endingny,ending ny
accideny,accident
mnghibur,menghibur
sikiater,psikiater
kecewain,kecewakan
biasaamp,biasa sampai
rasa2nya,rasa-rasanya
ngajarin,mengajari
ngebuang,membuang
ngebekas,membekas
pipisnya,pipisnya
pisahnya,pisahnya
planning,planning
bosannya,bosannya
bossgirl,bossgirl
episodes,episodes
epribadi,epribadi
mengebut,mengebut
mengecap,mengecap
wkkwkwkw,hahaha
firstmed,firstmedia
mengecek,mengecek
composed,composed
consider,consider
constant,constant
consumer,consumer
continue,continue
unlikely,unlikely
unlocked,unlocked
kegiatan,kegiatan
kegilaan,kegilaan
relaxing,relaxing
relieved,relieved
religion,religion
religius,religius
reliving,reliving
palingan,palingan
ributaku,ribut aku
sakit2an,sakit-sakitan
bunderan,bundaran
mngrikan,mengerikan
kerja2in,ngerjain
skiranya,sekiranya
27 tahun,27 tahun
berbagai,beragam
3 minggu,3 minggu
80-9obpm,80-90 bpm
pamerkan,pamerkan
padahhal,padahal
pskiater,psikiater
seseknya,sesak-nya
cepetnya,cepatnya
motifasi,motivasi
musliims,muslim
nyarilah,carilah
mengekos,mengekos
tanyakan,tanyakan
tanyanya,tanyanya
tapanuli,tapanuli
14 tahun,14 tahun
mudah2an,mudah-mudahan
hilangin,hilangkan
tmen2nya,teman-temannya
22 tahun,22 tahun
ditolong,ditolong
ditonton,ditonton
pinggang,pinggang
pinjaman,pinjaman
mengedit,mengedit
stressed,stressed
stresses,stresses
tanpanya,tanpanya
allergic,allergic
entering,entering
entrance,entrance
mengejut,mengejut
mengelas,mengelas
mengeles,mengeles
mengeluh,mengeluh
enjoying,enjoying
seseorng,seseorang
galau2an,galau-galauan
bismilah,bismillah
gerak2in,gerak-gerakin
gue.udah,gue. udah
ingataan,ingatan
entahlah,entahlah
tanggung,tanggung
tangisan,tangisan
strategi,strategi
kedaanku,keadaanku
psantren,pesantren
goodlook,good looking
prempuan,perempuan
waktupun,waktu pun
ksiagaan,kesiagaan
tayangan,tayangan
tebengin,tebengin
tebersit,tebersit
gabanyak,ga banyak
depresit,depresi
ngalahin,mengalahkan
guanteng,ganteng
vocalnya,vocal-nya
telponan,teleponan
tegangan,tegangan
teks-nya,teks-nya
salurkan,salurkan
mengelak,mengelak
mengelap,mengelap
arti.tpi,arti. tapi
35 tahun,35 tahun
conflict,conflict
confused,confused
dicolong,dicuri
.makasih,. makasih
anjierrt,anjir
ngejilat,menjilat
canda2an,canda-candaan
dicariin,dicarikan
stresnya,stresnya
almarhum,almarhum
engalami,engalami
priority,priority
probable,probable
probably,probably
ditunggu,ditunggu
ditunjuk,ditunjuk
dituntun,dituntun
dituntut,dituntut
policing,policing
poligami,poligami
banyakin,banyak
hhwhwhwh,<noise>
iseskyur,insecure
ngizinin,mengizinkan
ahaahaha,<noise>
diapa2in,diapa-apakan
streamer,streamer
strength,strength
sachetan,sasetan
dipundak,di pundak
imbangin,imbangi
nyakitin,menyakiti
bgtsakit,banget sakit
anjirlah,anjirlah
announce,announce
story-ku,story-ku
blepotan,blepotan
playlist,playlist
plesetan,plesetan
pohonnya,pohonnya
tanganku,tanganku
tanggaku,tanggaku
mengelus,mengelus
mengemil,mengemil
mengemis,mengemis
mengenai,mengenai
mengenal,mengenal
energiku,energiku
ilereply,ile reply
munculin,memunculkan
congrats,congrats
panasnya,panasnya
selimuti,selimuti
berharap,berharap
berharga,berharga
berhasil,berhasil
innocent,innocent
insanely,insanely
insanity,insanity
insecure,insecure
unggaran,unggaran
unggulan,unggulan
ungkapan,ungkapan
pandemic,pandemic
stranger,stranger
nyelehke,nyeleneh
kentutin,dikentutin
.rasanya,. rasanya
menyamar,menyamar
diundang,diundang
diungkit,diungkit
kampoeng,kampung
energize,energize
mengeong,mengeong
airmtaku,air mataku
mengepak,mengepak
alliance,alliance
allobank,allobank
previous,previous
blessing,blessing
mengepel,mengepel
mengepet,mengepet
mengerem,mengerem
endapkan,endapkan
endorsan,endorsan
employer,employer
tandanya,tandanya
straight,straight
syukurin,syukuri
kesetiap,ke setiap
terzebut,tersebut
capeknya,lelahnya
ginimana,gimana
afternya,after-nya
hepi2nya,hepi-hepanya
xlbiznet,xl biznet
bersifat,bahagia
pressure,pressure
prestasi,prestasi
prevalen,prevalen
pojokkan,pojokkan
pokoknya,pokoknya
policies,policies
kehandle,ke-handle
smartnya,smart-nya
ngalihin,mengalihkan
siyappun,siapapun
menumpuk,menumpuk
menunduk,menunduk
menunggu,menunggu
ngebayar,membayar
kayagini,kayak gini
itumakin,itu makin
temen2ku,teman-temanku
skilasan,sekilas
membully,mem-bully
awal2nya,awal-awalnya
pulangny,pulangnya
pisahdia,pisah dia
mengspil,meng-spill
ngopekin,mengelupas
nowhrrhe,nowhere
kambuhdn,kambuh dan
25 detik,25 detik
sholehah,shalehah
menuruti,menuruti
menutupi,menutupi
diusapin,diusapin
platform,platform
platonic,platonic
mengesot,mengesot
pressing,pressing
adek2nya,adik-adiknya
cendrung,cenderung
mnghadai,menghadapi
genduren,kenduren
meratiin,memperhatikan
trbaring,terbaring
djokovic,djokovic
djumaryo,djumaryo
menuntut,menuntut
dogmatil,dogmatil
mentions,mentions
stressor,stressor
striking,striking
animanga,animanga
animedol,animedol
ngrasain,merasakan
180 hari,180 hari
tuh.tkut,tuh. takut
menunjuk,menunjuk
divorced,divorced
dixontoh,dixontoh
diyakini,diyakini
tempatin,tempatkan
bebersih,bersih
ikhlasin,ikhlaskan
lovehate,love-hate
dizalimi,dizalimi
emoticon,emoticon
emotions,emotions
sharenya,share-nya
prbuatan,perbuatan
pangeran,pangeran
sedingin,sedingin
seeffort,seeffort
barengan,barengan
sefandom,sefandom
pakainya,pakainya
paksakan,paksakan
kebanyak,kebanyakan
depresot,depresi
25 tahun,25 tahun
gakboong,gak boong
dibiarin,dibiarkan
paksanya,paksanya
universe,universe
unworthy,unworthy
prihatin,prihatin
princess,princess
puskemas,puskesmas
klyingan,kleyengan
sarkasin,sarkaskan
animenya,animenya
stronger,stronger
embraced,embraced
lapernya,laparnya
udahsatu,udah satu
maklumin,maklumi
nyeremin,menyeramkan
diaknosa,diagnosis
tanggapi,tanggapi
mengerti,mengerti
talented,talented
tali-nya,tali-nya
tambahan,tambahan
tambatan,tambatan
tamparan,tamparan
tampilan,tampilan
tanamkan,tanamkan
emosinya,emosinya
blokiran,blokiran
ditangan,di tangan
nyiptain,menciptakan
alesanya,alasannya
ngajakin,mengajak
diprofil,di profil
mrinding,merinding
tumbukla,tumbuk lah
sedangkn,sedangkan
menggali,menggali
menggoda,menggoda
takdirku,takdirku
takutkah,takutkah
takutkan,takutkan
takutnya,takutnya
talangan,talangan
struggle,struggle
struktur,struktur
populasi,populasi
bookmark,bookmark
klaparan,kelaparan
diajarin,diajari
ngelewat,melewati
senyumin,senyumi
gwencana,gwenchana
svicidal,suicidal
awoakwok,<noise>
degdegan,deg-degan
tetangah,tetangga
diliatin,dilihat
bookmate,bookmate
ketriger,ke-trigger
pokojnya,pokoknya
ngegaret,menggaruk
maksutku,maksudku
nyicipin,mencicipi
mengetes,mengetes
mengetik,mengetik
mengetuk,mengetuk
mengeyel,mengeyel
upcoming,upcoming
keganggu,keganggu
kegedean,kegedean
kegeeran,kegeeran
cenayang,cenayang
selektif,selektif
ngejarah,menjarah
as.wr.wb,assalamualaikum warahmatullahi wabarakatuh
beejuang,berjuang
wkwkkwkw,wkwkwk
sbnrrnya,sebenarnya
nyikapin,menyikapi
iniandai,ini andai
didlmnya,di dalamnya
terhiati,terkhianati
chiinese,chinese
nyibukin,menyibukkan
bwadanya,badannya
kapanpun,kapan pun
di dalam,di dalam
megangin,memegang
terbesit,tebersit
menimati,menikmati
yaudalah,ya udahlah
mentalmu,mentalmu
menjurus,menjurus
menolong,menolong
domisili,domisili
donghyuk,donghyuk
dongonya,dongonya
dokterku,dokterku
dominasi,dominasi
dominate,dominate
nyanyiin,menyanyikan
caperio0,<noise>
pegangin,pegangi
bestinya,bestienya
kjhtnnya,kejahatannya
mncintai,mencintai
intovert,introvert
introven,introvert
bodymist,body mist
porsinya,porsinya
menonjok,menonjok
menonjol,menonjol
menonton,menonton
menopang,menopang
mentalku,mentalku
mentally,mentally
pomodoro,pomodoro
pondokan,pondokan
massvote,mass vote
abangtwt,abang twt
pengenin,inginkan
prepared,prepared
presence,presence
menggebu,menggebu
menghalu,menghalu
tabrakan,tabrakan
tabs-nya,tabs-nya
tabungan,tabungan
taehyung,taehyung
tags-nya,tags-nya
tahlilan,tahlilan
takbiran,takbiran
amarahku,amarahku
tamatkan,tamatkan
tamatnya,tamatnya
anaknyay,anaknya
wahahaha,hahahaha
kulakukn,kulakukan
nyalahin,menyalahkan
agenshit,agensi
buruknya,buruk
dinotice,di notice
ngomelin,mengomeli
ngejugde,menjustifikasi
mnymbgkn,menyambungkan
bergelut,bergelut
bergenre,bergenre
bergerak,bergerak
urus-nya,urus-nya
urusanku,urusanku
dibnding,dibanding
dzolimin,menzalimi
ini.maaf,ini. maaf
selingku,selingku
insomnia,insomnia
bergeser,bergeser
bergetar,bergetar
subtitle,subtitle
angkanya,angkanya
angkatan,angkatan
kponakan,keponakan
cocyotqu,cuitanku
centeri-,centeri 
ktiduran,ketiduran
elektrik,elektrik
khidupan,kehidupan
hfhfhfhf,<noise>
eligible,eligible
prediksi,prediksi
pregnant,pregnant
boboknya,boboknya
bocilnya,bocilnya
bodoamat,bodoamat
bodohlah,bodohlah
bodohnya,bodohnya
poop-lah,poop-lah
poop-nya,poop-nya
suaminya,suaminya
suaranya,suaranya
preorder,pre-order
monangis,mau menangis
nyediain,menyediakan
sholawat,selawat
tindihan,ketindihan
ngayalin,mengkhayalkan
leyeh2ny,leyeh-leyehnya
angsuran,angsuran
subuhnya,subuhnya
sudahkah,sudahkah
presiden,presiden
ekspresi,ekspresi
precious,precious
predikat,predikat
ekspetsi,ekspetsi
menghapi,menghapi
menghela,menghela
einstein,einstein
syahadat,syahadat
kerja.tp,kerja. tapi
msngakui,mengakui
ngereset,mereset
gakaruan,tidak karuan
mengigil,menggigil
tingking,thinking
sjsjdksk,<noise>
gtusprti,gitu seperti
syllabus,syllabus
symptoms,symptoms
syndrome,syndrome
ambience,ambience
intended,intended
interact,interact
instinct,instinct
pantasan,pantasan
pantulan,pantulan
papahnya,papahnya
computer,computer
hari2nya,hari-harinya
keliqtan,kelihatan
nelfonin,meneleponi
mninggal,meninggal
samudera,samudra
sodaraku,saudaraku
ramadhan,ramadan
syopifud,shopeefood
countrys,countries
litrally,literally
menjatah,menjatah
dorongan,dorongan
dosennya,dosennya
dosisnya,dosisnya
lamalama,lama-lama
capereek,lelah banget
seligkuh,selingkuh
15 detik,15 detik
nanya.in,nanyain
nyeletuk,menyeletuk
kecapean,kecapekan
5 months,5 months
issue-in,diisukan
ambisius,ambisius
ambivert,ambivert
ekpetasi,ekpetasi
prajurit,prajurit
bocahnya,bocahnya
syukuran,syukuran
amigdala,amigdala
tabahkan,tabahkan
egilible,egilible
menjilat,menjilat
menjiwai,menjiwai
menjudge,menjudge
style-ku,style-ku
suicides,suicides
sujudnya,sujudnya
doubling,doubling
pantesan,pantasan
malemnya,malamnya
senetron,sinetron
phainons,<noise>
ngenalin,mengenalkan
seriusin,seriusi
down-nya,down-nya
downfall,downfall
download,download
nggasuka,nggak suka
asingaku,asing aku
.masukan,. masukan
gabaklam,ga bakal
onhgkang,ongkang
nanggung,menanggung
kmrennya,kemarinnya
menjauhi,menjauhi
menjawab,menjawab
menjerit,menjerit
donorkan,donorkan
sandaran,sandaran
educated,educated
doomsday,doomsday
dopamine,dopamine
studying,studying
mengikat,mengikat
ecclesia,ecclesia
edgelord,edgelord
menginap,menginap
susahnya,susahnya
ngata2in,mengata-ngatai
sbtulnya,sebetulnya
ngeliaat,melihat
znanxnan,<noise>
nyinyiri,menyindir
menjalar,menjalar
menjalin,menjalin
menjamah,menjamah
mengidam,mengidam
syok-nya,syok-nya
ngulapin,mengelap
anggapan,anggapan
mengirit,mengirit
e-sports,e-sports
mengidap,mengidap
mengidul,mengidul
mengigau,mengigau
diucapin,diucapkan
bakarnya,bakarnya
bakatnya,bakatnya
panggung,panggung
paniknya,paniknya
compared,compared
sefucked,sefucked
nganggap,menganggap
mnderita,menderita
sandwich,sandwich
bekasnya,bekasnya
sanubari,sanubari
menghina,menghina
potatoes,potatoes
swifties,swifties
swing-ku,swing-ku
ampasnya,ampasnya
mengirim,mengirim
mengiris,mengiris
menjamin,menjamin
menjamur,menjamur
menjanda,menjanda
menjarah,menjarah
posisiku,posisiku
anak2nya,anak-anaknya
slametan,selametan
ngescrol,nge-scroll
apaapain,apa-apain
temenaan,temenan
regulary,regularly
di depan,di depan
mbunuhku,membunuhku
ngeblock,mengeblok
bangetsi,banget sih
rendahin,rendahkan
peduliin,pedulikan
dengarin,dengarkan
sweeping,sweeping
surprise,surprise
posthink,posthink
anggiani,anggiani
suguhkan,suguhkan
suicidal,suicidal
dpduliin,dpduliin
pmbuuhan,pembunuhan
minta2in,minta-mintain
dpepresi,dpepresi
dpikirin,dpikirin
draining,draining
adikknya,adiknya
silahkan,silakan
dikamera,di kamera
ngelabel,melabeli
position,position
sudahnya,sudahnya
suddenly,suddenly
sudirman,sudirman
suffered,suffered
surabaya,surabaya
suratnya,suratnya
cempreng,cempreng
unstable,unstable
untuknya,untuknya
untungan,untungan
internal,internal
internet,internet
berbobot,berbobot
berbulan,berbulan
berbunyi,berbunyi
berburuk,berburuk
13 tahun,13 tahun
sakit.aq,sakit. aku
spotipai,spotify
diawasin,diawasi
themself,themselves
shouldnt,shouldn't
cobaanya,cobaannya
tamat2an,tamat-tamatan
mantapin,mantapkan
ngantukv,ngantuk
menimang,menimang
suplemen,suplemen
suportif,suportif
potongan,potongan
powerful,powerful
dijagain,dijaga
dilupain,dilupakan
bohongin,bohongin
survival,survival
amygdala,amygdala
survivor,survivor
ahahahah,hahaha
gituaduh,gitu aduh
kadang2x,kadang-kadang
ngusulin,mengusulkan
ningalin,meninggalkan
keringet,keringat
gakjelas,tidak jelas
1 minggu,1 minggu
tkuttrus,takut terus
sudahlah,sudahlah
sarankah,sarankah
sarankan,sarankan
begituan,begituan
posyandu,posyandu
dreadful,dreadful
dreading,dreading
penjuwal,penjual
gatenang,tidak tenang
interupt,interrupt
gaberani,tidak berani
tertekqn,tertekan
pengasih,pengasih
pengasuh,pengasuh
sumurnya,sumurnya
4 months,4 months
terkahir,terakhir
-kembali,kembali
nimbulin,menimbulkan
thesisku,tesisku
hshshshs,<noise>
pasundan,Pasundan
nicholas,Nicholas
ngeluhin,mengeluhkan
goodnews,good news
dyspesia,dyspesia
earphone,earphone
dustakan,dustakan
dyslexia,dyslexia
dyslexic,dyslexic
dumbfuck,dumbfuck
dumpster,dumpster
mengoceh,mengoceh
mengolah,mengolah
mengolok,mengolok
dunianya,dunianya
duolingo,duolingo
duplikat,duplikat
mengomel,mengomel
begundal,begundal
dreaming,dreaming
wkwwkkwk,wkwkwk
datengny,datangnya
tampilin,tampilkan
dekpresi,depresi
sinimaaf,sini maaf
sungchan,sungchan
andidate,andidate
drakoran,drakoran
dramatic,dramatic
dramatis,dramatis
analysis,analysis
supposed,supposed
suppress,suppress
penguran,pengurangan
ungkapin,ungkapkan
rubahnya,mengubahnya
nyomblos,mencoblos
wasapnya,WhatsApp-nya
mengorok,mengorok
mengotak,mengotak
mengotot,mengotot
mengutuk,mengutuk
meniduri,meniduri
menikahi,menikahi
dreamies,dreamies
dukungan,dukungan
mengukur,mengukur
positive,positive
possible,possible
biasanha,biasanya
anjinkgw,anjing gua
psikater,psikiater
sseorang,seseorang
drecokin,drecokin
drinking,drinking
sukacita,sukacita
sukarela,sukarela
sulawesi,sulawesi
menguras,menguras
mengurus,mengurus
sunshine,sunshine
mengubah,mengubah
mengubur,mengubur
mengucap,mengucap
dengerin,dengarkan
duitless,duitless
pengawal,pengawal
pengawas,pengawas
pengecut,pengecut
usahakan,usahakan
usahanya,usahanya
keenakan,keenakan
keesokan,keesokan
interviu,interviu
intimacy,intimacy
centered,centered
cemaskan,cemaskan
cemberut,cemberut
selembek,selembek
bajingan,bajingan
lontarin,lontarkan
ngirimin,mengirimkan
dipukpuk,dipuk-puk
sumukkan,sumukkan
nyalurin,menyalurkan
muamodel,mua model
kabuhnya,kambuhnya
sebenerx,sebenarnya
malesnya,malasnya
ksurupan,kesurupan
possibly,possibly
bombayah,bombayah
bokernya,bokernya
mahabaik,maha baik
alumnite,alumni te
bolehkah,bolehkah
analisis,analisis
dtkdirkn,dtkdirkn
mengusik,mengusik
mengusir,mengusir
bolehkan,bolehkan
postcard,postcard
mengulik,mengulik
mengulur,mengulur
mengunci,mengunci
sulitnya,sulitnya
sumatera,sumatera
maafakan,maafkan
staycool,stay cool
ngestalk,nge-stalk
hikshiks,hiks hiks
barbagai,berbagai
nganggur,menganggur
antrinya,antrenya
ngelayad,melayat
membakas,membahas
sementar,sementara
wkwkwwkw,wkwkwk
12 tahun,12 tahun
2o21-lah,2021-lah
-rencana,rencana
jelekkan,jelekkan
jeleknya,jeleknya
jembatan,jembatan
jempolku,jempolku
bercocok,bercocok
berdahak,berdahak
rentenir,rentenir
seharian,seharian
sehatkah,sehatkah
bapakny0,bapaknya
storenya,store-nya
bisa2nya,bisa
ngasilin,menghasilkan
akhirnys,akhirnya
semanget,semangat
teman2mu,teman-temanmu
kalobaca,kalau baca
ngulangi,mengulangi
pengamat,pengamat
sedihnya,sedihnya
parabola,parabola
paragraf,paragraf
colorful,colorful
intimate,intimate
intonasi,intonasi
interest,interest
involved,involved
intuitif,intuitif
keduanya,keduanya
keduluan,keduluan
paranoia,paranoia
paranoid,paranoid
parkiran,parkiran
comorbid,comorbid
sdangkan,sedangkan
bapaknya,bapak
generani,generasi
6 months,6 months
digituin,dibegitukan
sbnernya,sebenarnya
terlaloe,terlalu
ngebantu,membantu
36 tahun,36 tahun
perbulan,per bulan
hahahihi,hahaha
samamasa,sama masa
kumentok,ku mentok
masalaku,masa laluku
wrwrwrwr,<noise>
kecilnya,kecilnya
pasalnya,pasalnya
pasangan,pasangan
paskibra,paskibra
partners,partners
pengedar,pengedar
pengemis,pengemis
cengkram,cengkram
uplifted,uplifted
uprising,uprising
urge-nya,urge-nya
bergulat,bergulat
bergulir,bergulir
bergumam,bergumam
berhabuk,berhabuk
pengaman,pengaman
dikatain,dikatai
nafkahin,menafkahi
pertamax,Pertamax
awokaowk,<noise>
brutixsm,<noise>
briefnya,brief-nya
-anxiety,anxiety
ampun2an,ampun-ampunan
heartles,heartless
behavior,perilaku
panjatin,panjat kan
ngawasin,mengawasi
cerainya,cerainya
ceramahi,ceramahi
pengaruh,pengaruh
sekunder,sekunder
sekurang,sekurang
comberan,comberan
comeback,comeback
parahnya,parahnya
berganti,berganti
utarakan,utarakan
uyoungro,uyoungro
validasi,validasi
validate,validate
valorant,valorant
18-04-24,18-04-24
variabel,variabel
dhsjehdb,<noise>
tunjukan,tunjukkan
disimpen,disimpan
ciriciri,ciri-ciri
ter-baik,terbaik
mhemhank,memang
frustasi,frustrasi
normalin,menormalkan
ngelepas,melepas
aslam.tp,aslam. tapi
dijadiin,dijadikan
ndipaksa,tidak dipaksa
memeberi,memberi
ditelpon,ditelepon
kesumbet,tersumbat
diajakin,diajak
posttest,post-test
password,password
pastikan,pastikan
pastilah,pastilah
pastinya,pastinya
pathetic,pathetic
coldplay,coldplay
collapse,collapse
sekprodi,sekprodi
pengagum,pengagum
kecuekan,kecuekan
kecewamu,kecewamu
kecilkan,kecilkan
username,username
cobaanmu,cobaanmu
patience,patience
cepatnya,cepatnya
ktrigger,ketrigger
kemereka,ke mereka
dibagian,di bagian
alasanny,alasannya
solisiya,solusinya
ngalemin,mengalami
diaorang,dia orang
minjemin,meminjamkan
kenapasi,kenapa sih
musholla,mushola
dipengen,diinginkan
applynya,apply-nya
dikampus,di kampus
meningal,meninggal
lanjutin,lanjutkan
paylater,paylater
pebisnis,pebisnis
clubbing,clubbing
clueless,clueless
istimewa,istimewa
selapang,selapang
utamanya,utamanya
utangnya,utangnya
kebutaan,kebutaan
kecampur,kecampur
menyedih,menyedihkan
kecantol,kecantol
isolated,isolated
pedagang,pedagang
pediatri,pediatri
pedulian,pedulian
cocoknya,cocoknya
jengukin,jenguk
gmnjujur,gimana jujur
kributan,keributan
beraniin,berani
meakipun,meskipun
kndaraan,kendaraan
ngejelek,menjelek-jelekkan
clinical,clinical
closeted,closeted
pejamkan,pejamkan
segedung,segedung
reminded,reminded
kecarian,kecarian
berenang,berenang
beresinf,beresinf
bereskan,bereskan
istigfar,istigfar
darimana,dari mana
nyaranin,menyarankan
sehambar,sehambar
sehampir,sehampir
sehancur,sehancur
sehangat,sehangat
patungan,patungan
patutlah,patutlah
aslamnya,asam lambungnya
gaselalu,ga selalu
lakiknya,lakinya
smuanyah,semuanya
jelek2in,jelek-jelekin
kabutnya,kabutnya
kacamata,kacamata
bercinta,bercinta
worrying,worrying
jungkook,jungkook
ngejalin,menjalin
ceritamu,ceritamu
cernanya,cernanya
pekakkan,pekakkan
sekecewa,sekecewa
sekepala,sekepala
istrinya,istrinya
viewsnya,viewsnya
viralkan,viralkan
vitiligo,vitiligo
remedial,remedial
remehkan,remehkan
remember,remember
gaberima,ga berterima
brainnya,brain-nya
wujudkan,wujudkan
wujudnya,wujudnya
xiaoting,xiaoting
yakinkan,yakinkan
kabitaan,kabitaan
kabulkan,kabulkan
pencinta,pencinta
kafannya,kafannya
kagetkan,kagetkan
kagetnya,kagetnya
juggling,juggling
jodohkan,jodohkan
jodohnya,jodohnya
zicozico,zicozico
johanies,johanies
jonathan,jonathan
jidatnya,jidatnya
crushnya,crush-nya
clásico,clásico
cleaning,cleaning
pelajari,pelajari
pegangan,pegangan
kumatmya,kumatnya
ngucapin,mengucapkan
berderai,berderai
cintanya,cintanya
ciptakan,ciptakan
pelbagai,pelbagai
peletnya,peletnya
reminder,reminder
bereaksi,bereaksi
wonogiri,wonogiri
itukayak,itu kayak
gapinter,ga pinter
ajndjehd,<noise>
jungshin,jungshin
jenisnya,jenisnya
kabarnya,kabarnya
kabelnya,kabelnya
workload,workload
besar.ga,besar. nggak
workshop,workshop
yourself,yourself
jeongwoo,jeongwoo
yudisium,yudisium
yakinnya,yakinnya
checking,checking
charging,charging
kambuhan,kambuhan
kameraku,kameraku
jelaskan,jelaskan
jelasnya,jelasnya
williams,williams
wishlist,wishlist
wolfgang,wolfgang
wolfpack,wolfpack
jorjoran,jorjoran
kalangan,kalangan
kalaupun,kalaupun
kalender,kalender
jealousy,jealousy
jebakkan,jebakkan
kalengan,kalengan
kalingga,kalingga
kalkulus,kalkulus
chatting,chatting
pendapat,pendapat
jumatnya,jumatnya
sndirian,sendirian
that_guy,that guy
keramean,keramaian
hutangku,utangku
keluh2an,keluh-keluhan
33 tahun,33 tahun
diposisi,di posisi
word-nya,word-nya
wordings,wordings
kakaknya,kakaknya
rentetan,rentetan
berempat,berempat
berdalih,berdalih
berdamai,berdamai
kebentuk,kebentuk
kebentur,kebentur
keberapa,keberapa
claiming,claiming
pelarian,pelarian
ceritaku,ceritaku
syangnya,sayangnya
discroll,di scroll
kjdianku,kejadianku
kekurang,kekurangan
check-up,check-up
jawabnya,jawabnya
kampanye,kampanye
kampusku,kampusku
kandangi,kandangi
kangelan,kangelan
kangkung,kangkung
jatahnya,jatahnya
charleen,charleen
charming,charming
charmuro,charmuro
child-ku,child-ku
ngatasin,mengatasi
kmudahan,kemudahan
watfehel,watfehel
wayzenni,wayzenni
ingetnya,ingatnya
piaaraan,peliharaan
dilakuin,dilakukan
19 tahun,19 tahun
replynya,reply-nya
gimanasi,bagaimana sih
depresiq,depresiku
bangunan,bangunan
banjaran,banjaran
cheating,cheating
check-in,check-in
memangil,memanggil
narkoboy,narkoba
pemurung,pemurung
pemusnah,pemusnah
jatuhkan,jatuhkan
jatuhnya,jatuhnya
kantoran,kantoran
pemenang,pemenang
pemimpin,pemimpin
childish,childish
berdegup,berdegup
bercakap,bercakap
japanese,japanese
jaraknya,jaraknya
jaringan,jaringan
kapannya,kapannya
berdebat,berdebat
berdegub,berdegub
children,children
chitanda,chitanda
bangjeon,bangjeon
bangkong,bangkong
bangkrut,bangkrut
pembuluh,pembuluh
sehatkan,sehatkan
seruangn,seruangan
hobbynya,hobi-nya
dramanya,drama nya
beeresin,beresinf
hacklife,life hack
digodain,digodai
mileswei,miles wei
weekdays,weekdays
wejangan,wejangan
whatever,whatever
whatsapp,whatsapp
jawabkan,jawabkan
berdarah,berdarah
berdebar,berdebar
datengin,mendatangi
keramain,keramaian
wajarkan,wajarkan
wakilkan,wakilkan
waktunya,waktunya
walaupun,walaupun
warganya,warganya
seketika,seketika
baliknya,baliknya
balitaku,balitaku
vibesnya,vibesnya
videokan,videokan
videonya,videonya
katingku,katingku
jalannya,jalannya
jalurnya,jalurnya
bercanda,bercanda
janggala,janggala
janjikan,janjikan
janjilah,janjilah
kartunya,kartunya
karuniai,karuniai
jandanya,jandanya
17 years,17 years
mngatasi,mengatasi
keganngu,terganggu
kasmaran,kasmaran
kasuskan,kasuskan
kasusnya,kasusnya
-anaknya,anaknya
diddepan,di depan
kata2nya,kata-katanya
cape2nya,capek-capeknya
sehingga,sehingga
seimbang,seimbang
sejarang,sejarang
penduduk,penduduk
pembunuh,pembunuh
sekampus,sekampus
ngerajut,merajut
karyawan,karyawan
kasarkan,kasarkan
whenever,whenever
08-04-24,08-04-24
karakter,karakter
penerbit,penerbit
ceweknya,ceweknya
keadilan,keadilan
waraskan,waraskan
kasarnya,kasarnya
kasihani,kasihani
kasihnya,kasihnya
kasirnya,kasirnya
sekalian,sekalian
sekambuh,sekambuh
jambakin,jambakin
kawannya,kawannya
kazutora,kazutora
kazuxiao,kazuxiao
ke-block,ke-block
jajankan,jajankan
jalankan,jalankan
sekangen,sekangen
sekantor,sekantor
banggain,banggain
pembalap,pembalap
semetara,sementara
viernone,viernone
wamilnya,wamilnya
kebayang,kebayang
renggang,renggang
renovasi,renovasi
bljrgmbr,belajar gambar
kurasain,kurasakan
buryamyg,bubur ayam yang
kealayan,kealayan
keamanan,keamanan
keanehan,keanehan
chainsaw,chainsaw
pembantu,pembantu
mningkat,meningkat
beranjak,dewasa
bawannya,bawaan
kategori,kategori
bantunya,bantunya
pembenci,pembenci
padetnya,padatnya
2 minggu,2 minggu
cikampek,cikampek
cikgunya,cikgunya
changing,changing
peneliti,peneliti
penenang,penenang
warnanya,warnanya
wassalam,wassalam
wastafel,wastafel
wataknya,wataknya
watching,watching
keahlian,keahlian
dibidang,di bidang
dai_shun,dai shun
buktinya,bukti
37 tahun,37 tahun
bangchan,bangchan
ciniying,ciniying
cinnamon,cinnamon
keangkat,keangkat
jahatnya,jahatnya
pelihara,pelihara
sekarang,sekarang
berderau,berderau
berdetak,berdetak
berduaan,berduaan
kebagian,kebagian
kebaikan,kebaikan
kebangun,kebangun
jadwalku,jadwalku
wajahnya,wajahnya
wajarkah,wajarkah
diwarung,di warung
20 tahun,20 tahun
trimkasi,terima kasih
superior,superior
superman,superman
mengupas,mengupas
journeys,journeys
kadarnya,kadarnya
pencetan,pencetan
pencetus,pencetus
yaumidin,yaumidin
yearning,yearning
judulnya,judulnya
distatus,di status
checkout,checkout
cheerful,cheerful
penatnya,penatnya
tanggaq,tetangga ku
materai,meterai
anggota,anggota
cerewet,cerewet
ketebak,ketebak
ketekan,ketekan
hidupku,hidupku
hidupmu,hidupmu
ketiban,ketiban
ketidak,ketidak
himself,himself
di-keep,di-keep
di-lock,di-lock
di-mute,di-mute
di-play,di-play
di-post,di-post
sdangkn,sedangkan
ngurang,mengurang
didesek,didesak
ngancem,mengancam
funfact,fun fact
habisin,habiskan
kasiabn,kasihan
nge-cal,nge-call
komedia,komedi
kbangun,kebangun
2tbulan,2 bulan
kemarsn,kemarin
semngat,semangat
mksdnya,maksudnya
gituloh,begitulah
dibawak,dibawa
dbilang,dibilang
1 bulan,1 bulan
dimarah,dimarahi
1sbulan,1 bulan
sadarin,sadarkan
nganter,mengantar
rosblos,roblox
bayarin,bayarkan
tudpoin,to the point
disagre,disagree
nuangin,menuangkan
2 hours,2 hours
twiiter,twitter
ruqiyah,ruqyah
mnjlani,menjalani
egoisan,egois
kmatian,kematian
iminnya,inginnya
nglamin,mengalami
komenin,mengomentari
triknya,trik-nya
it.also,it. also
ibubapa,ibu bapak
lilafye,<noise>
nangisd,menangis
blalala,bla bla bla
meleber,meluber
strugle,struggle
di mana,di mana
carbono,carbon
dsmaain,disamakan
bukanny,bukannya
kebawah,ke bawah
nyebuti,menyebutkan
30 hari,30 hari
rhiibut,ribut
nyantet,menyantet
diinjek,diinjak
kakbang,kak bang
maludah,meludah
kataini,kata ini
56-5tkg,56-57 kg
nyentuh,menyentuh
sudahlh,sudahlah
kenceng,kencang
multask,multitask
beradap,beradaptasi
ngehina,menghina
blm-blm,belum-belum
pontang,pontang-panting
pkoknya,pokoknya
spontan,spontan
spotify,spotify
spp-nya,spp-nya
axinety,anxiety
ssannya,sesudahnya
berisij,berisik
ngausah,gak usah
sanggop,sanggup
secukup,secukupnya
dinotis,dinotice
depresy,depresi
mrantau,merantau
kitatuh,kita tuh
mnyukai,menyukai
gosipin,gosipkan
ngbully,nge-bully
walaupn,walaupun
kuliyah,kuliah
bantuin,bantu
oshi-in,oshi-in
ososwan,ososwan
created,created
creator,creator
ngnggap,menganggap
sirotol,shirotol
nething,negative thinking
jalanin,jalani
kasitau,kasih tahu
trkutuk,terkutuk
tnggung,tanggung
apabila,apabila
spoiler,spoiler
outdoor,outdoor
outline,outline
outlook,outlook
outside,outside
otaknya,otaknya
apa-apa,apa-apa
pemdiem,pendiam
lihatin,perlihatkan
prtanda,pertanda
pagi2an,pagi-pagian
nyamain,menyamakan
ditrust,di-trust
kmudian,kemudian
1tbulan,1 bulan
syoknya,syok-nya
nurutin,menuruti
cowokmu,cowokmu
ngelola,mengelola
byangin,bayangkan
menomor,menomorkan
kerbbau,kerbau
3 tahun,3 tahun
ngalong,mengalong
diakhir,di akhir
munafek,munafik
bringas,beringas
out-nya,out-nya
outcome,outcome
jitsuwa,jitsuwa
jitters,jitters
jittery,jittery
jikalau,jikalau
acc_min,acc min
brharap,berharap
katsuya,Katsuya
absenin,absenkan
yoonmin,yoonmin
yoshiki,yoshiki
bakteri,bakteri
selamat,selamat
selamem,selamem
selamet,selamet
selatan,selatan
selawat,selawat
sekujur,sekujur
sel-sel,sel-sel
youtube,youtube
cowokku,cowokku
diapain,diapakan
covid19,covid 19
ngrasah,ngerasai
kopisop,coffee shop
1.putus,1. putus
crashed,crashed
craving,craving
ourself,ourself
nyantol,menyantol
knp-knp,kenapa-kenapa
nyadonk,nyadong
didasar,di dasar
beda2an,beda-bedaan
dikasir,di kasir
ngedrob,drop
gamakan,ga makan
optimal,optimal
optimis,optimis
options,options
stadion,stadion
stadium,stadium
stagnan,stagnan
stalker,stalker
overlap,overlap
jiwanya,jiwanya
yukiran,yukiran
yoasobi,yoasobi
job-nya,job-nya
jobdesc,jobdesc
jobless,jobless
dia.aku,dia. aku
ciptain,ciptakan
tambahn,tambahan
ulangin,ulangi
fvcking,fucking
mahfudz,Mahfudz
jodohku,jodohku
jogging,jogging
4 bulan,4 bulan
creadit,credit
ngeblok,nge-block
ntahlah,entahlah
.semoga,. semoga
5 bulan,5 bulan
.selalu,. selalu
gapyear,gap year
kkaereo,karaoke
digruop,di grup
cousins,cousins
anybody,anybody
anymore,anymore
anytime,anytime
orderan,orderan
crowded,crowded
opsinya,opsinya
ballads,ballads
sekkiya,sekkiya
sekolah,sekolah
seksama,seksama
seksual,seksual
mskipun,meskipun
.anxeti,. anxiety
mengaki,mengakali
ilangin,hilangkan
counter,counter
hasilny,hasilnya
bisikin,bisikkan
ledekin,ledek
dngerin,dengerin
dataang,datang
seudara,saudara
pengeen,pengen
bangeut,banget
hobynya,hobinya
dbiarin,dibiarkan
duakali,dua kali
didekat,di dekat
selevel,selevel
country,country
courage,courage
jessica,jessica
yayasan,yayasan
yeonjun,yeonjun
bakalan,bakalan
tekanam,tekanan
jauh2an,jauh-jauhan
jokinya,jokinya
propsal,proposal
didoain,didoakan
gakpapa,tidak apa-apa
apacumn,apa cuma
lewatin,lewati
cingeng,cengeng
journal,journal
journey,journey
jompoan,jompoan
mendang,mending
praktek,praktik
hapaham,gak paham
fikiran,pikiran
fositif,positif
sikolog,psikolog
brpihak,berpihak
curahin,curahkan
anxiety,anxiety
anxious,anxious
stamina,stamina
standar,standar
standby,standby
antigen,antigen
cthulhu,cthulhu
yiyoung,yiyoung
bahrain,bahrain
bahunya,bahunya
bandung,bandung
jongkok,jongkok
1998-19,1998-1999
.kapaan,. kapaan
yaallah,ya Allah
gabrani,tidak berani
kambuha,kambuhan
konslet,korsleting
callnya,call nya
mulihin,memulihkan
sndriny,sendirinya
sekarat,sekarat
antrean,antrean
started,started
syantiq,cantik
pacarmu,pacarmu
pacenya,pacenya
package,package
apelnya,apelnya
spencer,spencer
spesial,spesial
starter,starter
ophelia,ophelia
opinion,opinion
crochet,crochet
opening,opening
operasi,operasi
operate,operate
crucial,crucial
selfish,selfish
istgfar,istigfar
gabakal,tidak bakal
ngobrol,mengobrol
merantw,merantau
teriima,terima
kongchu,<noise>
monmaap,mohon maaf
jutekin,juteki
hirarki,hierarki
debatin,debati
kenappa,kenapa
naronya,menaruhnya
kata2in,mengata-ngatai
cutiday,cuti day
anjirny,anjir nya
akwkwkw,<noise>
couldnt,couldnt
pacaran,pacaran
sekebal,sekebal
ortunya,orang tuanya
temenin,temani
crushed,crushed
crybaby,crybaby
crystal,crystal
bangang,bangang
sekeras,sekeras
sekeren,sekeren
sekilas,sekilas
sekitar,sekitar
balikan,balikan
bangsal,bangsal
gajelas,tidak jelas
didalem,di dalam
ngasbun,asal bunyi
sangaat,sangat
kabngun,kebangun
jgn-jgn,jangan-jangan
ngarang,mengarang
nikahin,menikahi
nggarai,menggara-gara
gacocok,ga cocok
padanya,padanya
cosplay,cosplay
stasiun,stasiun
station,station
ongoing,ongoing
oneshot,oneshot
ongkang,ongkang
banners,banners
anjieng,anjing
yapping,yapping
jeritan,jeritan
judulku,judulku
yacchan,yacchan
yaddaex,yaddaex
pacarku,pacarku
managih,menagih
syetane,setan-nya
pgrtian,pengertian
wangsaf,WhatsApp
seetres,stres
lenaran,<noise>
pacepet,percepat
porotin,memoroti
2 detik,2 detik
trlahir,terlahir
omongin,omongin
anthony,anthony
sticker,sticker
staying,staying
packing,packing
sekecil,sekecil
sekejam,sekejam
sekejap,sekejap
sekelam,sekelam
sekelas,sekelas
sekelip,sekelip
bandara,bandara
bandel2,bandel2
banding,banding
gabagus,ga bagus
padahal,padahal
lanbung,lambung
capekkj,capek
tincase,tin case
pahamin,pahamin
cooking,cooking
coolest,coolest
speaker,speaker
special,special
apalagi,apalagi
apdetan,apdetan
sekadar,sekadar
jujutsu,jujutsu
julinya,julinya
diiyain,diiyakan
byk-byk,banyak-banyak
julukan,julukan
jumatan,jumatan
jerawat,jerawat
jungler,jungler
jungmin,jungmin
omongan,omongan
sunggah,sungguh
takutin,takutkan
5 menit,5 menit
dibulli,dibully
padalan,padahal
berahir,berakhir
materia,material
ingetin,ingatkan
mumgkin,mungkin
ngemute,nge-mute
gapernh,ga pernah
wronged,wronged
answers,answers
stoplah,stoplah
stopped,stopped
stomach,stomach
annoyed,annoyed
anomali,anomali
olehnya,olehnya
olivine,olivine
olympic,olympic
jungwon,jungwon
ngutang,berutang
hargain,hargai
nya.mau,nya. mau
akhrita,akhir kita
mecahin,memecahkan
juragan,juragan
.......,.......
jurusan,jurusan
justify,justify
oke-oke,oke-oke
semacem,semacam
makhluq,makhluk
pakaian,pakaian
paginya,paginya
okkotsu,okkotsu
oksigen,oksigen
oktober,oktober
remehtp,remeh tapi
ngdepin,menghadapi
xavibul,xavibul
jumping,jumping
jungkir,jungkir
jenggot,jenggot
jengkel,jengkel
wrecked,wrecked
wrecker,wrecker
writers,writers
writing,writing
msg-msg,masing-masing
akhrnya,akhirnya
trkdang,terkadang
dtempat,di tempat
skr-skr,sekarang-sekarang
kedepan,ke depan
angetin,hangatkan
sekamar,sekamar
bangkai,bangkai
bangkek,bangkek
bangkit,bangkit
discrot,disemprot
nyarris,nyaris
ngitung,menghitung
depresu,depresi
namping,mendampingi
enxaity,anxiety
ngemtot,ngentot
kpadaku,kepadaku
ke sana,ke sana
syetdah,setdah
okupasi,okupasi
another,another
6 tahun,6 tahun
keitung,kehitung
brsalah,bersalah
mninggl,meninggal
testnya,test-nya
bosenin,membosankan
padajal,padahal
gabales,tidak dibalas
instory,in-story
anxaity,anxiety
1-2thun,1 sampai 2 tahun
jenazah,jenazah
jendela,jendela
jenjang,jenjang
sekagum,sekagum
sekakek,sekakek
copotan,copotan
kabinet,kabinet
kabarku,kabarku
8 tahun,8 tahun
ngemban,mengemban
sejelek,sejelek
sejenak,sejenak
sejenis,sejenis
sejijik,sejijik
copy-an,copy-an
copying,copying
painful,painful
ngrjain,mengerjakan
sblmnya,sebelumnya
ngevote,nge-vote
analisa,analisis
pusying,pusing
monanya,mau nanya
wkwkwkw,wkwkwk
nambahi,menambahi
content,content
context,context
officer,officer
offline,offline
strange,strange
streets,streets
anjirla,anjirla
anjìng,anjìng
storage,storage
stories,stories
cucunya,cucunya
offense,offense
sahabat,sahabat
sabaran,sabaran
sabbath,sabbath
sabrina,sabrina
ketelan,ketelan
di-blur,di-blur
tahiyat,tahiyat
tahulah,tahulah
tahunan,tahunan
tahunku,tahunku
taeyong,taeyong
belokan,belokan
beloman,beloman
keputer,keputar
.hilang,. hilang
bebasin,bebaskan
di-read,di-read
updated,updated
hidayah,hidayah
hidayat,hidayat
sah-sah,sah-sah
donorin,donorkan
nyengir,menyengir
-trauma,trauma
upgrade,upgrade
untukku,untukku
untukmu,untukmu
nentuin,menentukan
positip,positif
tanyalc,tanya lc
nurunin,menurunkan
jemuran,jemuran
channel,channel
abisnya,habisnya
kemaren,kemarin
bengebu,bergebu
unusual,unusual
ketahan,ketahan
ketahui,ketahui
hindari,hindari
sadness,sadness
saingan,saingan
muterin,memutari
acak2an,acak-acakan
tag-tag,tag-tag
tagihan,tagihan
tahajud,tahajud
tahapan,tahapan
ktahuan,ketahuan
4 years,4 years
updates,updates
ksepian,kesepian
seiring,seiring
kadonya,kadonya
sejagad,sejagad
kabarmu,kabarmu
kagetan,kagetan
wouldnt,wouldnt
wouldve,wouldve
wrapped,wrapped
sejorok,sejorok
upayaku,upayaku
smp-smp,smp-smp
changes,changes
wanning,warning
joancuk,jancuk
gatahan,tidak tahan
sajadah,sajadah
sajakku,sajakku
sadarku,sadarku
saddest,saddest
sadgirl,sadgirl
kesiksa,kesiksa
history,history
bru-bru,baru-baru
poopnya,poop-nya
nriakin,neriakin
hasilin,hasilkan
atuhlah,atuh lah
masaitu,masa itu
control,control
consume,consume
contact,contact
kopiudh,kopi udah
1itahun,1 tahun
2 menit,2 menit
lumayam,lumayan
ketitik,ke titik
seandai,seandainya
keorang,ke orang
kstunya,ke satunya
goalnya,goal-nya
chaotic,chaotic
cewekku,cewekku
mulutku,mulutku
belajat,belajar
mudanya,mudanya
sakitku,sakitku
belasan,belasan
sahroni,sahroni
sahutan,sahutan
hobinya,hobinya
kesusun,kesusun
upacara,upacara
nawarin,menawarkan
sombing,sombong
jodohin,jodohkan
ngebawa,membawa
sekacau,sekacau
bangsat,bangsat
bangtan,bangtan
spatula,spatula
urahara,urahara
urgency,urgency
mlm-mlm,malam-malam
gayakin,tidak yakin
cewenya,ceweknya
ngimpin,memimpin
badanya,badannya
mulyono,mulyono
mumpung,mumpung
mumpuni,mumpuni
masalab,masalah
darting,darah tinggi
meremin,meremkan
dsumpah,disumpah
cepetan,cepatan
di-hype,di-hype
di-hate,di-hate
di-hide,di-hide
walopun,walaupun
xsempat,gak sempat
ributin,ributkan
karenak,karena
hatters,haters
maksain,memaksakan
kangeen,kangen
gitunya,begitunya
cwe-cwe,cewek-cewek
ngbatin,membatin
brtahan,bertahan
dimotor,di motor
ngapung,mengapung
kesetel,kesetel
obatnya,obatnya
kecatet,kecatat
ksannya,kesannya
hadehhg,hadeh
berkara,berperkara
pending,pending
pendopo,pendopo
keseleo,keseleo
keselip,keselip
1e7-1e9,1e7-1e9
holding,holding
holiday,holiday
emosian,emosional
trkahir,terakhir
numbbes,numbness
di-chat,di-chat
charles,charles
charlie,charlie
pendiam,pendiam
makenye,makanya
dua.mau,dua. mau
keserap,keserap
keseret,keseret
jujurly,sejujurnya
pisikis,psikis
pirasat,firasat
20 hari,20 hari
kebnykn,kebanyakan
pameran,pameran
pamerin,pamerin
cukupan,cukupan
culture,culture
anjuran,anjuran
udahlah,sudahlah
nerobos,menerobos
bukankh,bukankah
gue-gue,gue-gue
obrolan,obrolan
nemunya,menemukannya
nyeranh,nyerang
gigitin,menggigiti
keacara,ke acara
njunnya,njun-nya
pinkred,pink red
mukanya,mukanya
munafik,munafik
mulanya,mulanya
charger,charger
nginbox,nge-inbox
procras,procrastinate
dipasar,di pasar
videoin,videokan
didalam,di dalam
semraut,semrawut
ngebook,nge-book
kebiasa,kebiasaan
berulng,berulang
pinsang,pingsan
pamitan,pamitan
confess,confess
confide,confide
spaneng,spaneng
spanyol,spanyol
spatial,spatial
mengebu,menggebu
ayatnay,ayatnya
cubicle,cubicle
observe,observe
banking,banking
nelepon,menelepon
muridku,muridku
babunya,babunya
semprot,semprot
semudah,semudah
semusim,semusim
usahlah,usahlah
useless,useless
honorer,honorer
prilaku,perilaku
ketempt,ke tempat
usianya,usianya
wkwkkwk,wkwkwk
mhampir,menghampiri
8oojuta,800 juta
bertaha,bertahan
1tmenit,1 menit
terahir,terakhir
dirumah,di rumah
usahaku,usahaku
sakitan,sakitan
pendosa,pendosa
changed,changed
changer,changer
chat-an,chat-an
chat-ku,chat-ku
murahan,murahan
skirpsi,skripsi
akapada,akan pada
suicid3,suicide
hskdbdj,<noise>
26tahun,26 tahun
kakakku,kakakku
kakekku,kakekku
seinget,seinget
seirama,seirama
dhirgam,dhirgam
mungkin,mungkin
chatgpt,chatgpt
chatnya,chatnya
salahku,salahku
salahmu,salahmu
horizon,horizon
sejarah,sejarah
sehebat,sehebat
seindah,seindah
seingat,seingat
kakinya,kakinya
khlngan,kehilangan
lngsnng,langsung
tadaima,tadaima
tadinya,tadinya
taehyun,taehyun
mushola,mushola
musibah,musibah
deteksi,deteksi
develop,develop
deviasi,deviasi
biasany,biasanya
pendemo,pendemo
ngblock,nge-block
inginin,inginkan
ngatasi,mengatasi
udahnya,sudahnya
costnya,cost nya
.gimana,. gimana
sedeket,sedekat
anxiaty,anxiety
skarang,sekarang
victime,victim
bangsay,bangsat
borneeo,borneo
sejahat,sejahat
sejajar,sejajar
sejalan,sejalan
usually,usually
kerupuk,kerupuk
mendali,medali
wording,wording
panduan,panduan
concept,concept
concern,concern
hotspot,hotspot
however,however
hsksksk,hsksksk
beliefs,beliefs
believe,believe
belikan,belikan
cheated,cheated
cheater,cheater
pencuri,pencuri
buktiin,buktikan
destroy,destroy
mutiara,mutiara
mutuals,mutuals
devices,devices
belahan,belahan
belajar,belajar
salmine,salmine
klurnya,keluarnya
nyantai,bersantai
mosting,memposting
mutusin,memutuskan
salatku,salatku
utangku,utangku
utangmu,utangmu
utterly,utterly
kerjaan,kerjaan
kerjaku,kerjaku
ktolong,ketolong
kringat,keringat
trmasuk,termasuk
remembr,remember
mitamit,amit-amit
kalahan,kalahan
kalanya,kalanya
inihari,ini hari
souless,soulless
ngezoom,nge-zoom
betemen,bertemen
kerjain,kerjakan
aqbesok,aq besok
ponakan,keponakan
akhirny,akhirnya
kbtulan,kebetulan
dhargai,dihargai
chapter,chapter
checked,checked
checkup,checkup
mustang,mustang
musuhku,musuhku
anak2ny,anak-anaknya
엔하이픈_선우,<noise>
sampein,sampaikan
dikorea,di Korea
iklasin,ikhaskan
julukin,juluki
salting,salting
kerja-5,kerja-5
dibales,dibalas
obrolin,obrolin
anjurin,anjurin
anjweng,anjweng
stresku,stresku
strikes,strikes
animasi,animasi
pandemi,pandemi
working,working
workout,workout
mintain,mintakan
nyerang,menyerang
mmbuang,membuang
kepesta,ke pesta
nyuekin,nyuekin
nyusruk,nyusruk
kerenku,kerenku
asalamu,assalamu
mebahas,membahas
roomate,roommate
ngobtin,ngobatin
ngtasin,ngatasi
jaringa,jaringan
assiten,asisten
teksnya,teks-nya
tumbuhj,tumbuh
sunggup,sungguh
zprgnya,si pergikah
walapun,walaupun
teryata,ternyata
betanya,bertanya
ngejauh,menjauh
nglmpar,melempar
gmnapun,gimana pun
nginget,mengingat
worried,worried
worries,worries
jealous,jealous
enak.yg,enak. yang
couldve,could ve
chester,chester
ambulan,ambulan
amerika,amerika
aminkan,aminkan
mygoani,mygoani
hubungi,hubungi
hueueue,hueueue
vampire,vampire
smthing,something
akusigh,aku sigh
salahin,salahkan
kerkhof,kerkhof
keroyok,keroyok
utamaku,utamaku
chelsea,chelsea
chasers,chasers
chinese,chinese
cherish,cherish
yakinin,yakinkan
ujianya,ujiannya
areanya,area nya
diem2an,diam-diaman
viguran,figuran
distory,di story
deactiv,deactive
ngelive,nge-live
butuhin,butuhkan
mijitin,memijat
ngibrol,ngobrol
2grobak,2 gerobak
bca-bca,baca-baca
kambing,kambing
compact,compact
confirm,confirm
confuse,confuse
hujanan,hujanan
hujatan,hujatan
trpuruk,terpuruk
bunuhan,pembunuhan
mngurus,mengurus
keramas,keramas
keramat,keramat
keranda,keranda
bulding,building
on-line,online
banyaak,banyak
oadahal,padahal
vaccine,vaccine
nadanya,nadanya
details,details
detakan,detakan
kmn-kmn,ke mana-mana
bebener,bener-bener
binggug,bingung
biasain,biasakan
namatin,menamatkan
desktop,desktop
despair,despair
despite,despite
ngebaca,membaca
gainget,tidak ingat
pandang,pandang
oatmeal,oatmeal
nyolong,nyolong
nyontek,nyontek
nyuciin,nyuciin
banting,banting
bantuan,bantuan
bar-bar,bar-bar
sklipun,sekalipun
keputus,keputus
kerabat,kerabat
syahwat,syahwat
syaitan,syaitan
syantik,syantik
syariat,syariat
symptom,symptom
husband,husband
sbagian,sebagian
diperut,di perut
kemqren,kemarin
ngerant,nge-rant
inscure,insecure
loooool,<noise>
numbnes,numbness
ngrawat,ngerawat
nafkahi,nafkahi
nafsuan,nafsuan
humorku,humorku
hundred,hundred
kerasan,kerasan
systems,systems
syukron,syukron
energic,energetic
kaligis,kaligis
kalimat,kalimat
kalinya,kalinya
kaklte3,kaklte3
wkwkwwk,wkwkwk
kejakrt,ke Jakarta
brgkali,barangkali
syukuri,syukuri
syuting,syuting
sya'ban,sya'ban
mahamin,memahami
cedikit,sedikit
levinve,<noise>
kepecah,kepecah
kepelet,kepelet
kepilih,kepilih
keputar,keputar
plarian,pelarian
samudra,samudra
pintu.q,pintu. Aku
ngomobg,ngomong
kawatir,khawatir
warasin,waraskan
diitung,dihitung
ngrekam,ngerekam
humoris,humoris
samanya,samanya
sambung,sambung
hukuman,hukuman
humanis,humanis
mngusik,mengusik
5milyar,5 miliar
ginimah,gini mah
liatnya,lihatnya
samngat,semangat
1 menit,1 menit
silatur,silaturahmi
trakhir,terakhir
orglain,orang lain
dipercy,dipercaya
wajarin,wajarkan
makhlul,makhluk
25 hari,25 hari
ekstrim,ekstrem
gettimg,getting
dkt-dkt,dekat-dekat
ngancam,mengancam
antrkan,antarkan
variasi,variasi
variety,variety
venting,venting
penakut,penakut
pemikir,pemikir
pemilih,pemilih
prcepat,percepat
mlebihi,melebihi
sanalah,sanalah
sananya,sananya
pangkal,pangkal
pangkat,pangkat
isengin,isengi
nerapin,menerapkan
sadgerl,sad girl
pembuly,pembully
7 tahun,7 tahun
deraged,deranged
namaste,namaste
nametag,nametag
namjoon,namjoon
version,version
vertigo,vertigo
bekasan,bekasan
belanda,belanda
bela2in,bela-belakan
seharga,seharga
sehatan,sehatan
segaris,segaris
segedeg,segedeg
segelap,segelap
belanja,belanja
samperi,samperi
samping,samping
kepepet,kepepet
kepikir,kepikir
semiggu,seminggu
gadapet,tidak dapat
nyusuin,nyusuin
student,student
studied,studied
studies,studies
amnesia,amnesia
sanggup,sanggup
sangkut,sangkut
sangean,sangean
gilasih,gila sih
2minggu,2 minggu
terhdap,terhadap
dripada,daripada
pemilik,pemilik
peminat,peminat
pemirsa,pemirsa
namanya,namanya
makaseh,terima kasih
pangsit,pangsit
panikan,panikan
sehabis,sehabis
kesanny,kesannya
kikinih,<noise>
brandal,berandal
habistu,habis itu
theshit,the shit
pokonya,pokoknya
segelas,segelas
kamarku,kamarku
2jam-an,2 jaman
balesin,balas
metopen,metodologi penelitian
soalnya,soalnya
socials,socials
society,society
choices,choices
desakan,desakan
cowonya,cowoknya
gibahin,menggibahkan
hurting,hurting
hurtful,hurtful
khhfess,<noise>
dessert,dessert
naiknya,naiknya
nanachi,nanachi
nanamin,nanamin
namakan,namakan
chimilk,chimilk
bagimna,bagaimana
metoper,metode perawatan
4jam.an,4 jam-jaman
ngehide,nge-hide
riwayan,riwayat
bizzare,bizarre
15 hari,15 hari
judesin,judesi
ckckckc,ckckck
saranga,saranghaeyo
nyindir,menyindir
deserve,deserve
veteran,veteran
vibenya,vibenya
vibrasi,vibrasi
vibrate,vibrate
vicious,vicious
vidcall,vidcall
kepaksa,kepaksa
narkob4,narkoba
balesan,balasan
semisal,semisal
babilah,babilah
dibalik,di balik
nyenyak,nyenyak
nyerita,nyerita
ampteam,ampteam
chopper,chopper
chronic,chronic
chrysos,chrysos
pembawa,pembawa
pembeli,pembeli
pemberi,pemberi
downnya,down-nya
seancur,sehancur
prokras,prokrastinasi
gabisak,ga bisa
narkoba,narkoba
nasabah,nasabah
nasibku,nasibku
depress,depress
napasku,napasku
ngumpet,bersembunyi
bsoknya,besoknya
anxyeti,anxiety
brenang,berenang
naravit,naravit
natural,natural
depanku,depanku
saranku,saranku
begonya,begonya
semigap,semigap
seminar,seminar
kamunya,kamunya
bapakku,bapakku
nyoblos,nyoblos
komplen,komplain
mampuan,kemampuan
sebutin,sebutkan
nyatuin,nyatuin
nyawaku,nyawaku
nyinyir,nyinyir
nylekit,nylekit
nyobain,nyobain
kambung,kambung
jauhkan,jauhkan
netesin,meneteskan
hutang2,hutang2
hyunsuk,hyunsuk
kendala,kendala
kendali,kendali
kejiwsn,kejiwaan
mnjlskn,menjelaskan
tidurin,tidurkan
kyungso,kyungsoo
kdokter,ke dokter
kedalam,ke dalam
3o0-5o0,300-500
nerusin,meneruskan
giilaak,gila
membeda,membedakan
javelin,javelin
kamisan,kamisan
kampret,kampret
kampung,kampung
viewers,viewers
village,village
vinland,vinland
nasinya,nasinya
pemarah,pemarah
ngalami,mengalami
moodyan,moody-an
sogokan,sogokan
ciptaan,ciptaan
depicts,depicts
depresi,depresi
derajat,derajat
nasihat,nasihat
violent,violent
kencang,kencang
kencing,kencing
bpakibu,bapak ibu
mandira,Mandira
gaperna,tidak pernah
wasalam,wassalam
negativ,negatif
seriing,sering
bekerja,bekerja
kentang,kentang
kenyang,kenyang
swieoyo,swieoyo
cicilan,cicilan
visibly,visibly
vitamin,vitamin
vividly,vividly
ibrahim,ibrahim
ibu-ibu,ibu-ibu
depends,depends
negatif,negatif
badanhb,badan hb
beneren,beneran
pembaca,pembaca
semalem,semalam
gajihan,gajian
kendang,kendang
hyundai,hyundai
hyunjin,hyunjin
kenalan,kenalan
virtual,virtual
dijugde,di-judge
-setres,stres
nanyain,menanyakan
itungan,hitungan
cilacap,cilacap
linknya,link-nya
pglaman,pengalaman
bloknya,blok nya
ngammuk,ngamuk
bgimana,bagaimana
dijaman,di zaman
bahasae,bahasanya
macamni,macam ini
gaboong,tidak bohong
stornya,store-nya
lolosin,loloskan
ngebash,nge-bash
sendian,sendirian
denging,denging
depanmu,depanmu
direnov,direnovasi
ngedrop,nge-drop
panitia,panitia
panjang,panjang
pantang,pantang
concert,concert
sarapan,sarapan
sarinah,sarinah
sarjana,sarjana
sasaran,sasaran
sapanya,sapanya
wakilin,wakilkan
ngpa2in,ngapa-ngapain
1omalam,10 malam
asdadhd,asd adhd
cikolog,cikolog
kemarin,kemarin
ide-ide,ide-ide
jumpain,jumpai
bejibun,berjibun
1 month,1 month
kambuuh,kambuh
nyanpai,nyampai
2months,2 months
cimindi,cimindi
pelukan,pelukan
pelukmu,pelukmu
ndredeg,ndredeg
ndredek,ndredek
dekatin,dekati
skinker,skincare
ngeflet,flat
disalah,disalahkan
10 hari,10 hari
mngasuh,mengasuh
anciety,anxiety
deg-deg,deg-degan
condong,condong
panggil,panggil
panggul,panggul
nyender,nyender
bapakmu,bapakmu
liatlah,lihatlah
kwitang,Kwitang
suspend,suspend
sustain,sustain
neither,neither
nekatan,nekatan
mahupun,maupun
manteng,panteng
murotal,murottal
dilapin,dilap
idealis,idealis
vokalis,vokalis
idgitaf,idgitaf
kemasan,kemasan
uringan,uring-uringan
siapaka,siapakah
brhdpan,berhadapan
gak-gak,tidak-tidak
ingetan,ingatan
sapiens,sapiens
sarafku,sarafku
idamkan,idamkan
1.2.3.4,1.2.3.4
hbungan,hubungan
kembung,kembung
survive,survive
suspect,suspect
baperan,baperan
barcode,barcode
sefokus,sefokus
sefruit,sefruit
jasmani,jasmani
wonties,wonties
nyentil,nyentil
hapenya,HP-nya
ngehype,nge-hype
gimaana,bagaimana
omongon,omongan
kluarga,keluarga
pemakai,pemakai
pemalas,pemalas
cintaku,cintaku
circles,circles
cirebon,cirebon
cirinya,cirinya
nenekku,nenekku
kelinci,kelinci
satisfy,satisfy
badanku,badanku
badmood,badmood
krmanya,karenanya
dimimpi,di mimpi
temenya,temennya
lambunk,lambung
nyempit,nyempit
curhati,curhati
vtupler,vtupler
wwkwkkw,wkwkwk
kemauan,kemauan
kembali,kembali
kembang,kembang
pelupuk,pelupuk
pemabuk,pemabuk
menjude,menjustifikasi
2o0-3o0,200 sampai 300
djshhdj,stres
gasedih,tidak sedih
ngorook,ngorok
ajatapi,aja tapi
11 hari,11 hari
surgery,surgery
surreal,surreal
suruhan,suruhan
ampyang,ampyang
perrnah,pernah
apasiih,apa sih
nolepmo,nolepmu
-living,living
brganti,berganti
ngelist,nge-list
8 menit,8 menit
syaranx,sarannya
nyampai,nyampai
nyamper,nyamper
nyampur,nyampur
nyegrak,nyegrak
pelatih,pelatih
newborn,newborn
kasarin,kasarkan
menutut,menuntut
nglamun,melamun
ngehalu,menghalu
mba-mba,mbak-mbak
inikata,ini kata
ada2kan,ada-adakan
wadidaw,wadidaw
voucher,voucher
keluhan,keluhan
keluhku,keluhku
idolnya,idolnya
kelilit,kelilit
deminya,deminya
kandung,kandung
masakin,masakkan
redflag,red flag
neraaka,neraka
bacakan,bacakan
bacanya,bacanya
semenit,semenit
semesta,semesta
saviour,saviour
begging,begging
sasetan,sasetan
kelopak,kelopak
pelipur,pelipur
pelosok,pelosok
peluang,peluang
clarify,clarify
kelasku,kelasku
surface,surface
mutanya,mau tanya
berdgup,berdegup
demonya,demonya
nervous,nervous
netflix,netflix
nethink,nethink
netizen,netizen
savenya,savenya
curigai,curigai
jawaban,jawaban
jayanya,jayanya
kantong,kantong
kantung,kantung
kandang,kandang
kayanya,kayaknya
gitu2an,gitu-gituan
wktunya,waktunya
gasehat,ga sehat
kendari,Kendari
nyapres,nyapres
nyaring,nyaring
complex,complex
gapergi,ga pergi
satunya,satunya
saudara,saudara
saudari,saudari
ikhtiar,ikhtiar
kelatih,kelatih
kelewat,kelewat
kelasan,kelasan
biundir,bisa undir
kaka2ku,kakak-kakakku
jugaamp,juga amp
snyuman,senyuman
s-exual,sexual
anandya,anandya
anarkis,anarkis
ancaman,ancaman
sur-jkt,sur-jkt
suratan,suratan
bedebah,bedebah
satukan,satukan
defresi,depresi
skalian,sekalian
3 menit,3 menit
ngajuin,mengajukan
gawajar,ga wajar
thankyu,thank you
ngechat,nge-chat
1 tahun,1 tahun
cubical,cubicle
komplek,kompleks
kelamin,kelamin
imbalan,imbalan
ikutkan,ikutkan
ilalang,ilalang
waiting,waiting
wajahku,wajahku
sayangi,sayangi
becomes,becomes
doang-_,doang
gabetah,tidak betah
bedakan,bedakan
sberapa,seberapa
brhdapn,berhadapan
marahin,memarahi
rasanýa,rasanya
ngetrol,nge-troll
surfing,surfing
dekatan,dekatan
dekatku,dekatku
dekatmu,dekatmu
delapan,delapan
delayed,delayed
pelawak,pelawak
sayacwo,saya cowok
2 bulan,2 bulan
mgentot,mengentot
trutama,terutama
klakuan,kelakuan
apa.yah,apa. yah
semangt,semangat
tau-tau,tahu-tahu
comfort,comfort
company,company
compare,compare
compete,compete
nyatain,nyatain
lahuful,lauhul
mubajir,mubazir
didepan,di depan
bebagai,berbagai
.sampai,. sampai
tabsnya,tabs-nya
cutinya,cutinya
sketika,seketika
daripda,daripada
ilichil,ilichil
illegal,illegal
illness,illness
ilmunya,ilmunya
pelayan,pelayan
cleanse,cleanse
clearly,clearly
pelacur,pelacur
pelajar,pelajar
centeri,center
solehah,salehah
2stahun,2 tahun
resepin,resepkan
cri-cri,cari-cari
nutupin,menutupi
pmbnhan,pembenahan
bedanya,bedanya
kekasih,kekasih
sembako,sembako
sembari,sembari
bacotan,bacotan
bacotin,bacotin
sawarna,sawarna
sedihmu,sedihmu
sedikit,sedikit
sedotan,sedotan
awokwok,<noise>
gensale,<noise>
ktriger,ketrigger
nyambat,nyambat
trdekat,terdekat
drytext,dry text
ksukaan,kesukaan
cwo-cwo,cowok-cowok
anjingh,anjing
ngantor,ngantor
ngisiin,mengisikan
ditmbku,ditambahku
gtu-gtu,begitu-begitu
bu.ndir,bu. ndir
di sini,di sini
itungin,hitung
hidupny,hidupnya
dibadan,di badan
tdr.dan,tidur. dan
ngabrik,ngabrik
walupun,walaupun
biayain,biayai
temanya,tema-nya
kakanya,kakaknya
bapakao,bapak kau
abisitu,habis itu
asiknya,asyiknya
gasalah,ga salah
yaalloh,ya Allah
sedulur,sedulur
sedunia,sedunia
seegois,seegois
seeking,seeking
jarinya,jarinya
jariyah,jariyah
rekomen,rekomendasi
sorakin,soraki
2etahun,2 tahun
tweetmu,tweet-mu
kenaapa,kenapa
matahin,mematahkan
defense,defense
deficit,deficit
scabies,scabies
scarlet,scarlet
imbangi,imbangi
kekirim,kekirim
kekuras,kekuras
imunnya,imunnya
improve,improve
impulse,impulse
wallahi,wallahi
lebihin,lebihkan
diujung,di ujung
sapapun,siapa pun
bersiin,bersihkan
ngekang,mengekang
pelakon,pelakon
pelakor,pelakor
ngampus,ngampus
nganjuk,nganjuk
nggatau,enggak tahu
dongkok,jongkok
hadepin,hadapi
dijudge,di-judge
thn-thn,tahun-tahun
pendiem,pendiam
janjian,janjian
jantung,jantung
januari,januari
tkutnya,takutnya
tinglin,tinggalin
ngaplok,ngaplok
nge-art,nge-art
ngambis,ngambis
indomie,indomie
incuing,incuing
indahmu,indahmu
kekejar,kekejar
imagine,imagine
wakakak,wakakak
waktuku,waktuku
walking,walking
include,include
adik2ku,adik-adikku
-minder,minder
mmkirkn,memikirkan
combran,comberan
ibukota,ibu kota
sharian,seharian
kslhnku,kesalahanku
ladahal,padahal
asjshks,<noise>
stumble,stumble
suamiku,suamiku
suaraku,suaraku
panteng,panteng
panting,panting
panutan,panutan
arahnya,arahnya
decided,decided
nge-fan,nge-fan
sebrang,seberang
keselny,kesalnya
ngambek,ngambek
deepest,deepest
default,default
ngapain,ngapain
nge-fly,nge-fly
nge-gym,nge-gym
andalan,andalan
screwed,screwed
bearing,bearing
inazuma,inazuma
incaran,incaran
january,january
wishing,wishing
without,without
papahku,papahku
papanya,papanya
paparan,paparan
papasan,papasan
temenny,temennya
sumpaah,sumpah
dzolimi,dizalimi
ngprank,ngeprank
kejedot,kejedot
science,science
bedrest,bedrest
pelangi,pelangi
arahkan,arahkan
keingat,keingat
indekos,indekos
kejawab,kejawab
kejebak,kejebak
dibawah,di bawah
diorang,mereka
numpang,menumpang
kiraada,kira ada
psangan,pasangan
tutupin,tutupi
nyut2an,nyut-nyutan
7 bulan,7 bulan
quartal,kuartal
tanyain,tanyakan
cwekada,cewek ada
jeongwo,jeongwoo
kejeduk,kejeduk
kejepit,kejepit
kejutan,kejutan
andelin,andelin
support,support
suppose,suppose
anaknya,anaknya
debaran,debaran
pibolar,bipolar
trmksih,terima kasih
girlbos,girlboss
anxieti,anxiety
nge-lab,nge-lab
nge-lag,nge-lag
nge-mod,nge-mod
nge-bub,nge-bub
inherit,inherit
ini-itu,ini-itu
closest,closest
pejabat,pejabat
mastiin,memastikan
menbuat,membuat
urusnya,urus-nya
ingatan,ingatan
inggris,inggris
nggugat,menggugat
sglanya,segalanya
gaberes,tidak beres
playinh,playing
ladenin,ladeni
bebudak,bebudak
because,because
karyaku,karyaku
kasihan,kasihan
angkasa,angkasa
nyadong,nyadong
current,current
curtain,curtain
cut-off,cut-off
witness,witness
ngga.yg,enggak. yang
lapgang,lapangan
disoder,disorder
jaancok,jancuk
10-1ian,10 sampai 11an
infeksi,infeksi
keinjak,keinjak
kejaman,kejaman
insight,insight
direply,di-reply
kabulin,kabulkan
anak.eh,anak. eh
ngblang,nge-blank
emosine,emosinya
ngepost,nge-post
dianter,diantar
mandang,memandang
ketrima,keterima
.ibunya,. ibunya
induced,induced
scorpio,scorpio
se-asia,se-asia
se-gerd,se-gerd
se-gong,se-gong
anchors,anchors
ancurin,ancurin
berobah,berubah
ijijkan,izinkan
stepnya,step-nya
wkakaka,wkakaka
karunia,karunia
digroup,di grup
anak2ku,anak-anakku
ngarasa,merasa
deadass,deadass
kehapus,kehapus
inginku,inginku
ingusan,ingusan
inhaler,inhaler
insiden,insiden
trtarik,tertarik
kesanya,kesannya
nya.aku,nya. aku
sebenar,sebenarnya
gaaktif,ga aktif
infokan,infokan
infonya,infonya
menurus,menurut
maapkan,maafkan
literli,literally
ngulang,mengulang
pejamin,pejamin
pejuang,pejuang
pekanya,pekanya
pekerja,pekerja
classes,classes
materil,materiil
malu2in,memalukan
tipekal,tipikal
perhari,per hari
kibasin,kibaskan
jaminan,jaminan
karaoke,karaoke
karatan,karatan
jangkau,jangkau
nunggak,nunggak
curangi,curangi
kerigat,keringat
eladela,<noise>
anjwing,anjing
prktaan,perkataan
numbess,numbness
smangat,semangat
tsb.krn,tersebut. karena
mksimal,maksimal
dafuwqk,dafuq
ngefans,nge-fans
trcapai,tercapai
udahmah,udah mah
kasusku,kasusku
katakan,katakan
nothing,nothing
sounded,sounded
nutrisi,nutrisi
inisial,inisial
intinya,intinya
bahasan,bahasan
semampu,semampu
deprisi,depresi
semasih,semasih
bagikan,bagikan
injeong,injeong
inklusi,inklusi
kehalau,kehalau
daudnya,daudnya
dealing,dealing
dearest,dearest
nyut.an,nyut-nyutan
backlis,blacklist
anxietu,anxiety
benanya,bebannya
wallahu,wallahu
injeksi,injeksi
beatbox,beatbox
selimut,selimut
selisih,selisih
bebanin,bebanin
daratan,daratan
day-day,day-day
instead,instead
intuisi,intuisi
invalid,invalid
kedutan,kedutan
install,install
instant,instant
axienty,anxiety
jantunv,jantung
bencon5,bencong
seadany,seadanya
gakenal,tidak kenal
ditmpat,di tempat
diiusia,di usia
nangisa,menangis
ngeblur,ngeblur
darling,darling
darurat,darurat
anehnya,anehnya
pegangi,pegangi
climate,climate
pecinta,pecinta
datanya,datanya
nyablak,nyablak
nyacati,nyacati
suasana,suasana
baiklah,baiklah
baiknya,baiknya
adaborg,ada beberapa orang
anjir-_,anjir
spannya,span-nya
disambi,diselingi
rasanny,rasanya
ngatain,mengatai
seliter,seliter
selsema,selsema
barrier,barrier
janggal,janggal
ngisini,mengisi
sbnrnya,sebenarnya
kampuss,kampus
kokliat,kok lihat
gafokus,ga fokus
tekabul,terkabul
ngawang,mengawang
ngobati,mengobati
kipinya,pipinya
2o21-an,2021-an
ngatäsi,mengatasi
bikinin,bikinkan
sungkan,sungkan
sungkem,sungkem
andrian,andrian
android,android
pedihmu,pedihmu
approve,approve
seasons,seasons
seating,seating
se-grup,se-grup
se-zhen,se-zhen
somplak,somplak
pdkt-in,pdkt-in
ngemper,ngemper
storyku,story-ku
ngebuat,membuat
loveyou,love you
blognya,blog nya
kmsakit,kamu sakit
inovasi,inovasi
kegocek,kegocek
nge-war,nge-war
dangdut,dangdut
dangkal,dangkal
sungjin,sungjin
mlewati,melewati
cafioca,tapioca
barulah,barulah
barunya,barunya
ngbleng,nge-blank
kaassus,kasus
mingdep,minggu depan
aja.btw,aja. btw
jam-jam,jam-jam
jamaika,jamaika
comment,comment
paperku,paperku
angking,angking
nowhere,nowhere
czennie,czennie
someday,someday
somehow,somehow
someone,someone
sukamau,suka mau
dkungan,dukungan
tenyata,ternyata
nerakka,neraka
njauhin,menjauhi
khursus,kursus
ngentot,ngentot
darinya,darinya
warming,warming
keempat,keempat
seabrek,seabrek
seakrab,seakrab
seaktif,seaktif
intense,intense
solving,solving
sombong,sombong
ngurung,mengurung
stastus,status
ngrokok,merokok
barusan,barusan
sederas,sederas
sederet,sederet
sedetik,sedetik
bastard,bastard
bastian,bastian
kasurku,kasurku
hibahin,hibahkan
kesiapa,ke siapa
cashles,cashless
kenjaku,Kenjaku
ngomong,berbicara
diburuk,diburuk-burukkan
dua2nya,dua-duanya
keeping,keeping
.selama,. selama
persatu,per satu
cuapeek,capek
utebeka,utbk
mengtes,mengetes
dishare,di-share
nyiapin,menyiapkan
langung,langsung
tman2ku,teman-temanku
ngoment,mengomentari
danusan,danusan
ngemong,ngemong
bismila,bismillah
netijen,netizen
kbaikan,kebaikan
ehehehe,hehehe
misalkn,misalkan
peakest,peakest
bayaran,bayaran
bayinya,bayinya
bbokari,bbokari
sebadan,sebadan
sebagai,sebagai
sebagus,sebagus
sebalik,sebalik
kedekut,kedekut
tentram,tenteram
-ochtaf,ochtaf
hidupnw,hidupnya
debutin,debutkan
wanting,wanting
warasku,warasku
iritasi,iritasi
ngereog,ngereog
ngepush,nge-push
pepasal,perpasal
diomong,diomongkan
menhina,menghina
ogah2an,ogah-ogahan
klyengn,keliyengan
penykit,penyakit
hianati,khianati
songong,songong
sononya,sononya
kecilku,kecilku
jobdesk,jobdesc
partial,partial
partner,partner
kecilmu,kecilmu
was-was,was-was
waspada,waspada
wasting,wasting
warning,warning
warrior,warrior
ngelamu,melamun
nomorku,nomor-ku
bàngsàd,bangsat
takutny,takutnya
kedelai,kedelai
warisan,warisan
pecahan,pecahan
pecahin,pecahin
mungkim,mungkin
sebarin,sebarkan
arghhgh,argh
mengada,mengada-ada
pecandu,pecandu
closure,closure
clothes,clothes
tmnsuka,temen suka
lalukan,lakukan
slipkol,sleep call
jelekan,jelekkan
kondgan,kondangan
barista,barista
secinta,secinta
seconds,seconds
wilayah,wilayah
paralel,paralel
notulen,notulen
selutut,selutut
sem-sem,sem-sem
semacam,semacam
semager,semager
semahal,semahal
semakin,semakin
semalam,semalam
brjuang,berjuang
lacroix,LaCroix
kecuali,kecuali
kedebit,kedebit
prsulit,persulit
mcm-mcm,macam-macam
keluarg,keluarga
pautkan,pautkan
payungi,payungi
summary,summary
sebebas,sebebas
seluruh,seluruh
malesan,malasan
dicatet,dicatat
nmbahin,nambahin
subuhan,subuhan
depesri,depresi
mojokin,memojokkan
privasy,privasi
bedebar,berdebar
ngebuly,nge-bully
ngedown,nge-down
colokan,colokan
succeed,succeed
success,success
parasit,parasit
katalis,katalis
katalog,katalog
katanya,katanya
gabalas,ga balas
planing,planning
chatweh,chat weh
mgapain,ngapain
geteran,getaran
diorong,didorong
pgi-pgi,pagi-pagi
ganulis,tidak menulis
danamon,danamon
dananya,dananya
isolasi,isolasi
kecapai,kecapai
kecatat,kecatat
ironing,ironing
istriku,istriku
sumpahi,sumpahi
sunburn,sunburn
sungguh,sungguh
grogoti,gerogoti
turunin,turunkan
mngeluh,mengeluh
atleast,at least
gapaapa,tidak apa-apa
triplek,tripleks
5 tahun,5 tahun
buangsu,bungsu
bagusan,bagusan
bagusin,bagusin
bahagia,bahagia
kecetit,kecetit
watados,watados
wattpad,wattpad
wawasan,wawasan
ngebela,membela
prasaan,perasaan
ngerasa,merasa
gaboleh,tidak boleh
disclmr,disclaimer
hawatir,khawatir
didapur,di dapur
ke mana,ke mana
islamic,islamic
bawanya,bawanya
bawelin,bawelin
bawling,bawling
sebatas,sebatas
isyarat,isyarat
kecabik,kecabik
hariini,hari ini
krjanya,kerjanya
ngungsi,mengungsi
bankrut,bangkrut
masalag,masalah
nangiss,menangis
-slight,slight
mood2an,mood-moodan
pndapat,pendapat
trus2an,terus-terusan
ngondek,ngondek
ngonser,ngonser
ngonten,ngonten
batunya,batunya
bau-bau,bau-bau
bawahan,bawahan
anxenty,anxiety
ampakan,tampakkan
jajanan,jajanan
jajaran,jajaran
wikihow,wikihow
pasaran,pasaran
parents,parents
pariban,pariban
parnoan,parnoan
bawakan,bawakan
secured,secured
sedalam,sedalam
sedarah,sedarah
sedekat,sedekat
mukanye,mukanya
ngubrak,ngubrak
ngumbar,ngumbar
ditahun,di tahun
jelasin,jelaskan
ikut2an,ikut-ikutan
iskemik,iskemik
pnyakit,penyakit
semagat,semangat
ngeplan,nge-plan
niatnya,niatnya
ngompol,ngompol
kebonan,kebonan
kirimin,kirimkan
jobfair,job fair
jarangh,jarang
cocokan,cocokan
patreon,patreon
patrick,patrick
bund.ir,bund. ir
ngeluuh,mengeluh
apa2nya,apa-apanya
ngetwit,nge-tweet
normies,normies
cutting,cutting
daesang,daesang
nongcol,nongcol
kasihmu,kasihmu
pattern,pattern
pastiin,pastiin
pasukan,pasukan
pasutri,pasutri
iklanin,iklankan
23 hari,23 hari
persaan,perasaan
outloud,out loud
kuwalat,kualat
diprint,di-print
umpetin,sembunyikan
wedding,wedding
weekday,weekday
weekend,weekend
itu-itu,itu-itu
kebolak,kebolak
ke-trap,ke-trap
keadaan,keadaan
collect,collect
nyambut,menyambut
bungung,bingung
bahahia,bahagia
2 tahun,2 tahun
ngurusi,ngurusi
niatkan,niatkan
nilaiku,nilaiku
dahinya,dahinya
dingiin,dingin
berhnti,berhenti
jasa2mu,jasa-jasamu
kelevel,ke level
patroli,patroli
itaewon,itaewon
webinar,webinar
diagnos,diagnosis
college,college
nonstop,nonstop
sugesti,sugesti
parunya,parunya
pas-pas,pas-pas
jambret,jambret
kyaknya,kayaknya
bpk-bpk,bapak-bapak
jalanni,jalani
pretasi,prestasi
brusaha,berusaha
seburuk,seburuk
jalanku,jalanku
gelisag,gelisah
kebuang,kebuang
istilah,istilah
iya-iya,iya-iya
ngumpat,ngumpat
bolehin,bolehkan
obat2an,obat-obatan
suapaya,supaya
merubah,mengubah
jatohin,jatuhkan
nidurin,nidurin
pat-pat,pat-pat
patahin,patahin
weishin,weishin
welcome,welcome
wembley,wembley
ngesave,nge-save
gantiin,gantikan
smbunyi,sembunyi
gabener,tidak benar
ditakut,ditakuti
diampun,diampuni
kawalan,kawalan
kàmbuh,kàmbuh
willing,willing
"1,2,3,4","1,2,3,4"
whether,whether
kelarin,selesaikan
ditotal,di total
anxeity,anxiety
semenja,semenjak
malakat,malaikat
nntnnya,menontonnya
clásico,clásico
ngincer,mengincar
yh.saya,yah. saya
.hingga,. hingga
sebenci,sebenci
seberat,seberat
batinku,batinku
battery,battery
jabanin,jabanin
jabatan,jabatan
jackson,jackson
kebelet,kebelet
coaster,coaster
cokelat,cokelat
mahkluk,makhluk
sebodoh,sebodoh
anginan,anginan
namenya,namanya
gerakin,gerakkan
mama.ko,mama. kok
gti-gti,ganti-ganti
lagi.tp,lagi. tapi
mpinnya,pemimpinnya
website,website
webtoon,webtoon
sebulan,sebulan
sebelah,sebelah
sebelas,sebelas
sebelum,sebelum
libatin,libatkan
bernfas,bernafas
tipenya,tipe-nya
nowdays,nowadays
jancuok,jancuk
meledag,meledak
listnya,list-nya
dibuild,di-build
tadituh,tadi tuh
trs.apa,terus. apa
kedunia,ke dunia
sekrang,sekarang
kalopun,kalaupun
suaraeh,suaranya
ngegame,nge-game
sminggu,seminggu
bangeet,banget
sebesar,sebesar
dirubah,diubah
mslhnya,masalahnya
ngilang,menghilang
suicide,suicide
nominal,nominal
nomplok,nomplok
dadakan,dadakan
dadanya,dadanya
pasokan,pasokan
igstory,ig story
seribed,seribet
kekamar,ke kamar
bapakau,bapak kau
nilepin,nilepin
nimbang,nimbang
warnain,warnai
brtanya,bertanya
hapalan,hafalan
jaehyun,jaehyun
western,western
weverse,weverse
kebantu,kebantu
kebayar,kebayar
kebelah,kebelah
izinkan,izinkan
izinnya,izinnya
kebakar,kebakar
salehah,saleha
makasih,terima kasih
nyanyik,nyanyi
ngos2an,ngos-ngosan
emejing,amazing
batesin,batesin
batihku,batihku
syndrom,sindrom
knytaan,kenyataan
aqhidup,aq hidup
naikdan,naik dan
bnr-bnr,benar-benar
trjebak,terjebak
hatipun,hati pun
diskira,dikira
18 hari,18 hari
mudatua,muda tua
seseorg,seseorang
lawfirm,law firm
buminya,bumi nya
7 years,7 years
jagonya,jagonya
jahitan,jahitan
jakarta,jakarta
jalanan,jalanan
kebalik,kebalik
jadikan,jadikan
cokiber,cokiber
passing,passing
passion,passion
passive,passive
dahsyat,dahsyat
secreto,secreto
section,section
batasan,batasan
batasin,batasin
baterai,baterai
dmn-dmn,di mana-mana
cwk-cwk,cowok-cowok
ngunyah,mengunyah
ninggal,meninggal
inceran,incaran
hdupnya,hidupnya
ningkat,ningkat
ninjaku,ninjaku
kabjagi,갑자기
hivaids,hiv aids
tukeran,tukaran
gapunya,tidak punya
ngebuka,membuka
beberpa,beberapa
sukarno,sukarno
pastian,pastian
nitipin,nitipin
sukanya,sukanya
ngambil,mengambil
ortubpk,ortu bapak
lucunye,lucunya
keambil,keambil
sebutan,sebutan
sebutir,sebutir
begeter,gemetar
jajanin,jajankan
ngejaga,menjaga
siapaun,siapapun
careles,careless
mauihat,mau lihat
gamasuk,tidak masuk
diseran,diserang
ngedrum,nge-drum
bgemana,bagaimana
k.mandi,kamar mandi
behenti,berhenti
kringet,keringat
spinoff,spin-off
jadilah,jadilah
mideran,minderan
gdeg2an,deg-degan
kjadian,kejadian
ilangan,hilangan
tiganya,tiga-nya
niscala,niscala
nikmati,nikmati
nikolai,nikolai
nikotin,nikotin
-mental,-mental
-merasa,-merasa
zealand,zealand
zepetto,zepetto
zheming,zheming
ngblsin,membalas
semtara,sementara
shoping,shopping
ngikuti,mengikuti
-selalu,selalu
keinjek,keinjak
secapai,secapek
secapek,secapai
secepat,secepat
seceria,seceria
smskali,sama sekali
ganteng,ganteng
bosenan,bosanan
nyangka,menyangka
nikahan,pernikahan
spinjam,shopee pinjam
jadinya,jadinya
seleksi,seleksi
selelah,selelah
selemah,selemah
selepas,selepas
bajigur,bajigur
bajilak,bajilak
bajunya,bajunya
balance,balance
balapan,balapan
balasan,balasan
lemesan,lemasan
selebay,selebay
seledri,seledri
membaca,membaca
membagi,membagi
gedebag,gedebag
gedebug,gedebug
gaulnya,gaulnya
membaik,membaik
garbage,garbage
garcons,garcons
ada-ada,ada-ada
terkini,terkini
terkira,terkira
terlalu,terlalu
achieve,achieve
terkait,terkait
selesai,selesai
acuhnya,acuhnya
terlama,terlama
asongan,asongan
shaming,shaming
sharing,sharing
shedtwt,shedtwt
shenmei,shenmei
sherina,sherina
achyana,achyana
membabi,membabi
bohongi,bohongi
potensi,potensi
ngejerk,nge-jerk
palu.aq,palu. aku
gamgeng,<noise>
cendace,candace
nggamau,enggak mau
harusny,harusnya
org2nya,orang-orangnya
ngehate,nge-hate
maxence,Maxence
adeknya,adiknya
mmbuatq,membuatku
holahop,hula hoop
diancem,diancam
dskitar,di sekitar
astagar,astaga
akunnku,akun ku
gantian,gantian
addadhd,addadhd
gandeng,gandeng
garukin,garukin
gebukin,gebukin
gebetan,gebetan
memasak,memasak
gayanya,gayanya
acqeela,acqeela
actions,actions
account,account
membatu,membatu
membaur,membaur
membawa,membawa
gamonan,gamonan
gamonin,gamonin
gampang,gampang
wordnya,word-nya
gantung,gantung
terkena,terkena
membela,membela
membeli,membeli
bonding,bonding
bokuaka,bokuaka
posting,posting
gallery,gallery
gambang,gambang
memakai,memakai
memakan,memakan
gegabah,gegabah
gemetar,gemetar
gejedag,gejedag
gni-gni,begini-begini
pouring,pouring
gelisah,gelisah
memadai,memadai
gagasan,gagasan
gamenya,gamenya
gajinya,gajinya
membisu,membisu
dikasur,di kasur
stengah,setengah
akherat,akhirat
kenalin,kenalkan
pedhala,padahal
nangani,menangani
mikirin,memikirkan
eskimik,iskemik
memberi,memberi
galakin,galakin
ahirnya,akhirnya
nyalain,menyalakan
kliatan,kelihatan
lngsung,langsung
kiyowok,kiyowo
shering,sharing
gejedug,gejedug
gejolak,gejolak
pramuka,pramuka
memaksa,memaksa
pratiwi,pratiwi
prayers,prayers
praying,praying
precise,precise
prabowo,prabowo
praktik,praktik
galanya,galanya
shibbal,shibbal
shifted,shifted
gap-nya,gap-nya
gendong,gendong
meluber,meluber
meludah,meludah
melukai,melukai
melukis,melukis
meliput,meliput
melirik,melirik
melotot,melotot
shining,shining
shitene,shitene
positif,positif
gagalin,gagalin
gembira,gembira
gembrot,gembrot
gemukan,gemukan
gendang,gendang
bombing,bombing
bonafit,bonafit
jalanya,jalannya
ketelen,ketelan
uneknya,unek-uneknya
ditnyai,ditanyai
gitudeh,gitu deh
mati2an,mati-matian
bgt.lbh,bgt. lbh
mbakmas,mbak mas
simtoms,symptoms
gilirsn,giliran
general,general
meleyot,meleyot
melihat,melihat
melilit,melilit
melipat,melipat
berenti,berhenti
membuat,membuat
membuka,membuka
adhd-an,adhd-an
prancis,prancis
melemas,melemas
genetik,genetik
genggam,genggam
genshin,genshin
melepas,melepas
melting,melting
atasinx,atasinya
dibulan,di bulan
ngntrak,ngontrak
gaharus,ga harus
viralin,viralkan
bonceng,bonceng
bondage,bondage
booking,booking
gendeng,gendeng
teriksa,teriksa
terimut,terimut
aslinya,aslinya
premium,premium
prepare,prepare
bnding2,bnding2
bodohin,bodohin
melawak,melawak
melawan,melawan
terjual,terjual
genting,genting
melesbi,melesbi
meleset,meleset
meletus,meletus
genuine,genuine
geraham,geraham
melayat,melayat
meledak,meledak
meledek,meledek
melejit,melejit
abu-abu,abu-abu
aburdan,aburdan
becanda,bercanda
gerimis,gerimis
gerobak,gerobak
melapor,melapor
melarat,melarat
melatih,melatih
teriris,teriris
terjadi,terjadi
terjaga,terjaga
address,address
fullest,fullest
memeluk,memeluk
nangkep,menangkap
maulana,Maulana
mna-mna,mana-mana
insomia,insomnia
melipir,melipir
asi-nya,asi-nya
popular,popular
memihak,memihak
memijat,memijat
memilih,memilih
meminta,meminta
tepatin,tepati
oshinya,oshi-nya
menjada,menjanda
sedihka,sedih kah
ptusnya,putusnya
abusive,abusive
gesekan,gesekan
melekat,melekat
terikat,terikat
melemah,melemah
belibet,rumit
khdupan,kehidupan
emosiko,emosiku
nyariin,mencari
4 menit,4 menit
nyikapi,menyikapi
further,further
posesif,posesif
shocked,shocked
genteng,genteng
blowing,blowing
blunder,blunder
ask-nya,ask-nya
terluka,terluka
terlupa,terlupa
abstrak,abstrak
fucking,fucking
meleleh,meleleh
melamar,melamar
meeting,meeting
getaran,getaran
getaway,getaway
getting,getting
melamun,melamun
melanda,melanda
gerakan,gerakan
gerbong,gerbong
ternama,ternama
terobos,terobos
bongkar,bongkar
buanyak,banyak
mgerasa,merasa
blorong,blorong
memohon,memohon
preview,preview
pribadi,pribadi
blessed,blessed
present,present
blooded,blooded
ability,ability
ableist,ableist
ghosted,ghosted
mekanik,mekanik
melalui,melalui
prinsip,prinsip
filenya,file-nya
fuckass,fuckass
fuckers,fuckers
frontal,frontal
forward,forward
fotonya,fotonya
aku.aku,aku. aku
fawking,fucking
gitukek,gitu kek
nafasku,napasku
keserep,keserap
wkkwkwk,wkwkwk
nomerku,nomor-ku
needsku,needs-ku
nampung,menampung
sebelom,sebelum
politik,politik
friends,friends
frieren,frieren
adhdbab,adhd bab
gelamun,melamun
tmn-tmn,teman-teman
printer,printer
privacy,privacy
privasi,privasi
populer,populer
teroris,teroris
terpacu,terpacu
terpana,terpana
abaikan,abaikan
abangan,abangan
fragile,fragile
freaked,freaked
freakin,freakin
frimmel,frimmel
adriano,adriano
terhina,terhina
teriaki,teriaki
meminum,meminum
aba-aba,aba-aba
gilanya,gilanya
medical,medical
abangku,abangku
abdomen,abdomen
blockin,blockin
primary,primary
adiknya,adiknya
pooping,pooping
asisten,asisten
shotaro,shotaro
showbiz,showbiz
pretend,pretend
sextape,sextape
shabbie,shabbie
shaking,shaking
blocked,blocked
me-like,me-like
meaning,meaning
giggled,giggled
giggles,giggles
giginya,giginya
forgive,forgive
formula,formula
follows,follows
tagsnya,tags-nya
breaksi,bereaksi
mujukin,membujuk
blaming,blaming
mbaknya,mbaknya
mbrebes,mbrebes
mbti-ku,mbti-ku
blanked,blanked
drspect,respect
ngespes,nge-space
negliat,melihat
ati-ati,hati-hati
gebatin,makan batin
kristen,Kristen
ketahap,ke tahap
fokusin,fokuskan
pole-ku,pole-ku
forcing,forcing
forever,forever
tolakga,tolak ga
ngapajn,ngapain
ngadain,mengadakan
downfal,downfall
dapetin,dapatkan
freedom,freedom
advance,advance
tergesa,tergesa
gigitan,gigitan
mau-mau,mau-mau
blereng,blereng
bla-bla,bla-bla
process,process
prodigy,prodigy
private,private
problem,problem
memulai,memulai
memulih,memulih
foolish,foolish
fokusan,fokusan
fokusku,fokusku
booming,booming
boongin,boongin
booster,booster
mautnya,mautnya
tersedu,tersedu
matikan,matikan
matinya,matinya
enxiety,anxiety
gmn-gmn,bagaimana-bagaimana
bobonya,bobo nya
sakitin,sakiti
memupuk,memupuk
memutar,memutar
memutus,memutus
menaati,menaati
flyover,flyover
asshole,asshole
setujui,setujui
setulus,setulus
seventh,seventh
sewaktu,sewaktu
memudar,memudar
napelah,kenapa lah
blanket,blanket
admirer,admirer
adopted,adopted
blender,blender
menanam,menanam
finding,finding
massive,massive
masters,masters
kostnya,kosnya
diavoid,dihindari
ternyat,ternyata
stanbay,standby
miliyar,miliar
nendang,menendang
adittya,aditya
boreout,boreout
podcast,podcast
flights,flights
terharu,terharu
flowers,flowers
jatuhin,jatuhkan
ngeship,nge-ship
ngekost,ngekos
hadapin,hadapi
menagih,menagih
menahan,menahan
menahun,menahun
memukul,memukul
fitness,fitness
flexing,flexing
poinnya,poinnya
pointed,pointed
pojokin,pojokin
polanya,polanya
showing,showing
shuffle,shuffle
bisakah,bisakah
flopped,flopped
product,product
profesi,profesi
profile,profile
bisukan,bisukan
bisulan,bisulan
bitches,bitches
giliran,giliran
gimmick,gimmick
ginikan,ginikan
gininya,gininya
masking,masking
mas-mas,mas-mas
abaykan,abaikan
nghapus,menghapus
fingers,fingers
finnish,finnish
firasat,firasat
ndabisa,gak bisa
ngelead,nge-lead
ngabtuk,mengantuk
dibikin,dibuat
krmunan,kerumunan
dibilng,dibilang
diamana,di mana
nggarap,menggarap
shethey,she they
akal2an,akal-akalan
56 hari,56 hari
matanya,matanya
masukan,masukan
antrian,antrean
betulko,betul kok
.akibat,. akibat
glimpse,glimpse
terseok,terseok
tersier,tersier
menalar,menalar
Kristen,Kristen
Kwitang,Kwitang
LaCroix,LaCroix
Mahfudz,Mahfudz
Maltese,Maltese
promise,promise
affects,affects
terdiam,terdiam
terduga,terduga
menanti,menanti
menantu,menantu
menanya,menanya
bisanya,bisanya
flaring,flaring
gliyeng,gliyeng
glowing,glowing
masakan,masakan
masalah,masalah
masanya,masanya
sia-sia,sia-sia
sialnya,sialnya
siapkah,siapkah
siapkan,siapkan
sibukin,sibukin
aselole,aselole
asereje,asereje
finally,finally
finance,finance
Kenjaku,Kenjaku
married,married
Mampang,Mampang
Mandira,Mandira
Mariana,Mariana
Maulana,Maulana
Maxence,Maxence
tersipu,tersipu
tersisa,tersisa
tersita,tersita
menaruh,menaruh
menatap,menatap
menawar,menawar
flannel,flannel
promote,promote
bioskop,bioskop
bipolar,bipolar
bizarre,bizarre
program,program
progres,progres
project,project
asertif,asertif
asesmen,asesmen
pleaser,pleaser
plislah,plislah
bottled,bottled
kaadang,kadang
ngeplay,nge-play
psiseks,psikis
marinir,marinir
fiction,fiction
feminis,feminis
fighter,fighter
figuran,figuran
sbagaoi,sebagai
masukin,masukkan
aslidah,asli dah
imsonia,insomnia
ramdhan,ramadan
aja.aku,aja. aku
butuhkn,butuhkan
twitnya,twit-nya
mencari,mencari
against,against
agaknya,agaknya
mnerima,menerima
akhirin,akhiri
jdgsgsg,<noise>
cintaik,cintai
judulny,judulnya
plantar,plantar
plastic,plastic
plastik,plastik
menarik,menarik
protect,protect
protein,protein
bisikan,bisikan
promosi,promosi
marahmu,marahmu
maraton,maraton
marilah,marilah
mencoba,mencoba
mencret,mencret
filmnya,filmnya
goddamn,goddamn
manusia,manusia
map-nya,map-nya
manismu,manismu
manjamu,manjamu
mansion,mansion
feeling,feeling
feelnya,feelnya
terburu,terburu
tercari,tercari
terbuka,terbuka
agresif,agresif
brpikir,berpikir
assault,assault
ferrari,ferrari
mencium,mencium
fearful,fearful
msa-msa,masa-masa
sepelin,sepelein
msalalu,masa lalu
acarany,acaranya
mootiez,mooties
punggug,punggung
fishbal,fishball
keinget,keingat
seengga,setidaknya
kcapean,kecapean
labelin,labeli
mencaci,mencaci
manekin,manekin
manfaat,manfaat
mangkir,mangkir
deketan,dekatan
ags-sep,ags-sep
agustus,agustus
mencuri,mencuri
prospek,prospek
ferguso,ferguso
setlist,setlist
setolol,setolol
setoran,setoran
setrika,setrika
setrong,setrong
setting,setting
assalam,assalam
Katniss,Katniss
Katsuya,Katsuya
disuatu,di suatu
feature,feature
fatigue,fatigue
fatihah,fatihah
mencuci,mencuci
favorit,favorit
ailment,ailment
terbuai,terbuai
playboy,playboy
playing,playing
tertawa,tertawa
gonzaga,gonzaga
goodbye,goodbye
manisku,manisku
kerumah,ke rumah
suamine,suaminya
mangkok,mangkok
playrec,playrec
ashamed,ashamed
mendaki,mendaki
fastest,fastest
mending,mending
fangirl,fangirl
fansnya,fansnya
fantasi,fantasi
airpods,airpods
bingung,bingung
bininya,bininya
bintang,bintang
bintaro,bintaro
Kendari,Kendari
tertata,tertata
mamanya,mamanya
fav-nya,fav-nya
manakah,manakah
mananya,mananya
manapun,manapun
mancung,mancung
mandiri,mandiri
bimbang,bimbang
airport,airport
terbawa,terbawa
ahlinya,ahlinya
ajarkan,ajarkan
terbaik,terbaik
terbang,terbang
gondang,gondang
gongnya,gongnya
gonjiam,gonjiam
mamahku,mamahku
airmata,air mata
tangkep,tangkap
emaknye,emaknya
sekedar,sekadar
tuannya,tuan-nya
menungu,menunggu
baca2in,bacakan
dideket,di dekat
ngintip,mengintip
berejam,berjam-jam
kstroke,ke stroke
tangung,tanggung
ngadepi,menghadapi
trmaksh,terima kasih
kahalan,kalahan
diberau,di Berau
terbata,terbata
aimless,aimless
fasenya,fasenya
sifilis,sifilis
planned,planned
planner,planner
setidak,setidak
setipis,setipis
bigotry,bigotry
billkin,billkin
managed,managed
manager,manager
bosanan,bosanan
signals,signals
manajer,manajer
menekan,menekan
menelan,menelan
farmasi,farmasi
menduda,menduda
menduga,menduga
mendung,mendung
gooning,gooning
goresan,goresan
malasan,malasan
malesin,malesin
menebak,menebak
menebar,menebar
sekaali,sekali
menepuk,menepuk
fanatik,fanatik
fanbase,fanbase
meneguk,meneguk
tertipu,tertipu
tertuju,tertuju
terucap,terucap
terukur,terukur
makjang,makjang
malulah,malulah
malunya,malunya
malahan,malahan
28tahun,28 tahun
taugasi,tahu enggak sih
pskiatr,psikiater
mamakku,mamakku
menerka,menerka
meneror,meneror
menerus,menerus
menetap,menetap
menetas,menetas
puasnya,puasnya
publish,publish
assumed,assumed
menetes,menetes
faksyit,faksyit
extreme,extreme
terapin,terapin
menebus,menebus
menemui,menemui
menentu,menentu
fashion,fashion
makalah,makalah
bph-bph,bph-bph
.sering,. sering
shoolih,shaleh
majunye,majunya
pndrita,penderita
ternyta,ternyata
capenya,capeknya
takreti,tak mengerti
kokkalo,kok kalau
seperlu,seperlunya
tenanng,tenang
malamku,malamku
sikapku,sikapku
faidzin,faidzin
menegur,menegur
dsosmed,di sosmed
trfokus,terfokus
terapis,terapis
terarah,terarah
teratur,teratur
menepis,menepis
terbaca,terbaca
terbagi,terbagi
pisahin,pisahin
makhluk,makhluk
gradasi,gradasi
mainkan,mainkan
maklumi,maklumi
maksiat,maksiat
gosipan,gosipan
gosling,gosling
make-up,make-up
gra-gra,gara-gara
kenchel,<noise>
hubungn,hubungan
gila2an,gila-gilaan
spt-nya,sepertinya
gosting,ghosting
diinget,diingat
pasangn,pasangan
kuncing,kucing
perduli,peduli
blakang,belakang
kecil--,kecil
dtambah,ditambah
melukin,memeluk
lebayan,lebay-an
excites,excites
pinggir,pinggir
pingsan,pingsan
eyegasm,eyegasm
failure,failure
explain,explain
explore,explore
express,express
setelan,setelan
asuhnya,asuhnya
pukimai,pukimai
pukulan,pukulan
puaskan,puaskan
makanan,makanan
makanku,makanku
makanya,makanya
kuat2in,kuat-kuatkan
mageran,mageran
mainnya,mainnya
majalah,majalah
terawat,terawat
majunya,majunya
terurai,terurai
terurus,terurus
terusan,terusan
terusik,terusik
extract,extract
mengaca,mengaca
mengacu,mengacu
meng-rt,meng-rt
mengaji,mengaji
excited,excited
akhirku,akhirku
expired,expired
exactly,exactly
mengaku,mengaku
evening,evening
mengadu,mengadu
existed,existed
mengais,mengais
pipinya,pipinya
siksaan,siksaan
silakan,silakan
setakut,setakut
setegar,setegar
setelah,setelah
crushku,crush ku
sialaan,sialan
magical,magical
machine,machine
pilpres,pilpres
ngantuk,mengantuk
kelurga,keluarga
gajawab,ga jawab
nyongol,nongcol
usahain,usahakan
nguatin,menguatkan
monueyt,monyet
2 years,2 years
seumutr,seumur
ganguan,gangguan
sanking,saking
exclude,exclude
excuses,excuses
mariana,Mariana
dikejer,dikejar
tandain,tandai
silence,silence
akankah,akankah
akarnya,akarnya
majikan,majikan
akhirat,akhirat
eunhyuk,eunhyuk
eunkook,eunkook
estetik,estetik
exhibit,exhibit
simcard,simcard
tesisku,tesisku
testing,testing
maghrib,maghrib
teramat,teramat
eternal,eternal
euforia,euforia
mengapa,mengapa
luthfia,luthfia
biggest,biggest
puluhan,puluhan
pumping,pumping
pikunan,pikunan
pilates,pilates
pilihan,pilihan
tengkuk,tengkuk
tension,tension
ngntrol,mengontrol
ditrima,diterima
gmpuran,gempuran
grandpa,grandpa
granted,granted
graphic,graphic
maafkan,maafkan
maafnya,maafnya
maagnya,maagnya
mabukan,mabukan
brainly,brainly
pianika,pianika
buanget,banget
gaakaan,tidak akan
diwaktu,di waktu
bacause,because
boy-nya,boy-nya
pikirin,pikirin
pikirmu,pikirmu
ataukah,ataukah
ataupun,ataupun
bigbang,bigbang
pukulin,pukuli
ditwist,di-twist
didunia,di dunia
membuli,membully
brtrima,berterima
ya.krna,ya. karena
tentang,tentang
tentara,tentara
pikiran,pikiran
akhiran,akhiran
grammar,grammar
tetesan,tetesan
texting,texting
maf-maf,maaf-maaf
blurnya,blur nya
rapihin,rapikan
piaraan,piaraan
pic-nya,pic-nya
akrabin,akrabin
etalase,etalase
episode,episode
esoknya,esoknya
essence,essence
picture,picture
lullaby,lullaby
setajam,setajam
setajem,setajem
setakat,setakat
atasnya,atasnya
grahadi,grahadi
simenor,simenor
similar,similar
brachio,brachio
asalkan,asalkan
asalnya,asalnya
breathe,breathe
enstars,enstars
akulaku,akulaku
purpose,purpose
punyaku,punyaku
pup-nya,pup-nya
luntang,luntang
lupakan,lupakan
lupanya,lupanya
lukisan,lukisan
english,english
esainya,esainya
mengena,mengena
entitas,entitas
putaran,putaran
purnama,purnama
lulusan,lulusan
lumayan,lumayan
lumugay,lumugay
enjoyed,enjoyed
enjoyer,enjoyer
tendang,tendang
aktivis,aktivis
endterm,endterm
pengang,pegang
dijdiin,dijadikan
simptom,simptom
empunya,empunya
enakkan,enakkan
enaknya,enaknya
encanto,encanto
pushing,pushing
luckily,luckily
lucunya,lucunya
therapy,therapy
luggage,luggage
lukanya,lukanya
bepikir,berpikir
sebuhin,sembuhkan
ngeroko,merokok
akunnya,akunnya
tengkar,tengkar
sesuain,sesuain
sesuatu,sesuatu
sesudah,sesudah
sesulit,sesulit
diruang,di ruang
anjenng,anjing
pndangn,pandangan
lahirin,lahirkan
ngelucu,melucu
tgh-tgh,tengah-tengah
14 hari,14 hari
enemies,enemies
energen,energen
entaran,entaran
simpati,simpati
simpler,simpler
phainon,phainon
breakup,breakup
british,british
pesisir,pesisir
luaskan,luaskan
temukan,temukan
temurun,temurun
enhypen,enhypen
emotion,emotion
empathy,empathy
emosiku,emosiku
endorse,endorse
seseram,seseram
sesesak,sesesak
sesibuk,sesibuk
session,session
kbrshan,kebersihan
dikasfi,dikasih
eledele,<noise>
2 weeks,2 weeks
sesusah,sesusah
setahun,setahun
quaking,quaking
engaged,engaged
pyeonhi,pyeonhi
biarkan,biarkan
biarlah,biarlah
biarpun,biarpun
luapkan,luapkan
luarnya,luarnya
9am-5pm,9am-5pm
sindrom,sindrom
alaikum,alaikum
thought,thought
threads,threads
through,through
loveskz,loveskz
loyalty,loyalty
seseque,seseque
biasaan,biasaan
qrt-nya,qrt-nya
al-fath,al-fath
ekstrem,ekstrem
alamiin,alamiin
temanan,temanan
ditaroh,ditaruh
sbnerny,sebenarnya
sriusan,seriusan
quality,quality
petanda,petanda
petasan,petasan
petname,petname
petugas,petugas
brother,brother
brought,brought
perutku,perutku
pesakit,pesakit
pesanan,pesanan
atribut,atribut
sesedih,sesedih
sesehat,sesehat
emaknya,emaknya
elakkan,elakkan
element,element
racikan,racikan
quarter,quarter
queuing,queuing
quickly,quickly
grupnya,grupnya
thyroid,thyroid
teraphy,therapy
kwhsksj,<noise>
degdega,deg-degan
jelekin,jelekkan
seminit,semenit
jironao,jiro nao
ngetuit,nge-tweet
temanin,temanin
temanku,temanku
temanmu,temanmu
service,service
sesakit,sesakit
longing,longing
lontong,lontong
8 bulan,8 bulan
4 hours,4 hours
lovable,lovable
eksplor,eksplor
alganax,alganax
tempest,tempest
telusur,telusur
pesawat,pesawat
pesenin,pesenin
pesimis,pesimis
briefly,briefly
growing,growing
smenjak,semenjak
nyajiin,menyajikan
ggiirrl,girl
disinih,di sini
singgah,singgah
singing,singing
singkat,singkat
tempati,tempati
sinting,sinting
edukasi,edukasi
edwards,edwards
efeknya,efeknya
efektif,efektif
effects,effects
raganya,raganya
serunya,serunya
looking,looking
economy,economy
ekonomi,ekonomi
telling,telling
efisien,efisien
telatan,telatan
telaten,telaten
teledor,teledor
telepon,telepon
telinga,telinga
alcohol,alcohol
raising,raising
raditya,raditya
rafayel,rafayel
tiduran,tiduran
tidurku,tidurku
editing,editing
edition,edition
buatnya,buatnya
pertama,pertama
butuhka,butuhkah
sangkin,saking
-obsesi,obsesi
wlaupun,walaupun
okaylah,okay lah
hidupin,hidupkan
mlhtnya,melihatnya
shortvt,short vt
nyakiti,menyakiti
tba-tba,tiba-tiba
meranto,merantau
kamarin,kemarin
sprtiku,sepertiku
lastday,last day
dhadapi,dihadapi
abistiu,habis itu
loading,loading
bruxism,bruxism
perusak,perusak
sinkron,sinkron
buatkan,buatkan
mengira,mengira
mengisi,mengisi
ramadan,ramadan
between,between
rahasia,rahasia
rahimku,rahimku
locknut,locknut
telapak,telapak
alhasil,alhasil
persona,persona
persons,persons
artikan,artikan
aktifin,aktifkan
sdngkan,sedangkan
temenku,temanku
semnjak,semenjak
ngelove,nge-love
7months,7 months
huehehe,<noise>
hapusin,hapus
harepin,harapkan
spillan,spill-an
solusia,solusinya
timbang,timbang
litbase,litbase
literal,literal
tegasin,tegasin
surveyx,survey
bubspre,bubspre
bucinin,bucinin
earlier,earlier
efforts,efforts
duniaku,duniaku
tekotok,tekotok
tekstur,tekstur
guiding,guiding
liurnya,liurnya
serumah,serumah
serumit,serumit
nokrong,nongkrong
fikirin,pikirin
idupnya,hidupnya
bjirrah,<noise>
artikel,artikel
artinya,artinya
artwork,artwork
bromide,bromide
dulurku,dulurku
teganya,teganya
rancang,rancang
attacks,attacks
attempt,attempt
serious,serious
seriusi,seriusi
serpong,serpong
tekanan,tekanan
earbuds,earbuds
dynamic,dynamic
menguar,menguar
menguji,menguji
duitnya,duitnya
duniamu,duniamu
duniawi,duniawi
durhaka,durhaka
ramalan,ramalan
listrik,listrik
lingkup,lingkup
guessed,guessed
budiman,budiman
bubaran,bubaran
nghibur,menghibur
gugupan,gugupan
timenya,timenya
rangkap,rangkap
rangkum,rangkum
ranjang,ranjang
ranking,ranking
duchess,duchess
dumbass,dumbass
dumping,dumping
dropped,dropped
.kadang,. kadang
crasany,kerasa nya
makasar,Makassar
umatnya,umat-nya
jahatin,jahati
teguran,teguran
itsokay,its okay
mama-ku,mamaku
kekgitu,kayak gitu
brsikap,bersikap
brakhir,berakhir
temenan,temanan
masarin,memasarkan
papahny,papahnya
kalaian,kalian
ramenya,ramainya
bubarin,bubarin
bulanan,bulanan
builder,builder
dulunya,dulunya
limited,limited
line-up,line-up
drummer,drummer
aljabar,aljabar
alkohol,alkohol
menguap,menguap
bukakan,bukakan
bullied,bullied
bullies,bullies
bullyan,bullyan
tipikal,tipikal
tipikor,tipikor
sereman,sereman
seribet,seribet
attract,attract
gunakan,gunakan
gunanya,gunanya
lillahi,lillahi
alihkan,alihkan
bukanya,bukanya
bukunya,bukunya
rapikan,rapikan
rasakan,rasakan
likunya,likunya
tinggal,tinggal
tingkah,tingkah
tingkat,tingkat
tiniest,tiniest
perluin,perluin
drastis,drastis
apalahi,apalagi
ngemeng,ngomong
bangsad,bangsat
kgiatan,kegiatan
lifting,lifting
lihatan,lihatan
liburan,liburan
rasanya,rasanya
rasisme,rasisme
ratanya,ratanya
epeknya,efeknya
ngantri,mengantre
pompuan,perempuan
amanbgt,aman bgt
cemilan,camilan
gapaham,tidak paham
perogol,perogol
perokok,perokok
dreamer,dreamer
dukanya,dukanya
inpdhal,ini padahal
gabiasa,tidak biasa
kekrsan,kekerasan
ngejoki,nge-joki
kabarin,kabari
ank-ank,anak-anak
drawing,drawing
menilai,menilai
menimba,menimba
teenage,teenage
dua-dua,dua-dua
menikah,menikah
menikam,menikam
permisi,permisi
ratusan,ratusan
rawness,rawness
bulimia,bulimia
bulking,bulking
sirkuit,sirkuit
dressed,dressed
sisinya,sisinya
sispala,sispala
drained,drained
menipis,menipis
menirus,menirus
menitan,menitan
menjadi,menjadi
library,library
lesbiku,lesbiku
lessons,lessons
gunting,gunting
tipsnya,tipsnya
tds-tds,tds-tds
teacher,teacher
tealive,tealive
driving,driving
menjaga,menjaga
doxxing,doxxing
tenaang,tenang
pndptny,pendapatnya
org-org,orang-orang
bertnya,bertanya
ditahap,di tahap
pereksa,periksa
ltioogb,10 gb
rusakin,rusakkan
blushom,blush on
yaampun,ya ampun
jawabin,jawab
racenya,race-nya
pedahal,padahal
28amp29,28 & 29
ngeline,nge-line
menagis,menangis
ratukan,ratukan
berzina,berzina
besarin,besarin
menimpa,menimpa
authors,authors
serahin,serahin
serapah,serapah
serapuh,serapuh
seratus,seratus
titanic,titanic
doyoung,doyoung
menjamu,menjamu
menjauh,menjauh
sisanya,sisanya
lepasan,lepasan
lesbian,lesbian
tl-satu,tl-satu
titipan,titipan
titipin,titipin
reading,reading
realist,realist
realita,realita
reached,reached
readers,readers
bungkus,bungkus
buntung,buntung
besides,besides
berulah,berulah
berumah,berumah
berumur,berumur
berusia,berusia
gwi-nam,gwi-nam
maltese,Maltese
mancing,memancing
langsng,langsung
mulutny,mulutnya
kasiian,kasihan
pumpang,tumpang
enakaja,enak aja
frickin,fricking
contect,contact
terllau,terlalu
burnout,burnout
dijalan,di jalan
pkrjaan,pekerjaan
anonnya,anon nya
gitulah,begitulah
dikiran,dikira
perkosa,perkosa
doodles,doodles
dopamin,dopamin
beseran,beseran
tawaran,tawaran
reasons,reasons
rebahan,rebahan
rebound,rebound
rebutan,rebutan
beserta,beserta
realize,realize
tawarin,tawarin
tawuran,tawuran
menjual,menjual
dosanya,dosanya
menoleh,menoleh
dongeng,dongeng
donghua,donghua
dosbing,dosbing
lempeng,lempeng
lengkap,lengkap
lengket,lengket
gurunya,gurunya
gusuran,gusuran
guyonan,guyonan
dosenku,dosenku
ngajari,mengajari
burpees,burpees
perkara,perkara
burukku,burukku
tawanan,tawanan
dongkol,dongkol
dokfens,dokfens
bertani,bertani
bertapa,bertapa
bertato,bertato
reality,reality
bertubi,bertubi
beruang,beruang
berubah,berubah
beruban,beruban
berucap,berucap
mensive,mensive
menolak,menolak
tasking,tasking
bertepi,bertepi
bertiga,bertiga
recehan,recehan
leluasa,leluasa
lelucon,lelucon
ledakan,ledakan
leganya,leganya
reclaim,reclaim
recover,recover
bertamu,bertamu
tatapan,tatapan
psl-psl,pasal-pasal
bangets,banget
menuduh,menuduh
menukar,menukar
leasing,leasing
leaving,leaving
leherku,leherku
toddler,toddler
tokitou,tokitou
reduces,reduces
bertemu,bertemu
berobat,berobat
respeck,respect
6 bulan,6 bulan
khendak,kehendak
pwrawan,perawan
lemasan,lemasan
dokyeom,dokyeom
mentang,mentang
hrusnya,harusnya
tidurka,tidurkan
dapatin,dapatkan
dtmunan,pertemuan
kangker,kanker
dicobav,dicoba
ngganya,enggaknya
ngarpin,mengharapkan
dikamar,di kamar
periode,periode
perjaka,perjaka
sisters,sisters
burying,burying
situasi,situasi
situlah,situlah
pelehan,pelecehan
reflect,reflect
refleks,refleks
refresh,refresh
taruhan,taruhan
bermuka,bermuka
bertaun,bertaun
bertebu,bertebu
bertema,bertema
redakan,redakan
leaders,leaders
learned,learned
menular,menular
menulis,menulis
dll-nya,dll-nya
menstak,menstak
mentari,mentari
menthik,menthik
mention,mention
sitting,sitting
doa-doa,doa-doa
tonight,tonight
lebaran,lebaran
tokohku,tokohku
tolerin,tolerin
tolerir,tolerir
tololin,tololin
bersama,bersama
berpola,berpola
menunda,menunda
menuang,menuang
menurut,menurut
diurusi,diurusi
refused,refused
tanyarl,tanyarl
tapioca,tapioca
hacking,hacking
bermain,bermain
bermata,bermata
berleha,berleha
berliku,berliku
regrets,regrets
regular,regular
bersiap,bersiap
bersatu,bersatu
berpura,berpura
etaunya,tahu-tahu nya
soalnyo,soalnya
rekanan,rekanan
dna-nya,dna-nya
bermula,bermula
bernada,bernada
berniat,berniat
layakah,layakah
layanan,layanan
layoffs,layoffs
butcher,butcher
butiran,butiran
periang,periang
perihal,perihal
periksa,periksa
burukan,burukan
menusuk,menusuk
menutup,menutup
berlaku,berlaku
berlalu,berlalu
berlari,berlari
diulang,diulang
diumbar,diumbar
trjatuh,terjatuh
fittnah,fitnah
dorhaka,durhaka
introta,introvert
tetanga,tetangga
perikhn,<noise>
aniexty,anxiety
covidi9,covid19
spupuku,sepupuku
berkata,berkata
rekaman,rekaman
auranya,auranya
brantem,bertengkar
sekejab,sekejap
gasadar,ga sadar
mnyesal,menyesal
buzzerp,buzzerp
divonis,divonis
divorce,divorce
diusili,diusili
habitat,habitat
larikan,larikan
latihan,latihan
laughed,laughed
laundry,laundry
totally,totally
touched,touched
rakanin,rekanan
diundur,diundur
dkk-nya,dkk-nya
menurun,menurun
berkaca,berkaca
tangsel,tangsel
tanjung,tanjung
tanpamu,tanpamu
tantang,tantang
tanteku,tanteku
related,related
relatif,relatif
seputar,seputar
ser-ser,ser-ser
serabut,serabut
seragam,seragam
lashing,lashing
lapakku,lapakku
relapse,relapse
tantrum,tantrum
allahku,allahku
allowed,allowed
ditebak,ditebak
ditebus,ditebus
ditunda,ditunda
ditusuk,ditusuk
berbeza,berbeda
disurga,di surga
mnunggu,menunggu
nemenin,menemani
ngeroso,merasa
selanju,selanjutnya
laporan,laporan
ditiban,ditiban
bye-bye,bye-bye
perform,perform
pergiku,pergiku
skalika,skalika
wkwwkwk,wkwkwk
mergoki,memergoki
happyam,happy am
lepasin,lepaskan
habisan,habisan
lantang,lantang
lantung,lantung
menyala,menyala
larinya,larinya
larissa,larissa
bergebu,bergebu
reminds,reminds
berikan,berikan
berikut,berikut
berilah,berilah
dibiaya,dibiayai
ditutup,ditutup
ditolak,ditolak
dituang,dituang
ditimpa,ditimpa
ditulis,ditulis
berkali,berkali
berjasa,berjasa
beriman,beriman
berisik,berisik
lapisan,lapisan
disebut,disebut
disedot,disedot
t_____t,<noise>
trpaksa,terpaksa
beresin,bereskan
arrived,arrived
arsenal,arsenal
arsipin,arsipin
lanyard,lanyard
ditempa,ditempa
lampias,lampias
hadapan,hadapan
towards,towards
traffic,traffic
release,release
berhaha,berhaha
putusin,putuskan
dominan,dominasi
hafalan,hafalan
hahahah,hahahah
langkah,langkah
dituduh,dituduh
ditemui,ditemui
diteror,diteror
menyapa,menyapa
menyapu,menyapu
menyatu,menyatu
ditarik,ditarik
ditaruh,ditaruh
ditatap,ditatap
discuss,discuss
disebar,disebar
ditegur,ditegur
ditekan,ditekan
diteken,diteken
diskusi,diskusi
trainee,trainee
traktir,traktir
transum,transum
hadirku,hadirku
haechan,haechan
hajatan,hajatan
hak-hak,hak-hak
lamanya,lamanya
lamaran,lamaran
bergaya,bergaya
berdiam,berdiam
berdiri,berdiri
langsat,langsat
bergaji,bergaji
bergaul,bergaul
lambung,lambung
tragedi,tragedi
tragedy,tragedy
ditanya,ditanya
disuruh,disuruh
ditagih,ditagih
ditahan,ditahan
disturb,disturb
disukai,disukai
display,display
mnyiksa,menyiksa
sgt-sgt,sangat-sangat
capeein,capekin
hahehoh,hahehoh
haikyuu,haikyuu
trapped,trapped
rencana,rencana
rendahi,rendahi
9 bulan,9 bulan
smntara,sementara
ibuknya,ibunya
4 tahun,4 tahun
gilirin,gilirkan
orangya,orangnya
mmksaku,memaksaku
akdemik,akademik
berhala,berhala
berhalu,berhalu
berhati,berhati
gasemua,ga semua
ngeskip,nge-skip
-krisis,krisis
apliksi,aplikasi
ngakaka,ngakak
distant,distant
dirusak,dirusak
menyepi,menyepi
trailer,trailer
dismiss,dismiss
disetir,disetir
disiksa,disiksa
lagging,lagging
lagunya,lagunya
lahiran,lahiran
lalunya,lalunya
diserbu,diserbu
diseret,diseret
berguna,berguna
discord,discord
diredam,diredam
dipukul,dipukul
dipunya,dipunya
diramal,diramal
diploma,diploma
disapih,disapih
dirinya,dirinya
treated,treated
traumas,traumas
lainnya,lainnya
lakinya,lakinya
copoten,copotan
berduit,berduit
berduka,berduka
berdaya,berdaya
rentang,rentang
renungi,renungi
rep-nya,rep-nya
beredar,beredar
berefek,berefek
lahirku,lahirku
kwartir,kwartir
triliun,triliun
trotoar,trotoar
cabe2an,cabe-cabean
dollwig,doll wig
sih.dia,sih. dia
diserap,diserap
dipepet,dipepet
diperas,diperas
dipakai,dipakai
dipaksa,dipaksa
novelau,novel au
bgaimna,bagaimana
nge-mis,mengemis
mengsad,<noise>
ovennya,oven-nya
dibaein,dibaik-baiki
trnyata,ternyata
benerin,benarkan
lakukan,lakukan
lakunya,lakunya
kutukan,kutukan
dislike,dislike
adzanya,azannya
secepet,secepat
jedotin,benturkan
batalin,batalkan
trouble,trouble
kusukai,kusukai
kusuruh,kusuruh
disetel,disetel
trigono,trigono
lab-nya,lab-nya
diriwui,diriwui
dirogol,dirogol
dirujak,dirujak
dirujuk,dirujuk
dirunut,dirunut
dipeluk,dipeluk
diomeli,diomeli
dirilis,dirilis
berdosa,berdosa
avenger,avenger
average,average
sepeser,sepeser
sepetak,sepetak
sepihak,sepihak
sepinya,sepinya
sepuluh,sepuluh
kuyashi,kuyashi
dirawat,dirawat
direbus,direbus
dinilai,dinilai
dinnuka,dinnuka
galauka,galau kah
oct-des,oktober-desember
toxicin,toxic-in
sgtunya,segitunya
ditaman,di taman
saranya,sarannya
ludahin,ludahi
aingteh,aing teh
deketku,dekatku
balikin,kembalikan
ultinya,ulti-nya
diserep,diserap
kamprwy,kampret
karu2an,karu-karuan
gimnana,gimana
mereasa,merasa
dipecat,dipecat
diobati,diobati
dimulai,dimulai
dinding,dinding
trigger,trigger
menyita,menyita
dipijat,dipijat
dipikir,dipikir
dipilih,dipilih
kurusan,kurusan
kupunya,kupunya
kuputar,kuputar
kususul,kususul
hakikat,hakikat
hal-hal,hal-hal
halaman,halaman
halangi,halangi
berbusa,berbusa
berbaur,berbaur
berbeda,berbeda
replace,replace
replied,replied
replies,replies
dipelet,dipelet
perdana,perdana
peredam,peredam
slingku,selingku
inponya,infonya
dilubuk,di lubuk
ngumpul,berkumpul
hadepan,hadapan
gedenya,besarnya
calltlp,call tlp
matipun,mati pun
-gegara,karena
cabutin,cabuti
dihalus,dihaluskan
3 bulan,3 bulan
merudak,merusak
y.minat,yang minat
secantk,secantik
nyimpan,menyimpan
kuranga,kuranga
kunjung,kunjung
berarti,berarti
kurangi,kurangi
berbuat,berbuat
berbuih,berbuih
berburu,berburu
perfect,perfect
skeptis,skeptis
meracau,meracau
menyisa,menyisa
alright,alright
tanggal,tanggal
tangguh,tangguh
tanggul,tanggul
berbagi,berbagi
berbaik,berbaik
request,request
require,require
halfway,halfway
hallway,hallway
halodoc,halodoc
kuncian,kuncian
berawal,berawal
berayun,berayun
tangisi,tangisi
tangkap,tangkap
merajut,merajut
merakam,merakam
dimensi,dimensi
dimimik,dimimik
diminta,diminta
diminum,diminum
ngegrip,nge-grip
apa pun,apa pun
ngejual,menjual
brontak,berontak
ajalpun,ajal pun
ahahaha,hahaha
hampura,hampura
kumatan,kumatan
kumohon,kumohon
kumulai,kumulai
dimanja,dimanja
cairkan,cairkan
sbrnnya,sebenarnya
kekmana,kayak mana
hahhaha,<noise>
berhari,berhari-hari
kulihat,kulihat
kuliner,kuliner
kupikir,kupikir
berbuah,berbuah
tsunami,tsunami
beraung,beraung
tubuhku,tubuhku
tubuhmu,tubuhmu
respect,respect
respond,respond
anjrrit,anjir
berhrap,berharap
dimodif,dimodif
dimohon,dimohon
dimakan,dimakan
already,already
berasal,berasal
beratan,beratan
beranak,beranak
beranda,beranda
berani2,berani2
resepsi,resepsi
gitujht,gitu jahat
gabutuh,tidak butuh
difisik,di fisik
sndrian,sendirian
percaya,percaya
percent,percent
percuma,percuma
trusted,trusted
calming,calming
meraung,meraung
merawat,merawat
dilihat,dilihat
dilimit,dilimit
hanbyul,hanbyul
kulitku,kulitku
kumasih,kumasih
kuingat,kuingat
kuingin,kuingin
kudapat,kudapat
respons,respons
hangman,hangman
hangout,hangout
kujamin,kujamin
kukasih,kukasih
kukenal,kukenal
kulalui,kulalui
kulepas,kulepas
dilukai,dilukai
dilatih,dilatih
dilawan,dilawan
diledek,diledek
dilepas,dilepas
calling,calling
dilanda,dilanda
dikukus,dikukus
retreat,retreat
bentrok,bentrok
beomgyu,beomgyu
beracun,beracun
beradab,beradab
beradik,beradik
beragam,beragam
kuhanya,kuhanya
kuharap,kuharap
kuhidup,kuhidup
1minggu,1 minggu
negurin,menegur
orngnya,orangnya
retakan,retakan
dikunci,dikunci
dikutuk,dikutuk
merapat,merapat
merasuk,merasuk
dijahit,dijahit
dijamin,dijamin
merayap,merayap
dikomen,dikomen
suudzon,suuzan
styleku,style-ku
musuhin,memusuhi
parahsi,parah sih
merajuk,merajuk
diketik,diketik
dilalui,dilalui
tugasku,tugasku
tuhanku,tuhanku
ijinkan,izinkan
gue.apa,gue. apa
bullyng,bullying
palinng,paling
cemasin,cemaskan
sekalih,sekali
nakutin,menakuti
tukaran,tukaran
kuambil,kuambil
happily,happily
hangeng,hangeng
kuatnya,kuatnya
kubuang,kubuang
kuburan,kuburan
kuasaku,kuasaku
ilg-ilg,hilang-hilang
merayau,merayau
mercury,mercury
merdeka,merdeka
dilamar,dilamar
meredam,meredam
kuatkan,kuatkan
hanying,hanying
happens,happens
happier,happier
tulisan,tulisan
365-365,365-365
harapan,harapan
krucils,krucils
kucilin,kucilin
wkaowkw,wkwkwk
meredup,meredup
perasan,perasan
perawan,perawan
kuatlah,kuatlah
perbuat,perbuat
camping,camping
peranin,peranin
meriang,meriang
tumbler,tumbler
reviews,reviews
rewatch,rewatch
restart,restart
resting,resting
restock,restock
kuartal,kuartal
dikenal,dikenal
merebut,merebut
dikatai,dikatai
dikejar,dikejar
dijilat,dijilat
merobek,merobek
merokok,merokok
meronta,meronta
dijarah,dijarah
dijatah,dijatah
dijauhi,dijauhi
kreatif,kreatif
krusial,krusial
kualami,kualami
pelupa-,pelupa
-hampir,hampir
meresah,meresah
mereset,mereset
merusak,merusak
merusuh,merusuh
whatsap,whatsapp
ngedate,nge-date
terusin,teruskan
gatakut,ga takut
gemeter,gemetar
khdpnya,kehidupannya
ngewaro,memedulikan
sekolag,sekolah
mimpiin,memimpikan
krpluan,keperluan
kuasamu,kuasamu
dikirim,dikirim
sangath,sangat
nonoomf,non-oomf
ngawali,mengawali
saranin,sarankan
tulusmu,tulusmu
tumbang,tumbang
ribeiro,ribeiro
perawat,perawat
ber-rps,ber-rps
retweet,retweet
reunian,reunian
revenge,revenge
dijawab,dijawab
diinjak,diinjak
diintai,diintai
merepet,merepet
dihujat,dihujat
dihukum,dihukum
diikuti,diikuti
dikasih,dikasih
diingat,diingat
tunggal,tunggal
harming,harming
kreator,kreator
hardest,hardest
kotanya,kotanya
kpopers,kpopers
dihanan,dihanan
dihapus,dihapus
dihasut,dihasut
dihibur,dihibur
merilis,merilis
digigit,digigit
ber-ber,ber-ber
digugat,digugat
diguyur,diguyur
dihajar,dihajar
merosot,merosot
meroyan,meroyan
awalnya,awalnya
sepenuh,sepenuh
seperak,seperak
seperti,seperti
autisme,autisme
tumpang,tumpang
tumpuan,tumpuan
dikelas,di kelas
pnenang,penenang
peoples,peoples
pepatah,pepatah
digodai,digodai
meterai,meterai
meteran,meteran
bengkel,bengkel
bengkok,bengkok
bengong,bengong
koridor,koridor
korupsi,korupsi
koreaan,Korea-an
diganti,diganti
3-4hari,3-4 hari
senanye,senangnya
digepuk,digepuk
digeser,digeser
harmful,harmful
kontras,kontras
cintany,cintanya
nglirik,melirik
trbngun,terbangun
pengeng,pengen
dihidup,di hidup
trsiksa,tersiksa
pmsmaaf,pms maaf
gasabar,ga sabar
chattan,chat-an
puyeung,pusing
merumpi,merumpi
peranti,peranti
cal-cal,cal-cal
diinfus,diinfus
turning,turning
mabok2n,mabuk-mabukan
message,message
digarap,digarap
digeber,digeber
digimar,digimar
mianhae,mianhae
dientot,dientot
digital,digital
camilan,camilan
skornya,skornya
turunan,turunan
turutan,turutan
koreksi,koreksi
harimau,harimau
harinya,harinya
stu-stu,satu-satu
kontrol,kontrol
rinduku,rinduku
skripsi,skripsi
calebmc,calebmc
army-ku,army-ku
capaldi,capaldi
midterm,midterm
migrain,migrain
alurnya,alurnya
ringkih,ringkih
benteng,benteng
riizing,riizing
riklona,riklona
kopinya,kopinya
kopling,kopling
digebuk,digebuk
300-500,300-500
hayoloh,hayoloh
turutin,turutin
konteks,konteks
kontrak,kontrak
harusku,harusku
hashtag,hashtag
konstan,konstan
candace,candace
canggih,canggih
milikmu,milikmu
militer,militer
mestine,mestinya
dititik,di titik
biasnya,biasanya
penuhin,penuhin
penulis,penulis
penumpu,penumpu
penurun,penurun
penutup,penutup
kekabul,kabul
maennya,mainnya
dtuntut,dituntut
hantuin,hantui
kbtuhan,kebutuhan
jugasih,juga sih
9 tahun,9 tahun
yagusti,ya Gusti
tanding,tanding
mikiran,mikiran
dietnya,dietnya
awkward,awkward
separuh,separuh
brngkli,barangkali
wujudin,wujudkan
katniss,Katniss
tampang,tampang
tanaman,tanaman
caption,caption
argumen,argumen
sepatah,sepatah
sepayah,sepayah
sepekan,sepekan
ringkas,ringkas
hatinya,hatinya
tusukin,tusukin
capaian,capaian
komplit,komplit
kdg-kdg,kadang-kadang
didesak,didesak
dididik,dididik
didikan,didikan
candaan,candaan
mimpiku,mimpiku
hawanya,hawanya
komenan,komenan
komikau,komikau
kondisi,kondisi
koneksi,koneksi
konflik,konflik
tweetan,tweetan
tweeted,tweeted
tweetku,tweetku
bangsa4,bangsat
amanlah,amanlah
amatlah,amatlah
tamatan,tamatan
capable,capable
didepak,didepak
penyair,penyair
capekin,capekin
heavily,heavily
awkarin,awkarin
robbuka,robbuka
robotik,robotik
rodanya,rodanya
ritalin,ritalin
riwayat,riwayat
healing,healing
dicicil,dicicil
mindful,mindful
mindset,mindset
mineral,mineral
minerva,minerva
minggat,minggat
minggir,minggir
koheren,koheren
koleksi,koleksi
healthy,healthy
headpat,headpat
headset,headset
bannget,banget
pnyebab,penyebab
brlbihn,berlebihan
mukulin,memukuli
sepaket,sepaket
sepanas,sepanas
separah,separah
awetnya,awetnya
awfully,awfully
awikwok,awikwok
diculik,diculik
didadah,didadah
miracle,miracle
didapat,didapat
minimal,minimal
emangvh,emang sih
kondang,kondang
capekmu,capekmu
skynani,skynani
mimisan,mimisan
twjijik,twjijik
knowing,knowing
caranya,caranya
penjaga,penjaga
dicapai,dicapai
terkdng,terkadang
inginan,keinginan
ngeseen,nge-seen
mampang,Mampang
nasehat,nasihat
tetesen,tetesan
heavier,heavier
benefit,benefit
beneran,benaran
tambeng,tambeng
sepakat,sepakat
romansa,romansa
rombeng,rombeng
romusha,romusha
dicukur,dicukur
remehin,remehkan
minimum,minimum
pensiun,pensiun
penting,penting
penjual,penjual
bendera,bendera
hearing,hearing
twibbon,twibbon
twisted,twisted
twitchy,twitchy
twitter,twitter
twitwar,twitwar
ucapkan,ucapkan
hebring,hebring
dicakar,dicakar
mattiin,matikan
dicatat,dicatat
dicecar,dicecar
dicecer,dicecer
sepaham,sepaham
dicopot,dicopot
dicubit,dicubit
heechul,heechul
koalisi,koalisi
twt-nya,twt-nya
typical,typical
typonya,typo-nya
uangnya,uangnya
deketin,dekati
.tolong,. tolong
zholimi,zalimi
minuman,minuman
minutes,minutes
missing,missing
bencong,bencong
dibujuk,dibujuk
dibully,dibully
dicabut,dicabut
knalpot,knalpot
sepadan,sepadan
rontgen,rontgen
rooftop,rooftop
bengkak,bengkak
romance,romance
carilah,carilah
dicopas,dicopas
sleeper,sleeper
dibuang,dibuang
misteri,misteri
dicekik,dicekik
dicerai,dicerai
dibenci,dibenci
mixtape,mixtape
dibunuh,dibunuh
senyumi,senyumi
seokjin,seokjin
seorang,seorang
udhsgah,udhsgah
ngeliat,melihat
49-5okg,49-50 kg
kiriman,kiriman
pnsaran,penasaran
ngasdos,asisten dosen
3 hours,3 hours
gamandi,ga mandi
sebener,sebenarnya
tokonya,toko-nya
hamidun,hamil
sligkuh,selingkuh
kecilin,kecilkan
bgantuk,bgt ngantuk
dimalam,di malam
okoklah,oke-oke lah
.jadwal,. jadwal
penjara,penjara
carikan,carikan
perpcan,perpusan
2tsk-an,2tsk-an
diblock,diblock
dibayar,dibayar
mistake,mistake
takziah,takziah
talitha,talitha
talking,talking
penguji,penguji
catatan,catatan
takutan,takutan
ukulele,ukulele
ulahnya,ulahnya
ulangan,ulangan
klakson,klakson
klausur,klausur
casenya,casenya
ayangmu,ayangmu
ayatnya,ayatnya
ruangan,ruangan
rudiana,rudiana
benaran,beneran
bencana,bencana
rooting,rooting
kisahku,kisahku
kisaran,kisaran
kitanya,kitanya
kitchen,kitchen
pengmas,pengmas
19tahun,19 tahun
beberes,beres-beres
mbeliin,membelikan
rumahmu,rumahmu
sensory,sensory
sentral,sentral
aya-aya,aya-aya
ayahnya,ayahnya
kindled,kindled
10 days,10 days
wthelly,what the hell ya
ketauan,ketahuan
hayalan,khayalan
misalny,misalnya
sekarng,sekarang
mkirnya,mikirnya
kirinya,kirinya
routine,routine
ultahku,ultahku
umumkan,umumkan
umumnya,umumnya
umurnya,umurnya
killing,killing
umpatan,umpatan
rujukan,rujukan
penguat,penguat
archery,archery
archive,archive
mocking,mocking
diayomi,diayomi
dibalas,dibalas
dibantu,dibantu
modelan,modelan
rumahan,rumahan
rumahku,rumahku
diawali,diawali
monitor,monitor
monolog,monolog
monoton,monoton
monster,monster
sebnrny,sebenarnya
kinerja,kinerja
kingdom,kingdom
moderna,moderna
ayamnya,ayamnya
cek-cek,cek-cek
cekatan,cekatan
cepatan,cepatan
moments,moments
diantar,diantar
mokondo,mokondo
smuanya,semuanya
kemwrin,kemarin
nyimpen,menyimpan
diskolh,di sekolah
nymping,nyamping
sensian,sensian
rumusan,rumusan
runaway,runaway
diawasi,diawasi
running,running
rupanya,rupanya
ruining,ruining
kick-in,kick-in
kicking,kicking
kidding,kidding
diatasi,diatasi
uncomfy,uncomfy
cepatin,cepatin
cemasku,cemasku
cemburu,cemburu
cemebut,cemebut
satupun,satu pun
sekiaan,sekian
bahakan,bahkan
manggil,memanggil
ngbales,membalas
diprodi,di prodi
tauliat,tahu lihat
singgel,singel
sesutau,sesuatu
kasihin,kasihani
gaperlu,tidak perlu
2021-an,2021-an
helmnya,helmnya
rutenya,rutenya
ruwatan,ruwatan
senggol,senggol
dibacok,dibacok
dibahas,dibahas
dibakar,dibakar
cemasan,cemasan
senonoh,senonoh
sensasi,sensasi
khotbah,khotbah
khusyuk,khusyuk
heheheh,heheheh
heiakim,heiakim
heizman,heizman
diapeli,diapeli
enrltah,<noise>
manjain,manjakan
anjjiir,anjir
flownya,flow-nya
cemiwiw,cemiwiw
penggal,penggal
cekokin,cekokin
rungkad,rungkad
ceramah,ceramah
mood-ku,mood-ku
mood-mu,mood-mu
hendery,hendery
keyword,keyword
khianat,khianat
khoiran,khoiran
miscall,missed call
seninya,seninya
sengaja,sengaja
senggak,senggak
senjata,senjata
s.coups,s.coups
rusdian,rusdian
helpful,helpful
helping,helping
keukeuh,keukeuh
keulang,keulang
moodnya,moodnya
diamati,diamati
diambil,diambil
diamkan,diamkan
diamnya,diamnya
ketolak,ketolak
unhappy,unhappy
ketunda,ketunda
ketusuk,ketusuk
ketutup,ketutup
keueung,keueung
unfunny,unfunny
monthly,monthly
takabur,takabur
hehehew,<noise>
ngobrak,mengobrak
manusya,manusia
ngelike,nge-like
sesesek,sesesak
yapelit,ya pelit
menuhin,memenuhi
cengeng,cengeng
centang,centang
ku.kalo,ku. kalau
.karena,. karena
tamatin,tamatkan
hahahha,hahaha
yatuhan,ya Tuhan
ketawan,ketahuan
memorys,memories
diancam,diancam
mooties,mooties
morally,morally
cepu-in,cepu-in
diajari,diajari
ketilep,ketilep
ketimpa,ketimpa
beloved,beloved
ngabrut,ngakak brutal
takaran,takaran
amazing,amazing
ambeien,ambeien
azannya,azannya
senalem,senalem
senangi,senangi
senasib,senasib
sendawa,sendawa
sending,sending
sendiri,sendiri
senekat,senekat
senengi,senengi
herself,herself
ketikan,ketikan
telenya,tele-nya
ceroboh,ceroboh
certain,certain
diakses,diakses
morning,morning
pengadu,pengadu
smiling,smiling
smitten,smitten
smokers,smokers
smp-sma,smp-sma
tahunmu,tahunmu
tahunya,tahunya
highest,highest
hiburan,hiburan
unloved,unloved
unlucky,unlucky
nolepmu,nolepmu
lepastu,setelah itu
8 years,8 years
sepunuh,sepenuh
dalemin,dalami
beliung,beliung
1.suami,1. suami
di-back,di-back
untaian,untaian
saatnya,saatnya
belikat,belikat
belinya,belinya
berusah,berusaha
semutan,semutan
senakal,senakal
ketarik,ketarik
talinya,tali-nya
ketawai,ketawai
di-skip,di-skip
di-swab,di-swab
mubarak,mubarak
mubazir,mubazir
mudahan,mudahan
motoran,motoran
motorik,motorik
motorku,motorku
dialami,dialami
sorenya,sorenya
sorotan,sorotan
apk-nya,apk-nya
apology,apology
nodding,nodding
uangan,keuangan
tersik,terusik
gymbro,gym bro
17-Sep,17-Sep
kulyah,kuliah
sepede,sepeda
kesita,tersita
tmptku,tempatku
beli-_,beli
endori,endorse
create,create
oshiku,oshiku
jam-an,jam-jaman
ngobat,minum obat
gemesh,gemas
fitrop,Fitrop
kteume,ketemu
cuapek,capek
ganggi,ganggi
sradak,sradak
covert,covert
selama,selama
selalu,selalu
selaku,selaku
selain,selain
shibal,shibal
2tahun,anxiety 2 tahun
kuatin,kuat
abistu,habis itu
gaadil,ga adil
ngemil,mengemil
survey,survei
brbaur,berbaur
santuy,santai
ngebur,ngeblur
selesa,selesai
gw.trs,gw. terus
unxity,anxiety
disana,di sana
bneran,benaran
atauga,atau ga
temnku,temanku
soalna,soalnya
gejasa,gejala
datenf,datang
sepeti,seperti
cepret,jepret
dudung,Dudung
replek,refleks
haruka,Haruka
nyampe,sampai
.jijik,. jijik
kamprt,kampret
mmbuat,membuat
ngmbil,mengambil
pickup,pick up
enweha,<noise>
ngipen,nge-fan
gpunya,ga punya
tangva,tangga
mapnya,map-nya
zholim,zalim
meldak,meledak
diswab,di-swab
jaewon,Jaewon
kepast,kepala stasiun
amjing,anjing
bekson,backsound
anjier,anjir
ngayal,mengkhayal
tipsal,titip absen
umumin,umumkan
cenong,jenong
canteq,cantik
nelfon,menelepon
bapake,bapak
adhdon,adhd-an
lngsng,langsung
mkirin,memikirkan
2.5jam,2.5 jam
tromsø,tromso
ngoceh,mengoceh
lakuin,lakukan
mnrima,menerima
ngefek,berefek
tokrev,tokyo revengers
lmbung,lambung
nonjol,menonjol
carnya,caranya
bhenci,benci
hectin,hectic
muself,myself
gakkan,ga akan
diread,di-read
sradal,sruduk
contac,contact
nyappa,nyapa
kumati,ku mati
ngapus,menghapus
siaang,siang
ingnih,ingin
pendpt,pendapat
shoulf,should
pinjol,pinjaman online
tekbro,teknik bro
remang,remang-remang
kmpung,kampung
himble,humble
wekday,weekday
kpaksa,terpaksa
bajing,bajingan
ngefly,nge-fly
mnerus,menerus
belain,bela
gausha,ga usah
paking,packing
26se67,tidur pingsan depresi
ibukku,ibuku
raport,rapor
orgnya,orangnya
pndiam,pendiam
solimi,zalim
inmulu,ini melulu
rqmbut,rambut
bering,bearing
nyagka,nyangka
smp-ku,SMP-ku
diaorg,dia orang
ngombe,minum
cmburu,cemburu
banged,banget
1tahun,1 tahun
ninggu,nunggu
tinggl,tinggal
stahun,setahun
apalgi,apalagi
pndpat,pendapat
dijari,di jari
dilock,di-lock
masatu,masa itu
ngewar,nge-war
ngudek,mengaduk
beloon,belon
uanjir,anjir
ijasah,ijazah
tesasa,terasa
terget,target
hapean,main HP
melike,me-like
cobain,coba
siapun,siapa pun
guanya,guenya
cenblu,channel blue
mebuat,membuat
bedain,bedakan
kuatir,khawatir
mandeg,mandek
ngolah,mengolah
maapin,maafkan
nyesal,menyesal
taktau,tak tahu
salkir,salah kirim
slatan,selatan
siapah,siapa
nyekik,mencekik
ketrin,katherine
sitcom,sitkom
pngenx,pengennya
trtkan,tertekan
tiduur,tidur
napasi,kenapa sih
cowomu,cowokmu
ngeter,gemetar
ngusir,mengusir
aqouts,quotes
trkdng,terkadang
ngunci,mengunci
raniya,ranianya
kearah,ke arah
prawan,perawan
ijonya,hijaunya
msukin,memasukkan
kringt,keringat
sperti,seperti
giniin,beginikan
gaknya,ga kayaknya
bnrbnr,benar-benar
sakjiw,sakit jiwa
lanjar,lancar
yayaya,ya ya ya
albesd,<noise>
setrea,stres
trpksa,terpaksa
grecep,gercep
ngikut,mengikuti
10 jam,10 jam
sodara,saudara
remedi,remedi-remedi
ngamuk,mengamuk
bkerja,bekerja
nampar,menampar
itupun,itu pun
kakorg,kakak orang
mentab,mantap
bahawa,bahwa
gerald,Gerald
adalah,gemetar gelisah
xsedap,tak sedap
eunsoo,Eunsoo
munkin,mungkin
momati,mau mati
5 hari,5 hari
saudra,saudara
qrtnya,qrt-nya
.nggak,. nggak
gmetar,gemetar
fischl,Fischl
ngasah,mengasah
nyebut,menyebut
bloman,beloman
mnpltv,manipulatif
dahlah,sudahlah
ngamok,ngamuk
biarin,biarkan
jumber,jember
priksa,periksa
dihide,di-hide
bebanw,beban
ktutup,ketutup
jalanu,jalanku
anyink,anjing
cumang,cuma
brtahn,bertahan
gagini,ga gini
blmblm,belum-belum
anjìng,anjing
jikkan,menjijikkan
mdigan,mendingan
donlot,download
karnah,karena
sbagai,sebagai
mledak,meledak
mjalin,menjalin
aganya,agaknya
komens,komen
seijin,seizin
giniah,beginilah
dzolim,zalim
sekarg,sekarang
kàmbuh,kambuh
guepun,gue pun
kapaan,kapan
rispek,respect
izasah,ijazah
seriua,serius
nggawe,membuat
agakny,agaknya
hikaru,Hikaru
kakaku,kakakku
ndrian,andrian
capein,capek-in
poseng,pusing
sekrol,scroll
brlaku,berlaku
esempe,SMP
laluku,lalu ku
mikiri,memikirkan
mainin,mainkan
tidack,tidak
axiety,anxiety
ferbal,verbal
gapuas,ga puas
anxyti,anxiety
anxeti,anxiety
ngomen,berkomentar
bgtbgt,banget-banget
mlotot,melotot
ngenal,mengenal
cengin,bercanda-in
rahsia,rahasia
haewon,Haewon
colaps,collapse
katena,karena
idupku,hidupku
bngsat,bangsat
akunah,akulah
suskes,sukses
ngepet,mengepet
guamah,gua mah
betmut,bad mood
minjem,meminjam
hianat,khianat
ruqiah,ruqyah
gedein,besarkan
brusan,barusan
bingun,bingung
ngeles,mengeles
kpikir,terpikir
soalny,soalnya
adeeku,adikku
proker,program kerja
ngaler,ngalor
nonyon,nonton
babyak,banyak
shubuh,subuh
separo,separuh
enakin,enakkan
mushow,mushaf
narkba,narkoba
sembet,sambet
-tetap,tetap
kerkom,kerja kelompok
dtngin,didatangi
tupiah,rupiah
jancok,jancuk
eeyore,Eeyore
semena,semena-mena
greene,Greene
kspian,kesepian
manteb,mantap
ngecek,mengecek
pmblsn,pembalasan
plissh,plis
adekku,adikku
adilan,keadilan
sisany,sisanya
taubat,tobat
kismin,miskin
sdngkn,sedangkan
hrsnya,harusnya
kcuali,kecuali
speker,speaker
nelpon,menelepon
kpopan,kpop
henset,headset
rasany,rasanya
hikseu,<noise>
maksut,maksud
ngacak,mengacak
sptnya,sepertinya
ajakin,ajak
appnya,aplikasinya
apotik,apotek
apling,paling
seseek,<noise>
dialam,di alam
sikapy,sikapnya
cranya,caranya
benran,beneran
pingin,ingin
kenaoa,kenapa
perurt,perut
kayany,takut
runggu,tunggu
succed,succeed
jagain,jaga
mumeth,pusing
rasana,rasanya
repect,respect
cowwok,cowok
bohing,bohong
mungut,memungut
puyeng,pusing
kiraim,kirain
renket,lengket
karena,cemas
brthun,bertahun
jngkau,jangkau
kureng,kurang
anjeng,anjing
biadap,biadab
gapapa,tidak apa-apa
resiko,risiko
lukain,lukai
tereak,teriak
ontime,on time
gabosa,ga bisa
jaebal,jebal
kagaak,kagak
covvid,covid
bapaku,bapakku
temlen,timeline
bngkak,bengkak
numpuk,menumpuk
trjadi,terjadi
telmat,telat mampus
ngbrol,mengobrol
nanges,menangis
sedanh,sedang
sdikit,sedikit
ngerem,mengerem
kskaks,<noise>
semuah,semua
kiyowo,kawaii
emteka,MTK
menila,menilai
15 jam,15 jam
sukain,sukai
pokokx,pokoknya
meurut,menurut
pediku,pedi ku
happie,happy
5tahun,pernikahan 5 tahun
cerits,cerita
ndumel,ngedumel
ngarep,mengharap
namany,namanya
gelaja,gejala
lagnad,langsung
ngulik,mengulik
trknci,terkunci
aangat,sangat
nyetok,menyetok
smnjak,semenjak
abisan,habisan
tresur,treasure
dihati,di hati
susuin,susui
lainya,lainnya
2ajamm,tidur
4oorng,empat orang
sepert,seperti
intj-a,INTJ-A
npdnah,npd kah
kekang,bebas
keelim,keeliminasi
gamood,tidak mood
mindah,memindah
mnplso,manipulasi
gaguna,tidak berguna
masalh,masalah
mecari,mencari
wkkwkw,hahaha
donkdi,dong di
dikeep,di-keep
-sring,sering
tmbang,timbang
mundar,mandir
bgtmko,<noise>
1ohari,puasa
diatas,di atas
mevvah,mewah
gensin,genshin
kyanya,sepertinya
ngimpi,bermimpi
ddgrin,didengarkan
loveli,lovely
jahaat,jahat
ngubur,mengubur
kekita,ke kita
dlunya,dulunya
padahl,padahal
mab.ok,mabuk
11-Oct,11-Oct
dsuruh,disuruh
kdepan,ke depan
dibumi,di bumi
belita,balita
gunain,gunakan
chatku,chat-ku
adabyg,ada yang
mbanya,mbaknya
dihype,di-hype
ivandi,Ivandi
grimel,<noise>
brubah,berubah
gimnay,gimana
trbuka,terbuka
lgsung,langsung
itusih,itu sih
eminem,Eminem
sankin,saking
perpus,perpustakaan
diplay,di-play
dmchat,DM chat
nyadar,menyadari
sedijh,sedih
diliat,dilihat
mbbuat,membuat
normsl,normal
diapun,dia pun
motret,memotret
rasain,rasakan
pildun,piala dunia
alamin,alami
ttoxic,toxic
slamat,selamat
gaasik,tidak asyik
ngasih,memberi
prihal,perihal
mngapa,mengapa
banvun,bangun
baikin,perbaiki
furuba,Furuba
nyokap,ibu
tolonk,tolong
sirkle,circle
lasian,kasihan
sem5-6,sem 5-6
tdinya,tadinya
ngiang,terngiang
stress,stres
tdrnya,tidurnya
abiesz,habis
krnapa,karena apa
haritu,hari itu
umurny,umurnya
vmpire,vampire
syaraf,saraf
sediri,sendiri
ciumin,cium
apasih,apa sih
prckpn,percakapan
jiakkh,gila
bpkibu,bapak ibu
sadboi,sadboy
aimles,aimless
sok2an,sok-sokan
muncut,muncul
4 hari,4 hari
sekrng,sekarang
anjink,anjing
gilaak,gila
brfkir,berpikir
cek-up,check-up
dzalim,zalim
disitu,di situ
vibes_,vibes
sblmny,sebelumnya
carany,caranya
byfkys,<noise>
terbyg,terbayang
enatah,entah
zuzuzr,jujur
kopsus,kopi susu
jaswar,<noise>
brikan,berikan
uninst,uninstall
.cemas,. cemas
kahkah,<noise>
gacoan,Gacoan
tnggal,tinggal
gakmau,tidak mau
sacara,secara
nerimo,menerima
haedeh,hadeh
ngetes,mengetes
farhan,Farhan
nongki,nongkrong
kurnag,kurang
ngidep,mengendap
lalaki,lelaki
akhire,akhirnya
bntuin,bantu
diemin,diamkan
nangga,tetangga
ohmthi,ohmthiti
favnya,fav-nya
sulsel,Sulsel
kncing,kencing
kwkwkw,wkwkwk
offcam,off cam
poting,posting
ngesus,mencurigakan
nonjok,menonjok
khusuk,khusyuk
quater,quarter
-tidak,tidak
nyeduh,menyeduh
udahin,udahan
shabis,sehabis
dihate,di-hate
paginy,paginya
mendem,memendam
handal,andal
bawain,bawakan
komeen,komentar
agakau,agar kau
sklian,sekalian
jobnya,job-nya
sispol,sospol
satiap,setiap
-pacar,pacar
emaang,emang
meniit,menit
9bulan,9 bulan
.zoaai,<noise>
mmhros,<noise>
gagitu,ga gitu
oernah,pernah
baguus,bagus
neliti,meneliti
katain,katai
ujunga,ujungnya
killer,adhd
begaul,bergaul
ngalor,mengalor
dpresi,depresi
7 hari,tujuh hari
kmbang,kembang
aimana,cara mengubah
trmksh,terima kasih
ibadan,ibadah
12 jam,12 jam
podong,pudong
dkknya,dkk-nya
haikyu,Haikyuu
pulkam,pulang kampung
seneng,senang
11 jam,11 jam
keanya,sepertinya
pnykit,penyakit
jdikan,jadikan
ngpain,sedang apa
2oi9an,anxiety
ngasuh,mengasuh
menira,meniru
urusin,urus
diback,di-back
brulah,barulah
brtemu,bertemu
trafic,trafik
cairin,cairkan
songel,<noise>
-sedih,sedih
harris,Harris
harini,hari ini
ngulur,mengulur
tidurz,tidur
wakaka,<noise>
singkt,singkat
siappa,siapa
mnjadi,menjadi
srtiao,setiap
kaliat,kelihatan
gaikut,ga ikut
kbnykn,kebanyakan
kesitu,ke situ
folbek,follback
wassaf,whatsapp
brniat,berniat
punyak,punya
pnting,penting
setaun,setahun
gpplah,ga apa-apa lah
cuthat,curhat
natura,natural
pas2an,pas-pasan
puskes,puskesmas
trusst,trust
jelasi,jelaskan
fesbuk,Facebook
ngidul,mengidul
mmpiin,memimpikan
goldar,golongan darah
kerbao,kerbau
gasuka,tidak suka
kambek,comeback
ngbrin,mengabarkan
nguruh,menyuruh
muasin,memuaskan
hihihi,<noise>
liatny,lihatnya
sosoan,sok-sokan
trahir,terakhir
cariin,carikan
samsek,sama sekali
urself,yourself
kwnapa,kenapa
ngerti,mengerti
kesana,ke sana
dibisa,di bisa
diusia,di usia
kuliat,kulihat
-1jeti,kurang satu juta
cwecwo,cewek cowok
maganh,magang
kenape,kenapa
pakher,pak her
hajoon,Hajoon
skrang,sekarang
dgrnya,dengarnya
mangat,semangat
blkngn,belakangan
blanja,belanja
bhocor,bocor
didiri,di diri
ngalur,ngidul
normis,normies
kekgni,kayak gini
5detik,5 detik tertawa pelupa
mahluk,makhluk
emgnya,emangnya
2orebu,20 ribu
butuhg,butuh
diband,di-banned
jauhin,jauhi
dnjdjs,<noise>
nunggu,menunggu
prsaan,perasaan
rimbas,imbas
sllalu,selalu
brasal,berasal
jatung,jantung
ajarin,ajarkan
lamaan,lama
syalan,sialan
nohomo,no homo
suamik,suami
kukira,obat luka hebat
hatiya,hatinya
kerena,karena
bangke,bangkai
lemess,lemas
ngelus,mengelus
org2ny,orang-orangnya
apanan,apaan
ancyur,anxious
taunya,tahunya
hyunju,Hyunju
bntuan,bantuan
apatuh,apa tuh
rekans,rekan-rekan
dieman,diam
ngajak,mengajak
keingt,keingat
asline,aslinya
cramah,ceramah
cdj8e1,<noise>
pokony,pokoknya
gubluk,goblok
digmar,digimar
petlok,cinlok
gmtran,gemetaran
megang,memegang
wonhos,wonho
sbulan,sebulan
copyan,copy-an
smntra,sementara
notmal,normal
assest,assess
bajeng,bajingan
akutuh,redup membosankan
pikran,pikiran
sbutan,sebutan
biyaun,biaya
trs2an,terus-terusan
ngebut,mengebut
makane,makanya
repnya,rep-nya
bahkam,bahkan
ngatau,gak tahu
buntuh,buntu
omelin,omeli
senyam,senyum
diotak,di otak
3ojuta,3 juta
mnipis,menipis
smisal,semisal
nmanya,namanya
gemana,gimana
serisp,serius
bangrt,banget
diawal,di awal
moodku,mood-ku
attaki,attack
galucu,ga lucu
suicdl,suicidal
istrny,istrinya
kegini,kayak gini
branak,beranak
mikirn,memikirkan
trtawa,tertawa
semnit,semenit
ngagur,menganggur
pasagn,pasangan
henpon,handphone
temans,teman-teman
setruk,strok
mmbaik,membaik
gervep,gercep
beliin,belikan
lgunya,lagunya
untuku,untukku
jugaak,juga
boseen,bosan
monyed,monyet
pakdos,bapak dosen
kslhan,kesalahan
anaklu,anakmu
mncoba,mencoba
dgroup,di grup
gppkan,ga apa-apa kan
ngikat,mengikat
24 jam,24 jam
diywig,<noise>
digrub,di grup
dllnya,dll-nya
bulyan,bullyan
5bulan,5 bulan
bngkit,bangkit
dikasi,dikasih
gjelas,tidak jelas
nampol,menampol
bhagia,bahagia
kokblm,kok belum
kecilq,kecilku
hdayat,hidayat
disisi,di sisi
-habis,habis uang
rejeki,rezeki
tidure,tidurnya
.stres,. stres
menurt,menurut
diblur,di-blur
prtama,pertama
tanyak,tanya
anjirt,anjir
kyknya,sepertinya
smacam,semacam
pinter,pintar
puzing,pusing
twtnya,tweet-nya
salken,salam kenal
anjjng,anjing
asliny,aslinya
infoin,infokan
sbntar,sebentar
.calon,. calon
ngelab,nge-lab
pantes,pantas
inisih,ini sih
maenan,mainan
salalu,selalu
andaai,andai
ustadz,ustaz
cikcak,cicak
cowook,cowok
kbngun,terbangun
nunjuk,menunjuk
keatas,ke atas
exhuma,Exhuma
wkwkwj,<noise>
fintah,fitnah
ku.aku,ku. aku
.kalau,. kalau
omegad,oh my god
ngebub,nge-bub
panick,panic
mantau,memantau
-1ooi0,-100
gamalu,ga malu
govert,covert
jinnys,jinny's
respon,respons
theyll,they'll
nolong,menolong
ziggys,ziggy's
inimah,ini mah
0ooyen,0ooyen
lengkp,lengkap
sempet,sempat
sekoga,semoga
gelisa,gelisah
phucil,pucil
-takut,takut
mngkin,mungkin
dhidup,di hidup
mmbuka,membuka
accmin,akamin
cekout,checkout
shhshs,<noise>
masmba,mas mbak
ucapin,ucapkan
fucklk,fuck
puasin,puaskan
nyedek,nyesek
mbeneh,bener
ilfiel,ilfeel
nangis,menangis
rsanya,rasanya
kknten,karena konten
2aoie0,tidak tahu
ktikan,ketika
latian,latihan
ampamp,&amp;
nyerap,menyerap
mendam,memendam
anknya,anaknya
gemble,gamble
31 jam,31 jam
stngah,setengah
marhum,almarhum
udalah,sudahlah
dirumh,di rumah
ketikw,ketika
sjahat,jahat
bencci,benci
bacain,bacakan
nabung,menabung
esmosi,emosi
bamget,banget
incase,in case
se-gak,se-enggak
rukyah,ruqyah
makana,makanan
haziel,Haziel
jdohny,jodohnya
abaikn,abaikan
3 days,3 days
plakor,pelakor
masang,memasang
miscal,miscall
wqwqwq,<noise>
gaabis,ga habis
ndelok,melihat
seasia,se-asia
ginian,beginian
brarti,berarti
sjshsh,<noise>
kjdian,kejadian
cintay,cinta
bangst,bangsat
lawanv,lawan
rmhnya,rumahnya
fyodor,Fyodor
itukan,itu kan
aatteh,aa teh
ngelap,mengelap
dohdot,dot
dierur,<noise>
temuin,temui
beraat,berat
mcmnez,macam ini
anakny,anaknya
maafin,maafkan
.malah,. malah
faktab,fakta
trrjdi,terjadi
joknob,jok mobil
kurleb,kurang lebih
.sakit,. sakit
dorang,mereka
drumah,di rumah
sendri,sendiri
jailyn,Jailyn
ngasal,mengasal
tibake,tiba-tiba
lising,leasing
sendal,sandal
luapin,luapkan
kayake,kayaknya
jdinya,jadinya
gabiza,ga bisa
ntnnya,nontonnya
dipake,dipakai
nembus,menembus
ngolok,mengolok
unutng,untung
yah.ko,yah. kok
bendnd,<noise>
mlihat,melihat
diakun,di akun
henbay,HP-an
nanyak,nanya
sellau,selalu
metong,mati
trully,truly
sidefl,<noise>
matmud,matematika murni
okesip,oke sip
easter,Easter
yacape,ya capek
shabar,sabar
ichigo,Ichigo
1.saya,1. saya
gboleh,ga boleh
taunye,tahunya
nginep,menginap
gimama,gimana
relaxe,relax
grindr,Grindr
ngetok,mengetuk
tahuan,tahunan
nyuruh,menyuruh
ngotot,mengotot
bangit,banget
disatu,di satu
wkwkek,<noise>
ddunia,di dunia
smakin,semakin
blajar,belajar
stuban,studi banding
ngutuk,mengutuk
jujjur,jujur
yailah,ya ilah
ngisin,ngisin
dibilg,dibilang
berati,berarti
shahih,sahih
msukan,masukan
elekin,jelek-jelekkan
bncana,bencana
telfon,telepon
ditmui,ditemui
kesaya,ke saya
patpat,pat pat
mainac,maniac
dokfer,dokter
witter,twitter
elaahb,alah
selmat,selamat
motong,memotong
.capek,. capek
gliran,giliran
dableg,dablek
palaku,kepalaku
sumoah,sumpah
gaoaoa,tidak apa-apa
pannic,panic
disain,desain
hyundy,Hyundai
attact,attack
tubatu,tiba-tiba
drdulu,dari dulu
haruis,harus
makasi,terima kasih
wkwkwk,hahaha
setres,stres
byebye,bye-bye
meleek,melek
telpon,telepon
babget,banget
onkang,ontek-ontek
swgitu,segitu
bknnya,bukannya
gwinam,Gwi-nam
bathin,batin
taklek,tak lekang
bbrapa,beberapa
syurga,surga
akupun,aku pun
berape,berapa
ditmbh,ditambah
buider,builder
kindly,tolong
ngalah,mengalah
pikiaq,pikir
begono,begitu
aduhay,aduhai
letsgo,let's go
galica,ga laku
drinya,dirinya
disuru,disuruh
menjdi,jadi
igtkan,ingatkan
ampaku,ampas ku
giveup,give up
jadiin,jadikan
iya-in,iyakan
gituan,begituan
gabole,tidak boleh
duania,dunia
4bulan,4 bulan
18 jam,18 jam
kekeuh,kukuh
kronis,sakit
kulagi,ku lagi
kalini,kali ini
lumayn,lumayan
anexty,anxiety
raurus,ra urus
kepasa,kepala desa
diruma,di rumah
ngreog,ngereog
ngidam,mengidam
seting,setting
keadan,keadaan
syulid,sulit
selese,selesai
smalam,semalam
ngerih,ngeri
kekuar,keluar
bgtuan,begituan
nornal,normal
jdnyah,jadinya
mereng,miring
temnya,temannya
meniqa,menikah
lutuna,lucunya
dptnya,dapatnya
ngeluh,mengeluh
nyetel,menyetel
gakuat,tidak kuat
seprei,seprai
cenagr,cengar
cegini,sebegini
izinin,izinkan
nyasar,tersasar
kirain,mengira
tolonf,tolong
akhrny,akhirnya
gmgkin,gak mungkin
gabawa,ga bawa
cek-in,check-in
padhal,padahal
membut,membuat
iklash,ikhlas
beneer,bener
sukuri,syukuri
7bulan,7 bulan
ngucap,mengucap
seprti,seperti
ngetik,mengetik
sbnrny,sebenarnya
jlskan,jelaskan
nangor,jatinangor
skedar,sekadar
latbel,latar belakang
filing,feeling
sbelum,sebelum
bhusuk,busuk
-gagal,gagal
kemrin,kemarin
gausah,tidak usah
shrsny,seharusnya
ehlija,eh iya
dimcum,dimsum
syebel,sebel
bngung,bingung
pengin,ingin
iklhas,ikhlas
ngejar,mengejar
iyahin,iyakan
nengok,menengok
fribis,freebies
jmuran,jemuran
moveon,move on
inggin,ingin
fckoff,fuck off
ngepel,mengepel
awasin,awasi
17.5jt,17.5 juta
kokwet,kok wet
kuranv,kurang
illnes,illness
dibuli,dibully
disini,di sini
nyicil,menyicil
kemana,ke mana
3tahun,3 tahun
aqikah,akikah
salama,selama
sedikt,sedikit
damnit,damn it
sykses,sukses
skulah,sekolah
nyebar,menyebar
dejavu,deja vu
trcpai,tercapai
konsen,konsentrasi
batery,baterai
doktif,Doktif
kmbali,kembali
mimbas,membas
gofood,GoFood
theres,there's
anyinq,anxious minder
ditngk,ditengok
hadist,hadis
nyapin,nyiapin
havent,haven't
teruus,terus
naksir,menaksir
izeman,Heizman
astati,astaga
fuyuko,Fuyuko
speleh,sepele
swmoga,semoga
sebenr,sebenarnya
terllu,terlalu
keapus,terhapus
yaalah,ya Allah
lupada,lu pada
alihin,alihkan
gaapal,ga hafal
ngesot,mengesot
menikh,menikah
sayank,sayang
iniitu,ini itu
ihklas,ikhlas
tydack,tidak
pkonya,pokoknya
bechus,becus
selera,selera
ngejer,mengejar
ngemis,mengemis
iyanih,iya nih
keliat,kelihatan
sbagay,sebagai
salfok,salah fokus
cemasa,cemas
capeek,capek
balesn,balasan
ngelas,mengelas
temana,teman
selesy,selesai
.nysel,. nyesel
komfem,konfirmasi
ngdepi,menghadapi
gawean,gawean
gebrak,gebrak
geblek,geblek
gastro,gastro
zoster,zoster
zoning,zoning
zonasi,zonasi
ziarah,ziarah
zimmer,zimmer
tetibe,tiba-tiba
gracie,Gracie
siakan,sia-siakan
-____-,-____-
square,square
spread,spread
balada,balada
konpal,konfokal
bearti,berarti
takutr,takut
dengqn,dengan
dekeut,dekat
gerogi,grogi
tingka,tingkah
dkdhdj,<noise>
nyoret,mencoret
selena,selena
outfit,outfit
jijima,jijima
jiwaku,jiwaku
jirlah,jirlah
zombie,zombie
zionis,zionis
-_____,-_____
anzeng,anzeng
stages,stages
stable,stable
stabil,stabil
creepy,creepy
creeps,creeps
ドギョム,ドギョム
jihyun,jihyun
jihoon,jihoon
jigong,jigong
jiggly,jiggly
zucker,zucker
cranky,cranky
ottoke,ottoke
others,others
otakku,otakku
banana,banana
ortumu,ortumu
anuing,anuing
anyway,anyway
anyone,anyone
spirit,spirit
selagi,selagi
selasa,selasa
selang,selang
jilbab,jilbab
baksil,baksil
yoongi,yoongi
joging,joging
yujiem,yujiem
jiwamu,jiwamu
corset,corset
credit,credit
jokowi,jokowi
joknya,joknya
joking,joking
jokiin,jokiin
jokian,jokian
jokgen,jokgen
johnny,johnny
yidian,yidian
gacape,tidak capek
preand,friend
sekara,sekarang
ngalir,mengalir
nyetir,menyetir
hrapan,harapan
couple,couple
baking,baking
sekuat,sekuat
yichen,yichen
yeonin,yeonin
yawloh,yawloh
jibril,jibril
jeslin,jeslin
ngejek,mengejek
6tahun,6 tahun
overly,overly
yixing,yixing
yinhao,yinhao
stands,stands
anyang,anyang
oranye,oranye
.siang,. siang
atunya,satunya
syaban,Sya'ban
krumah,ke rumah
.kayak,. kayak
pupnya,pup-nya
pgnnya,inginnya
fathia,Fathia
sekota,sekota
bahaya,bahaya
selfie,selfie
spiral,spiral
crisis,crisis
cringe,cringe
opname,opname
course,course
crypto,crypto
crying,crying
crutch,crutch
sperma,sperma
packed,packed
paceku,paceku
corona,corona
corner,corner
pabrik,pabrik
oxygen,oxygen
jerman,jerman
jomblo,jomblo
joshua,joshua
joselu,joselu
bandit,bandit
pontel,ponsel
status,status
padang,padang
padamu,padamu
padaku,padaku
starts,starts
antimo,antimo
bangsa,bangsa
ballad,ballad
balita,balita
baliho,baliho
sekian,sekian
banget,banget
jerome,jerome
dibntu,dibantu
apknya,apk-nya
jersey,jersey
judika,judika
judesi,judesi
jiexpo,jiexpo
jepang,jepang
jeonju,jeonju
jualan,jualan
yaudah,yaudah
yanagi,yanagi
makasy,makasih
obtnya,obatnya
parbwo,prabowo
friday,Friday
sputar,seputar
bahkan,bahkan
opened,opened
online,online
omanya,omanya
anteng,anteng
mbatin,membatin
kakaak,kakak
nyakdg,nyari kadang
bgtlt3,banget <noise>
agreed,agreed anxious menangis
pkknya,pokoknya
jernih,jernih
stayed,stayed
ongkos,ongkos
ongkir,ongkir
stigma,stigma
ompong,ompong
omelan,omelan
yaarab,yaarab
ngersa,merasa
ngedit,mengedit
yallah,yallah
apanya,apanya
apalah,apalah
apakan,apakan
apakah,apakah
speech,speech
okelah,okelah
banner,banner
banned,banned
bandel,bandel
bandar,bandar
sekeji,sekeji
yakali,yakali
paçar,paçar
anonim,anonim
annual,annual
stonks,stonks
jungle,jungle
jeremy,jeremy
jepret,jepret
jumpai,jumpai
jumlah,jumlah
jumawa,jumawa
juluki,juluki
julius,julius
apatah,apatah
ngidap,mengidap
hrdapa,hadapi
empaty,empathy
semain,semakin
jutaan,jutaan
justru,justru
justin,justin
......,......
jurang,jurang
junseo,junseo
junkie,junkie
initeh,ini teh
tidurv,tidur
boljur,bolos jujur
tingal,tinggal
bediri,berdiri
antena,antena
junhui,junhui
olshop,olshop
olokan,olokan
laluin,lalui
ngorok,mengorok
gampir,hampir
haruki,Haruki
ngasjh,menyembunyikan
kickin,kick-in
resigt,resign
aparat,aparat
pagimu,pagimu
pagiku,pagiku
pajang,pajang
pajama,pajama
bangku,bangku
bangka,bangka
juwita,juwita
juteki,juteki
junior,junior
kadang,kadang
kacrut,kacrut
kabari,kabari
kacang,kacang
cuddle,cuddle
cucian,cucian
stones,stones
answer,answer
wrwrwr,wrwrwr
writer,writer
jenguk,jenguk
xixixi,xixixi
xietas,xietas
juyeon,juyeon
pahami,pahami
pahala,pahala
contoh,contoh
ocehan,ocehan
obsess,obsess
banjir,banjir
banjar,banjar
bangun,bangun
bangga,bangga
sekali,sekali
sekaku,sekaku
jurnal,jurnal
jenius,jenius
jempol,jempol
jember,jember
jemari,jemari
jemaah,jemaah
okaeri,okaeri
stored,stored
anjlok,anjlok
street,street
stream,stream
streak,streak
office,office
coping,coping
cookie,cookie
dichat,di-chat
obatny,obatnya
anjenk,anjing
mampet,mampat
nakaly,nakalnya
kerumh,ke rumah
seweut,<noise>
smngat,semangat
maenya,mainnya
dibuly,dibully
mnjauh,menjauh
bs2nya,bisa-bisanya
muveon,move on
maslah,masalah
kecrop,terpotong
brobat,berobat
jelena,jelena
kaisen,kaisen
kahyla,kahyla
kagumi,kagumi
sejadi,sejadi
seizin,seizin
banyak,banyak
cooked,cooked
culers,culers
pamali,pamali
palung,palung
paling,paling
kakimu,kakimu
kakiku,kakiku
sejuta,sejuta
worthy,worthy
kabary,kabary
jenong,jenong
kafein,kafein
kadrun,kadrun
jemput,jemput
jejaki,jejaki
kajian,kajian
strong,strong
stroke,stroke
obsesi,obsesi
offend,offend
anjrot,anjrot
anjrit,anjrit
sparks,sparks
spaces,spaces
soyong,soyong
source,source
pamrih,pamrih
ochtaf,octaf
sejhat,sejahat
meraka,mereka
mnurun,menurun
anying,anjing
cuitan,cuitan
seiman,seiman
sehoki,sehoki
sejauh,sejauh
sejati,sejati
sejago,sejago
banten,banten
bantal,bantal
bantai,bantai
bantah,bantah
koping,coping
kaiser,kaiser
worker,worker
worked,worked
pandji,pandji
nyutan,nyutan
kalian,kalian
kaleng,kaleng
barang,barang
drpada,daripada
mencet,memencet
prcaya,percaya
krjaan,pekerjaan
dimasa,di masa
cannot,cannot
nyeseg,nyesek
obatan,obatan
nyubit,nyubit
nyorot,nyorot
nyopir,nyopir
nyopet,nyopet
nyolot,nyolot
yaelah,ya elah
mateng,matang
labnya,lab-nya
jelang,jelang
nyesak,nyesak
studio,studio
anjing,anjing
anjime,anjime
nyolek,nyolek
nyocot,nyocot
string,string
strict,strict
nyunda,nyunda
segmen,segmen
kaluna,kaluna
kalila,kalila
nyatir,nyatir
nyeret,nyeret
nyepol,nyepol
nyepam,nyepam
pandai,pandai
conrad,conrad
kambuh,kambuh
segini,segini
segila,segila
segera,segera
segede,segede
sehari,sehari
segrup,segrup
lobang,lubang
scoups,s.coups
pokoke,pokoknya
kampus,kampus
jebule,jebule
jeblok,jeblok
kamera,kamera
nyisir,nyisir
brisik,berisik
obatna,obatnya
ngeong,mengeong
kndung,kandung
smbung,sambung
hp-nya,HP-nya
pekara,perkara
seung쟹,seungjae
baptis,baptis
nyilet,nyilet
nyetop,nyetop
injt-a,intj-a
oprasi,operasi
nembak,menembak
diraga,di raga
kasian,kasihan
panini,panini
pantai,pantai
pansos,pansos
panjul,panjul
panjat,panjat
kanino,kanino
kangen,kangen
bapak2,bapak2
segitu,segitu
kalung,kalung
kanade,kanade
nyelem,nyelem
nyekek,nyekek
nyebat,nyebat
nyambi,nyambi
nyaman,nyaman
wonpil,wonpil
wondul,wondul
wonder,wonder
jastip,jastip
segala,segala
seenak,seenak
baring,baring
bareng,bareng
barely,barely
sampek,sampai
mndiri,mandiri
wisuda,wisuda
wishes,wishes
kaneki,kaneki
kanebo,kanebo
kandas,kandas
kantuk,kantuk
kantor,kantor
kantin,kantin
woojin,woojin
wonwoo,wonwoo
curiga,curiga
ngekos,mengekos
chemas,cemas
demlah,demi Allah
nyiram,nyiram
curcol,curcol
seeker,seeker
seeing,seeing
nyalip,nyalip
nyalin,nyalin
hendri,Hendri
pndiem,pendiam
hmchie,<noise>
smilej,smile
kerjan,kerja
nempel,menempel
anxkty,anxiety
pantas,pantas
nyatat,nyatat
nyaris,nyaris
papaku,papaku
within,within
juelek,jelek
ersyad,Ersyad
antara,jam
kbrshn,kebersihan
curhat,curhat
stuffs,stuffs
curang,curang
nyamuk,nyamuk
nurdin,nurdin
nurani,nurani
baikan,baikan
jarang,jarang
woilah,woilah
barbie,barbie
barbar,barbar
seekor,seekor
nyalak,nyalak
custom,custom
cursed,cursed
nyalah,nyalah
nyakit,nyakit
angkat,angkat
subtes,subtes
jantan,jantan
kanker,kanker
kanjut,kanjut
karang,karang
kapten,kapten
kaprah,kaprah
jarjit,jarjit
pantry,pantry
sturdy,sturdy
pantat,pantat
sounds,sounds
sospol,sospol
sosmed,sosmed
jangka,jangka
karepe,karepe
kardus,kardus
karbol,karbol
karate,karate
jammed,jammed
karung,karung
wkakak,wkakak
number,number
-hidup,hidup
tespek,testpack
hadeeh,haduh
submit,submit
subjek,subjek
karpet,karpet
karier,karier
kasari,kasari
seller,seller
seling,seling
baikku,baikku
reflek,refleks
soal.y,soalnya
kunong,kunang
pinjem,pinjam
hiruma,Hiruma
stupid,stupid
nyadap,nyadap
pantau,pantau
sedeng,sedeng
baruku,baruku
baruan,baruan
barter,barter
kartun,kartun
nubruk,nubruk
kelupa,kelupaan
bantin,batin
cutesy,cutesy
angkut,angkut
angkuh,angkuh
angkot,angkot
papiku,papiku
common,common
commit,commit
subong,subong
wisata,wisata
winter,winter
mantep,mantap
mlipir,melipir
ajalah,simpan
pagian,pagi-pagi
suaran,suaran
jancuk,jancuk
jamuan,jamuan
jamnya,jamnya
kataku,kataku
parang,parang
sudahi,sudahi
appear,appear
appeal,appeal
nothin,nothin
3.6thn,3.6 tahun
wordss,words
angler,angler
secure,secure
kastel,kastel
partai,partai
daftar,daftar
daerah,daerah
cutter,cutter
coming,coming
parent,parent
pardon,pardon
jambak,jambak
kawaii,kawaii
katsuo,katsuo
kating,kating
nopang,nopang
angsat,angsat
notice,notice
comedy,comedy
combat,combat
colour,colour
secret,secret
second,second
barnie,barnie
sedari,sedari
pugung,punggung
brpkir,berpikir
trobos,terobos
kemapa,kenapa
dhrgai,dihargai
anitwt,anxious
parkir,parkir
parfum,parfum
widget,widget
wicked,wicked
1-on-1,1-on-1
0siris,0siris
window,window
shudnt,shouldn't
anixty,anxiety
setean,setan
jangan,jangan
kazuki,kazuki
pasang,pasang
anemia,anemia
suffer,suffer
sudden,sudden
jalani,jalani
basket,basket
baseus,baseus
secuil,secuil
.minta,. minta
sppnya,SPP-nya
maless,males
sedang,sedang
paslon,paslon
pasien,pasien
pascol,pascol
nobita,nobita
nobara,nobara
dadaku,dadaku
norris,norris
normal,normal
baunya,baunya
secara,secara
pilgan,pilihan ganda
kewong,kawin
windah,windah
anggur,anggur
anggun,anggun
noises,noises
nobody,nobody
pascal,pascal
apotek,apotek
partum,partum
colmek,colmek
collab,collab
coffee,coffee
coding,coding
hipdut,hipnotis
edgysm,edgism
secuek,secuek
sebong,sebong
pastes,pastes
sulfat,sulfat
sukuna,sukuna
sukses,sukses
sukaan,sukaan
dablek,dablek
anggap,anggap
suguru,suguru
seblur,seblur
seblak,seblak
sebisa,sebisa
sebiji,sebiji
sultan,sultan
passed,passed
pasrah,pasrah
paspor,paspor
jablay,jablay
sosial,sosial
sorder,sorder
soraki,soraki
jadwal,jadwal
jadian,jadian
jalang,jalang
jahati,jahati
jagoan,jagoan
kebaca,kebaca
tduran,tiduran
wkakwk,<noise>
daging,daging
ningie,ningie
kebagi,kebagi
kebaya,kebaya
kebawa,kebawa
jagaan,jagaan
jaeyul,jaeyul
wgwgwg,wgwgwg
wercok,wercok
dahmer,dahmer
brhrap,berharap
oengen,ingin
kocyak,kocak
trusan,terusan
keanak,keanak
sulung,sulung
batang,batang
weapon,weapon
kebluk,kebluk
kebiri,kebiri
iyalah,iyalah
iyakan,iyakan
jaemin,jaemin
kalean,kalian
anxety,anxiety
leason,lesson
sebuah,sebuah
weight,weight
itulah,itulah
nights,nights
nicest,nicest
dahaga,dahaga
bakaln,bakalan
smalem,semalam
hutang,utang
dirilu,dirimu
gapake,tidak pakai
unfoll,unfollow
kcapai,kecapekan
sumber,sumber
weekly,weekly
nikmat,nikmat
nikita,nikita
nikahi,nikahi
pastry,pastry
pautan,pautan
battle,battle
batita,batita
wekwan,wekwan
sungai,sungai
sumpil,sumpil
sumpel,sumpel
sumpek,sumpek
sebaya,sebaya
issues,issues
dagang,dagang
niatan,niatan
nguyel,nguyel
ngutip,ngutip
iyakah,iyakah
keburu,keburu
kebuka,kebuka
itukah,itukah
itself,itself
coblos,coblos
cobaan,cobaan
pc-nya,pc-nya
payung,payung
patung,patung
isinya,isinya
kebyar,kebyar
bayang,bayang
bawaku,bawaku
bawaan,bawaan
ngosan,ngosan
dalami,dalami
niatku,niatku
ptusin,putusin
sarany,sarannya
anggep,anggap
ngiung,ngiung
ngikik,ngikik
nghalu,nghalu
israel,israel
isoman,isoman
islami,islami
10-anf,10-anf
waswas,waswas
isengi,isengi
selucu,selucu
seluas,seluas
sumpah,sumpah
ngilam,ngilang
wayang,wayang
summer,summer
sumdok,sumdok
iphone,iphone
warung,warung
wasiat,wasiat
kecoak,kecoak
mksain,memaksakan
keblkg,ke belakang
napkah,nafkah
haycur,hai curhat
tesara,terserah
.krena,. karena
ngango,nganga
ini.80,ini. 80
ngeteh,ngeteh
dampak,dampak
dajjal,dajjal
dahulu,dahulu
beanie,beanie
sebaik,sebaik
bayiku,bayiku
baygon,baygon
summon,summon
danmei,danmei
ngetag,ngetag
ngeset,ngeset
ngeres,ngeres
ngepod,ngepod
ngepas,ngepas
paypal,paypal
pawang,pawang
pavlov,pavlov
isekai,isekai
irinya,irinya
wardah,wardah
wanted,wanted
dipase,di fase
kcewai,kecewa
kecewa,kecewa
128et2,128et2
warnet,warnet
warnai,warnai
warmth,warmth
warkop,warkop
daring,daring
soothe,soothe
soobin,soobin
sontak,sontak
invite,invite
kediri,kediri
nyegol,nyenggol
ttidak,tidak
danone,danone
seatap,seatap
season,season
search,search
aralie,aralie
pedean,pedean
sungut,sungut
dandan,dandan
dancer,dancer
ngelag,ngelag
ngekil,ngekil
ngegym,ngegym
searah,searah
irisan,irisan
ngecas,ngecas
ngebul,ngebul
datang,datang
pedang,pedang
darimu,darimu
dariku,dariku
damkar,damkar
ngenes,ngenes
solves,solves
intens,intens
intern,intern
seakan,seakan
seadil,seadil
kejual,terjual
skitar,sekitar
gmaana,gimana
dayaku,dayaku
ininya,ininya
insert,insert
insane,insane
instan,instan
instal,instal
kedua2,kedua2
mesjid,masjid
sygnya,sayangnya
suffle,shuffle
kwatir,khawatir
tounge,tongue
dihome,di home
wanita,wanita
inside,inside
ngeden,ngeden
clingy,clingy
climax,climax
client,client
cliche,cliche
supaya,supaya
suntuk,suntuk
nyimak,menyimak
se-oon,se-oon
sunset,sunset
ngebor,ngebor
dearly,dearly
dating,dating
inkrah,inkrah
injury,injury
danger,danger
ngebet,ngebet
bahasa,bahasa
bebani,bebani
beauty,beauty
inhale,inhale
ingkar,ingkar
detlen,deadline
iparku,iparku
ancrit,ancrit
pegang,pegang
peduli,peduli
claude,claude
closet,closet
inikah,inikah
cnblue,cnblue
clumsy,clumsy
clinic,clinic
episod,episode
teraje,teraju
seluru,seluruh
theyre,they're
ngeleg,nge-lag
suntik,suntik
indeed,indeed
keikut,keikut
inilah,inilah
closed,closed
decide,decide
decent,decent
bagian,bagian
sembab,sembab
semata,semata
semasa,semasa
scream,scream
andara,andara
arahin,arahin
arahan,arahan
aqeela,aqeela
indigo,indigo
keiris,keiris
become,become
became,became
sd-smp,sd-smp
scotty,scotty
scorer,scorer
induce,induce
kejari,kejari
nyeleh,nyeleneh
kubuat,buat
deeply,deeply
deeper,deeper
degree,degree
ngakak,ngakak
debati,debati
deaths,deaths
analis,analis
supper,supper
income,income
school,school
schizo,schizo
sd-sma,sd-sma
scroll,scroll
ngomel,mengomel
nge-up,nge-up
screen,screen
bagong,bagong
apsari,apsari
solved,solved
solusi,solusi
solmet,solmet
waking,waking
wakili,wakili
wakeup,wakeup
indoor,indoor
ngamen,ngamen
seriap,setiap
ditaro,ditaruh
aqiqah,akikah
kejang,kejang
ngaret,ngaret
defend,defend
imingi,imingi
scared,scared
sbmptn,sbmptn
beelby,beelby
defkal,defkal
eskrim,es krim
mendig,mending
dikala,di kala
dikaki,di kaki
kenala,kenapa
script,script
pelaku,pelaku
clears,clears
ilmiah,ilmiah
sembuh,sembuh
sembah,sembah
rilexs,rileks
.sejak,. sejak
skksks,<noise>
gprcya,ga percaya
terhdp,terhadap
ngawur,ngawur
delusi,delusi
delulu,delulu
delete,delete
dekati,dekati
dekade,dekade
demons,demons
impian,impian
impact,impact
ilfeel,ilfeel
immune,immune
kelola,kelola
satire,satire
sasuke,sasuke
sastra,sastra
bagimu,bagimu
bagiku,bagiku
saying,saying
sayang,sayang
wahana,wahana
waguri,waguri
imanku,imanku
kelabu,kelabu
pelaut,pelaut
30 jam,30 jam
woylah,woilah
trmsuk,termasuk
ikhwan,ikhwan
ikhlas,ikhlas
ikatan,ikatan
ikamah,ikamah
ilegal,ilegal
sautan,sautan
surely,surely
newbie,newbie
ckckck,ckckck
ngudud,merokok
wktnya,waktunya
petrik,patrick
yaudab,ya udah
nganga,nganga
pelita,pelita
ignore,ignore
citaku,citaku
netral,netral
survei,survei
nerves,nerve
crewet,cerewet
legowo,legawa
naikin,menaikkan
kak.yg,kak. yang
gapede,ga pede
deluxe,deluxe
demand,demand
neraka,neraka
kelima,kelima
keluar,keluar
ijazah,ijazah
ijabah,ijabah
behave,behave
backup,backup
nyakar,mencakar
ciuman,ciuman
satset,satset
satpam,satpam
satoru,satoru
cishet,cishet
cintai,cintai
cinlok,cinlok
sasing,sasing
begitu,begitu
begini,begini
begged,begged
saving,saving
ikutan,ikutan
it2oi7,it 2017
pdahal,padahal
surges,surges
voices,voices
dengki,dengki
negeri,negeri
dengar,dengar
dengan,dengan
dendam,dendam
voting,voting
wacana,wacana
wa-nya,wa-nya
vtuber,vtuber
igs-in,igs-in
kemari,kemari
ifykyk,ifykyk
negara,negara
needed,needed
denyut,denyut
cinder,cinder
pemain,pemain
pemaaf,pemaaf
denial,denial
13.000,13.000
ibunya,ibunya
kembar,kembar
kemayu,kemayu
idenya,idenya
sekola,sekolah
sumpeg,sumpek
berubh,berubah
lagune,lagunya
dempet,dempet
anabul,anabul
amused,amused
anakmu,anakmu
idaman,idaman
virgin,virgin
sarang,sarang
sarana,sarana
cupet-,cupet
keknya,sepertinya
ekekek,<noise>
mslhku,masalahku
bacaan,bacaan
sarung,sarung
sarkas,sarkas
anakku,anakku
ne-san,ne-san
nctzen,nctzen
suuzon,suuzon
suuzan,suuzan
suster,suster
pelupa,pelupa
ngeyel,mengeyel
bukany,bukannya
volume,volume
cileuk,cileuk
pemalu,pemalu
circle,circle
naskah,naskah
videos,videos
ibarat,ibarat
demure,demure
deg-an,deg-degan
jamaah,jemaah
16 jam,16 jam
hastag,hashtag
ganemu,ga nemu
ngomng,berbicara
before,before
violet,violet
vinxen,vinxen
derita,derita
dering,dering
nazila,nazila
solely,solely
dennis,dennis
depend,depend
nearly,nearly
sweets,sweets
swatch,swatch
swasta,swasta
suzume,suzume
nation,nation
ibadah,ibadah
vn-nya,vn-nya
vivian,vivian
visual,visual
kemeja,kemeja
kenang,kenang
kenali,kenali
hyunhe,hyunhe
kenapa,kenapa
mnurut,menurut
knpsih,kenapa sih
chubby,chubby
chrome,chrome
soleha,soleha
solder,solder
soknya,soknya
soetta,soetta
kentut,kentut
kentir,kentir
babies,babies
sempro,sempro
sempit,sempit
ngmomg,ngomong
gaksih,tidak sih
mulfan,multifandom
cimory,cimory
semoga,semoga
switch,switch
narasi,narasi
naruko,naruko
narsis,narsis
kening,kening
i-land,i-land
kepala,kepala
kepake,kepake
hyping,hyping
victim,victim
bakbab,<noise>
ibunda,ibunda
narita,narita
chuuya,chuuya
cincin,cincin
chunks,chunks
choose,choose
verbal,verbal
sangat,sangat
sanemi,sanemi
sapaan,sapaan
santun,santun
santri,santri
santet,santet
teroos,terus
9 hari,kehilangan
sempat,sempat
sanity,sanity
sangka,sangka
kental,kental
amplop,amplop
amount,amount
socmed,socmed
social,social
soccer,soccer
chimon,chimon
chimmy,chimmy
masala,masalah
5.3o_9,<noise>
dimata,di mata
vibing,vibing
namamu,namamu
naluri,naluri
nakkun,nakkun
nanjak,nanjak
naneul,naneul
nanami,nanami
chores,chores
baramg,barang
plapon,plafon
minjam,meminjam
nyebur,mencebur
nampak,tampak
santai,santai
pemuja,pemuja
pemuda,pemuda
pemilu,pemilu
pemicu,pemicu
vendor,vendor
varian,varian
swings,swings
desaku,desaku
desain,desain
choice,choice
sancho,sancho
samsak,samsak
husnul,husnul
syibal,syibal
najdat,najdat
kepier,kepier
hustle,hustle
sampun,sampun
sampel,sampel
belang,belang
bekasi,bekasi
behind,behind
nampan,nampan
boynya,boy-nya
rasaya,rasanya
mmliki,memiliki
kepoin,kepoin
kepoan,kepoan
hungry,hungry
hunger,hunger
humans,humans
sampah,sampah
sambil,sambil
sambet,sambet
sambel,sambel
sagael,segel
fvckin,fucking
brhnti,berhenti
wkwkkw,hahaha
chills,chills
samaan,samaan
sandal,sandal
kerbau,kerbau
kerasa,kerasa
humble,humble
melagi,mau lagi
enakam,enakan
yessir,yes sir
miskom,miskomunikasi
kostan,kosan
depres,depresi
pemula,pemula
system,system
desire,desire
design,design
nafkah,nafkah
mutasi,mutasi
detect,detect
nyatet,mencatat
3 hari,3 hari
aiport,airport
sambat,sambat
vampir,vampir
huehue,huehue
huahua,huahua
mv-nya,mv-nya
ambyar,ambyar
ambruk,ambruk
syarat,syarat
syahid,syahid
syahdu,syahdu
ampuni,ampuni
syukur,syukur
kerdil,kerdil
tabata,tabata
ta'ala,ta'ala
t____t,t____t
t-tapi,t-tapi
mutung,mutung
nacchi,nacchi
myself,myself
sampai,sampai
vaksin,vaksin
vagina,vagina
vacant,vacant
hshshs,hshshs
kering,kering
kereta,kereta
bigini,begini
ibumer,ibu mertua
chenle,chenle
pencet,pencet
chelle,chelle
kertas,kertas
kerkel,kerkel
saling,saling
saleha,saleha
belaka,belaka
iqomah,ikamah
brtnya,bertanya
koming,coming
cicaak,cicak
harinx,hari ini
adalag,ada lagi
kerana,kerana
device,device
jngkan,jangankan
spikis,psikis
gautuh,ga utuh
-sakit,sakit
jaksel,Jaksel
skolah,sekolah
binggo,bingo
ketcil,kecil
huhuhu,huhuhu
penari,penari
pendek,pendek
pendam,pendam
belief,belief
beliau,beliau
salute,salute
cherry,cherry
horkne,horkne
salary,salary
salain,salain
munyuk,munyuk
muntah,muntah
mungil,mungil
mutual,mutual
mushaf,mushaf
museum,museum
musang,musang
murung,murung
detail,detail
detach,detach
musnah,musnah
muslim,muslim
nabrak,menabrak
tabrak,tabrak
tablet,tablet
muring,muring
murder,murder
hotnya,hotnya
utsnya,utsnya
babuin,babuin
bablas,bablas
usilan,usilan
usiaku,usiaku
honkai,honkai
horror,horror
hormon,hormon
kelnya,kelasnya
gorjes,gorgeous
belagu,belagu
detoks,detoks
honest,honest
hoping,hoping
hoodie,hoodie
useful,useful
usapan,usapan
semula,semula
semuda,semuda
semuak,semuak
.gimna,. gimana
rumyan,lumayan
ofkroz,of course
parah_,parah
cheers,cheers
tackle,tackle
tabung,tabung
saking,saking
hollow,hollow
hokben,hokben
hohoho,hohoho
urutan,urutan
nyusun,menyusun
wlopun,walaupun
sradag,sradak
ngetwt,ngetwit
hormat,hormat
mullet,mullet
dharma,dharma
dewasa,dewasa
mundur,mundur
muncul,muncul
mukaku,mukaku
hockey,hockey
upload,upload
sakura,sakura
sakral,sakral
seburn,sunburn
babumu,babumu
snmptn,snmptn
update,update
upchar,upchar
hitung,hitung
sadboy,sadboy
saipul,saipul
chatan,chatan
change,change
chance,chance
sakiti,sakiti
woakwk,<noise>
segela,segelas
mucunl,muncul
malahj,malah
hoream,hoream
tahlil,tahlil
unsure,unsure
unsent,unsent
unsend,unsend
unseen,unseen
unsafe,unsafe
muffin,muffin
saikhu,saikhu
urusan,urusan
urgent,urgent
urakan,urakan
sadari,sadari
sachet,sachet
di-tag,di-tag
msteam,msteam
hewani,hewani
ketiak,ketiak
safari,safari
up-nya,up-nya
hingga,hingga
hinaan,hinaan
unwell,unwell
untung,untung
tafsir,tafsir
taesul,taesul
taesan,taesan
-munir,munir
tailah,tailah
hilang,hilang
hiking,hiking
sabodo,sabodo
sahaja,sahaja
safety,safety
hidden,hidden
ketemu,ketemu
hijrah,hijrah
belong,belong
1 hari,1 hari
ngubah,mengubah
onlime,online
dimuka,di muka
mintol,minta tolong
charge,charge
hidung,hidung
hiding,hiding
unpaid,unpaid
ketawa,ketawa
ketara,ketara
unmood,unmood
unlock,unlock
unless,unless
hernia,hernia
mnusia,manusia
taemni,taemni
ketiga,ketiga
hiatus,hiatus
highly,highly
higher,higher
taiwan,taiwan
ceunah,ceunah
cetera,cetera
mother,mother
mostly,mostly
dialog,dialog
dialah,dialah
aktnya,akibatnya
lupain,lupakan
suruhv,suruh
beling,beling
moving,moving
cerpen,cerpen
cermin,cermin
center,center
cengir,cengir
cengar,cengar
tk.apa,tidak apa-apa
stunya,satunya
ssuatu,sesuatu
jgnjgn,jangan-jangan
alesan,alasan
nyamar,menyamar
herbal,herbal
ambang,ambang
amazed,amazed
takdir,takdir
takbir,takbir
motion,motion
montok,montok
smoker,smoker
ceplos,ceplos
ceplas,ceplas
ambing,ambing
monday,monday
diamku,diamku
keurus,keurus
keunse,keunse
helper,helper
cendol,cendol
ketika,ketika
herpes,herpes
ungkit,ungkit
sendok,sendok
sender,sender
senang,senang
pengap,pengap
cerita,cerita
esumpa,eh sumpah
cemput,cemput
moment,moment
undead,undead
months,months
ungkap,ungkap
unggul,unggul
21.500,21.500
united,united
unique,unique
hempas,hempas
ketipu,ketipu
diajak,diajak
sydney,Sydney
naggis,nangis
scarry,scary
diakui,diakui
ruqyah,ruqyah
rupiah,rupiah
azabmu,azabmu
ungkik,ungkik
ruutni,ruutni
uneasy,uneasy
khilaf,khilaf
khalid,khalid
hening,hening
isokey,it's okay
disaat,di saat
goblkl,goblok
ambigu,ambigu
monyet,monyet
cerdas,cerdas
cekung,cekung
undang,undang
helbis,helbis
helaan,helaan
kiamat,kiamat
khusus,khusus
senior,senior
dibagi,dibagi
monsta,monsta
monggo,monggo
diamuk,diamuk
mondok,mondok
diatur,diatur
diasah,diasah
kicked,kicked
ruined,ruined
runyam,runyam
2 hari,2 hari
lilung,linglung
sialun,<noise>
saiton,setan
akrena,karena
kafgak,kafe gak
srumah,serumah
5butir,5 butir
apapun,apa pun
hendak,hendak
unblok,unblok
umurku,umurku
umuran,umuran
dianya,dianya
monang,monang
momong,momong
moneys,moneys
sensor,sensor
modern,modern
dibaca,dibaca
celaka,celaka
smanic,smanic
slowly,slowly
runtuh,runtuh
runner,runner
rumput,rumput
ruling,ruling
kian84,kian84
umpama,umpama
kimhan,kimhan
kimbab,kimbab
killua,killua
centil,centil
cedera,cedera
cemara,cemara
celine,celine
celana,celana
ulasan,ulasan
kinara,kinara
ulangi,ulangi
ayahku,ayahku
gaenak,tidak enak
pelako,pelakor
wanuta,wanita
krjkan,kerjakan
lrgnya,lorongnya
tenpat,tempat
ngarah,mengarah
roomie,roomie
rowoon,rowoon
rotasi,rotasi
roster,roster
klemer,klemer
klemar,klemar
wassap,whatsapp
adekmu,adikmu
bcause,because
kidult,kidult
ukuran,ukuran
ukmppd,ukmppd
kiyoko,kiyoko
dibawa,dibawa
takuti,takuti
taksir,taksir
meliat,melihat
gnguan,gangguan
cowoku,cowokku
tanpan,tampan
aplagi,apalagi
buatin,buatkan
sentuh,sentuh
slogan,slogan
slight,slight
slides,slides
alyssa,alyssa
talked,talked
talent,talent
caused,caused
ceklis,ceklis
kitten,kitten
seonho,seonho
seolah,seolah
senyum,senyum
senyap,senyap
ayolah,ayolah
mleyot,mleyot
taknak,taknak
takkan,takkan
takjub,takjub
takjil,takjil
taking,taking
ambisi,ambisi
cekcok,cekcok
casing,casing
pening,pening
pcahin,pecahin
slebor,slebor
mobile,mobile
mobbed,mobbed
diblok,diblok
diburu,diburu
kloset,kloset
klinis,klinis
klinik,klinik
"3,6thn","3,6thn"
2x-nya,2x-nya
berobt,berobat
gapnya,gap-nya
nyusul,menyusul
ngegas,mengegas
gaprnh,ga pernah
klasik,klasik
mister,mister
mizyan,mizyan
mizuki,mizuki
diberi,diberi
dibeli,dibeli
dibela,dibela
amanah,amanah
amalku,amalku
amalan,amalan
missed,missed
sloppy,sloppy
misery,misery
mitski,mitski
mistis,mistis
slepet,slepet
sleepy,sleepy
slayer,slayer
caring,caring
ucapan,ucapan
ubanan,ubanan
uasnya,uasnya
bengis,bengis
benang,benang
benalu,benalu
bemjur,bemjur
liatin,lihatkan
ugalan,ugalan
dicaci,dicaci
mirzap,mirzap
miring,miring
dibuka,dibuka
dibuat,dibuat
hdupku,hidupku
ramegk,rame gak
jsjsjs,<noise>
diamin,didiamkan
moodmu,mood-mu
nggame,main game
ngurus,mengurus
idamjn,idamkan
kelock,terkunci
miskin,miskin
penipu,penipu
caught,caught
carbon,carbon
carats,carats
caramu,caramu
caraku,caraku
rontok,rontok
mingyu,mingyu
mingle,mingle
minyak,minyak
dicuri,dicuri
komdis,komdis
komang,komang
minwon,minwon
dicuci,dicuci
rongga,rongga
rombak,rombak
uangku,uangku
typing,typing
kodrat,kodrat
udahan,udahan
hectic,hectic
kolega,kolega
komedi,komedi
minggu,minggu
dicoba,dicoba
hehehe,hehehe
twenty,twenty
tweets,tweets
roller,roller
rohani,rohani
ronsen,ronsen
pentil,pentil
pentas,pentas
pensil,pensil
ortuny,ortunya
kieuth,cute
bangen,banget
tambah,tambah
amarah,amarah
koloni,koloni
sepagi,sepagi
bengep,bengep
bengek,bengek
heaven,heaven
hearts,hearts
header,header
kompem,kompem
kompak,kompak
besama,bersama
kata.a,kata dia
dicari,dicari
komnas,komnas
komisi,komisi
hatimu,hatimu
skuter,skuter
sksksk,sksksk
arogan,arogan
arnold,arnold
kompre,kompre
kompor,kompor
health,health
ritual,ritual
roblox,roblox
gimana,bagaimana
minjun,minjun
tampan,tampan
tampak,tampak
tamiya,tamiya
tambal,tambal
diduga,diduga
awutan,awutan
riweuh,riweuh
healed,healed
tutupi,tutupi
having,having
minder,minder
dzlimi,didzalimi
usahin,usahakan
pengen,ingin
komodo,komodo
penuhi,penuhi
career,career
cardio,cardio
haunts,haunts
hating,hating
biolah,biarlah
kerkof,kerkhof
lagian,lagi pula
anjiir,anjir
istriq,istriku
ieumah,ieu mah
rasanx,rasanya
robbed,robbed
miliki,miliki
miliar,miliar
capres,capres
capnya,capnya
candle,candle
konser,konser
dielus,dielus
diejek,diejek
middle,middle
difoto,difoto
dietku,dietku
mikael,mikael
alumni,alumni
tangga,tangga
hatiku,hatiku
haters,haters
konsul,konsul
ringan,ringan
sepele,sepele
sepeda,sepeda
sepatu,sepatu
cantik,cantik
tampol,tampol
coklat,cokelat
konsep,konsep
kontra,kontra
kontol,kontol
konter,konter
konten,konten
kontak,kontak
hazard,hazard
cancer,cancer
cancel,cancel
rokaat,rakaat
nyesel,menyesal
permah,pernah
gaktau,tidak tahu
pnline,online
picvid,pic vid
minati,minati
tanduk,tanduk
tandas,tandas
turned,turned
tuntut,tuntut
tuntun,tuntun
koplak,koplak
kopiah,kopiah
rileks,rileks
dedlen,deadline
tampil,tampil
rising,rising
risiko,risiko
tandai,tandai
always,always
alvias,alvias
migran,migran
gegara,gara-gara
nghela,menghela
2bulan,2 bulan
trnyta,ternyata
hatika,hatiku
anjjir,anjir
siapin,siapkan
biyaya,biaya
capcus,capcus
korean,korean
turuti,turuti
camera,camera
digoda,digoda
digawe,digawe
almost,almost
tangan,tangan
bentol,bentol
kornea,kornea
rights,rights
metode,metode
meteor,meteor
perahu,perahu
pepaya,pepaya
capcay,capcay
armada,armada
arista,arista
arisan,arisan
ariana,ariana
riders,riders
konyol,konyol
hasrat,hasrat
harimu,harimu
digaji,digaji
benjut,benjut
bening,bening
korban,korban
korang,korang
kopong,kopong
kosnya,kosnya
korsel,korsel
passan,pas-pasan
jntung,jantung
1 year,1 year
bemana,bagaimana
difase,di fase
kmnitu,ke mana itu
ngmong,berbicara
denger,dengar
merugi,merugi
tunang,tunang
tumpul,tumpul
tumpah,tumpah
autumn,autumn
awards,awards
awakku,awakku
biaras,<noise>
hariku,hariku
bentak,bentak
bensin,bensin
mertua,mertua
dihina,dihina
koujou,koujou
kotaku,kotaku
messed,messed
enggak,tidak
soldot,<noise>
obatin,obati
samada,sama ada
lnikah,nikah
cepuin,cepu-in
ngaruh,berpengaruh
korona,korona
dijbjb,dijbjb
harian,harian
hari-h,hari-h
tumbuh,tumbuh
tumblr,tumblr
berabe,berabe
people,people
perasa,perasa
awaken,awaken
kronik,kronik
kritis,kritis
kritik,kritik
krisis,krisis
kripca,kripca
kresna,kresna
kosong,kosong
hargai,hargai
harder,harder
kredit,kredit
tuntas,tuntas
tunjuk,tunjuk
tungku,tungku
tunggu,tunggu
diikat,diikat
campur,campur
campak,campak
ber-13,ber-13
ribuan,ribuan
rhythm,rhythm
rezeki,rezeki
tumbuk,tumbuk
tumben,tumben
tumbal,tumbal
tulung,tulung
kualat,kualat
setanm,setan
cuekin,cueki
ngirit,mengirit
bingug,bingung
depesi,depresi
dijual,dijual
diklik,diklik
resume,resume
result,result
restui,restui
reward,reward
rewang,rewang
digrup,di grup
diskip,di-skip
ngrasa,merasa
ade2ku,adik-adikku
mescal,mescal
review,review
dikira,dikira
perang,perang
campus,campus
benget,banget
mnukar,menukar
-1oti0,-100
asinya,asi-nya
ngatur,mengatur
ijinin,izinkan
ana2ku,anak-anakku
kramat,kramat
merasa,merasa
kucari,kucari
kubuka,kubuka
kuberi,kuberi
kubaca,kubaca
kuatur,kuatur
merlin,merlin
dikaji,dikaji
meraih,meraih
dilema,dilema
dilkes,dilkes
hanbin,hanbin
kujual,kujual
caesar,caesar
cacing,cacing
cacian,cacian
tukang,tukang
tujuan,tujuan
tuhkan,tuhkan
happen,happen
hanyut,hanyut
mereda,mereda
16giga,16 giga
ngeart,nge-art
skills,skills
hantam,hantam
kuanti,kuanti
tulang,tulang
resort,resort
berair,berair
beradu,beradu
berada,berada
bentuk,bentuk
retard,retard
capean,capek-an
ikutin,ikuti
cov-19,covid-19
apayah,apa yah
revisi,revisi
mereka,mereka
respek,respek
tuanya,tuanya
hambar,hambar
kumaha,kumaha
kulkas,kulkas
hantui,hantui
-chiko,chiko
pkiran,pikiran
sholat,shalat
koment,komentar
dijaga,dijaga
handle,handle
hancur,hancur
called,called
cakram,cakram
cahaya,cahaya
hampir,hampir
berani,berani
berasa,berasa
dimaki,dimaki
dimadu,dimadu
dimsum,dimsum
merana,merana
tangis,tangis
resist,resist
resign,resign
tryout,tryout
trying,trying
trusty,trusty
hangry,hangry
kudeta,kudeta
kucing,kucing
cmilan,camilan
abisin,habiskan
bsarny,besarnya
tembel,tambal
toktok,tiktok
jeketi,jkt48
handuk,handuk
rerata,rerata
alpine,alpine
sketsa,sketsa
sketch,sketch
arthur,arthur
cabuti,cabuti
meraba,meraba
hangat,hangat
kumpul,kumpul
dipicu,dipicu
dinner,dinner
direct,direct
dirasa,dirasa
sepupu,sepupu
kunyuk,kunyuk
kunyit,kunyit
kuliah,kuliah
kuning,kuning
kunaon,kunaon
kunang,kunang
kun-ge,kun-ge
halnya,halnya
berapa,berapa
nawari,menawari
mumcul,muncul
trivia,trivia
kurasa,kurasa
berbau,berbau
repeat,repeat
berapi,berapi
haknya,haknya
hakimi,hakimi
kurang,kurang
kuping,kuping
kusuka,kusuka
dimeja,di meja
zoomin,zoom in
ngerok,merokok
mazasi,mahasiswa
dingin,dingin
kursus,kursus
seprai,seprai
sepiku,sepiku
avenue,avenue
repost,repost
report,report
dirimu,dirimu
dioper,dioper
diolok,diolok
1bulan,1 bulan
mnikah,menikah
reread,reread
ladder,ladder
labrak,labrak
labora,labora
labeli,labeli
tromso,tromso
gituin,begitukan
diriqu,diriku
teroma,trauma
bjdwig,<noise>
bbgung,bingung
selaly,selalu
nerima,menerima
nginap,menginap
kurung,kurung
tresno,tresno
trendy,trendy
trench,trench
tremor,tremor
travel,travel
disapa,disapa
septic,septic
ladeni,ladeni
diriku,diriku
disuka,disuka
tragis,tragis
lampau,lampau
lambat,lambat
lamban,lamban
remove,remove
rentan,rentan
berdua,berdua
berdoa,berdoa
kuyang,kuyang
lalang,lalang
laknat,laknat
lajang,lajang
tribun,tribun
remaja,remaja
religi,religi
dipuji,dipuji
diraih,diraih
disita,disita
renjun,renjun
rendah,rendah
renang,renang
trauma,trauma
lalumu,lalumu
lalisa,lalisa
bpknya,bapaknya
akuteh,aku teh
gobrol,ngobrol
haraan,harapan
semuan,semua
landed,landed
lancau,lancau
lancar,lancar
traits,traits
ditata,ditata
langka,langka
langit,langit
pendem,pendam
sorang,seorang
kiriku,tanganku
dyslex,dyslexia
triak2,triak2
beribu,beribu
remote,remote
remisi,remisi
remind,remind
toward,toward
hadapi,hadapi
lanang,lanang
lampir,lampir
ditiru,ditiru
43 jam,43 jam
kesian,kasihan
lalilu,lalilu
diskon,diskon
cabang,cabang
around,around
perfek,perfek
lansia,lansia
lanjut,lanjut
rennes,rennes
lamaku,lamaku
gthwin,ketahuilah
kesini,mampir
sekalu,selalu
garuda,Garuda
dipost,di-post
hahaha,hahaha
diusut,diusut
allahu,allahu
relasi,relasi
relaks,relaks
lapang,lapang
hadiah,hadiah
relief,relief
trafik,trafik
trades,trades
trabas,trabas
django,django
diukur,diukur
diudag,diudag
laptop,laptop
laprak,laprak
relain,relain
berisi,berisi
berjam,berjam
berita,berita
berkah,berkah
berhak,berhak
dituna,dituna
dihari,di hari
nyiyir,nyinyir
promil,program hamil
edfort,effort
hadeuh,hadeuh
hadaah,hadaah
lantas,lantas
lantai,lantai
latest,latest
laterz,laterz
latent,latent
lately,lately
austin,austin
acount,account
lemmes,<noise>
tntang,tentang
ditipu,ditipu
sequel,sequel
relate,relate
tangki,tangki
seniri,sendiri
palinv,paling
majlum,maklum
dateng,datang
kmarin,kemarin
foboss,fobia
dptein,depresi
dzikir,zikir
ngakat,mengangkat
diurai,diurai
buzzer,buzzer
buying,buying
butter,butter
5opdhl,5opdhl
topeng,topeng
layoff,layoff
diusir,diusir
diusap,diusap
diurus,diurus
mentor,mentor
mentok,mentok
doinya,doinya
diuber,diuber
reject,reject
lautan,lautan
laukku,laukku
lauhul,lauhul
latsol,latsol
larang,larang
diubah,diubah
divisi,divisi
bocils,bocil-bocil
tombol,tombol
bersih,bersih
reiner,reiner
berlin,berlin
foccus,focus
nyanyi,menyanyi
sepela,sepele
deg2an,deg-degan
adadiq,ada di
menika,menikah
cortis,kortisol
geting,genting
cerhat,curhat
.mohon,. mohon
gengan,genggam
august,august
dimute,di-mute
nyesek,menyesak
tentag,tentang
kuduga,duga
diving,diving
tarikh,tarikh
doanya,doanya
mental,mental
mentah,mentah
leader,leader
bersin,bersin
layani,layani
berkat,berkat
berkas,berkas
tongue,tongue
tomboy,tomboy
target,target
learnt,learnt
menuju,menuju
sitkom,sitkom
sister,sister
sistem,sistem
period,period
tolong,tolong
toksik,toksik
7dream,7dream
lawyer,lawyer
lawang,lawang
layout,layout
tonton,tonton
tonjok,tonjok
doakan,doakan
taruma,taruma
dodged,dodged
doctor,doctor
dorong,dorong
dorman,dorman
doremi,doremi
regret,regret
refund,refund
recall,recall
reduce,reduce
redmex,redmex
reddit,reddit
toilet,toilet
todong,todong
todays,todays
genduy,gendut
buruan,buruan
busway,busway
tasnya,tasnya
record,record
legend,legend
legawa,legawa
lemah-,lemah-
lelaki,lelaki
recent,recent
tarzan,tarzan
konfir,konfirmasi
guanbo,<noise>
2 days,2 days
nyaamn,nyaman
truama,trauma
taring,taring
dokter,dokter
lembek,lembek
lembar,lembar
lembah,lembah
reason,reason
really,really
tahula,tahu-tahu lah
trikat,terikat
gntian,gantian
tbrkan,tabrakan
tobrut,tobrut
taulah,taulah
bustle,bustle
burung,burung
bundle,bundle
perkem,perkem
lengah,lengah
lendir,lendir
lempar,lempar
ttngga,tetangga
gampil,gampang
cindel,cinder
taruna,taruna
lembur,lembur
dosbim,dosbim
donate,donate
donasi,donasi
dompet,dompet
taynew,taynew
mensku,mensku
domain,domain
doktor,doktor
warnya,warnanya
didada,di dada
7tahun,7 tahun
dokmik,dokmik
burned,burned
burger,burger
burden,burden
bumble,bumble
bupati,bupati
buntut,buntut
dospem,dospem
lemari,lemari
gutted,gutted
lenoir,lenoir
lengan,lengan
lekang,lekang
dosaku,dosaku
doujin,doujin
driver,driver
seraya,seraya
serasa,serasa
seraph,seraph
taylor,taylor
tayang,tayang
taxing,taxing
lenyap,lenyap
gwlte3,gwlte3
tk-sma,tk-sma
berupa,berupa
beside,beside
doping,doping
mumkim,mungkin
meniru,meniru
menipu,menipu
bungsu,bungsu
reader,reader
reacts,reacts
reaksi,reaksi
tjiakh,tjiakh
letter,letter
lethal,lethal
dragon,dragon
drafts,drafts
menagn,menang
searcg,search
bundir,bunuh diri
percis,persis
lembut,lembut
serang,serang
serame,serame
autism,autism
author,author
rattle,rattle
tiroid,tiroid
tiring,tiring
tipuan,tipuan
gurita,gurita
sampae,sampai
gajauh,ga jauh
double,double
gundah,gundah
lesson,lesson
leslar,leslar
lewati,lewati
rasaku,rasaku
lights,lights
lifted,lifted
guruku,guruku
dreita,derita
deprsi,depresi
dikata,dikatakan
dipagi,di pagi
sndiri,sendiri
dracin,dracin
betina,betina
bulian,bulian
dsbnya,dsbnya
drakor,drakor
drains,drains
permen,permen
warass,waras
klodtg,kalau datang
aminin,aminkan
-nkcth,hey
gunung,gunung
bundet,bundet
bunder,bunder
bunbun,bunbun
bukber,bukber
teazzi,teazzi
teater,teater
sirsak,sirsak
sirkel,sirkel
bullet,bullet
rasani,rasani
rasane,rasane
dugaan,dugaan
dumbel,dumbel
duanya,duanya
rantai,rantai
permak,permak
tinggi,tinggi
tindak,tindak
gulung,gulung
gulita,gulita
guling,guling
bestie,bestie
rapper,rapper
rating,rating
fwends,friends
orgorg,orang-orang
ksihan,kasihan
budget,budget
duluan,duluan
teaser,teaser
driven,driven
pernah,pernah
random,random
aturan,aturan
sering,sering
series,series
seribu,seribu
seriau,seriau
bertny,bertanya
maksih,makasih
betray,betray
betapa,betapa
tegaan,tegaan
timing,timing
liking,liking
likert,likert
likely,likely
linear,linear
dukung,dukung
tegang,tegang
ujanan,hujanan
takleh,tak boleh
pucing,pusing
tdkada,tidak ada
rather,rather
bubbly,bubbly
bubble,bubble
persis,persis
budimu,budimu
lingku,lingku
lingga,lingga
listen,listen
liquid,liquid
linked,linked
guitar,guitar
gamain,ga main
serial,serial
rambut,rambut
rapiin,rapiin
rantau,rantau
durian,durian
durasi,durasi
duilah,duilah
rangga,rangga
timnas,timnas
attack,attack
attach,attach
soaial,sosial
sakiit,sakit
penegn,pengen
rambun,rambut
bujang,bujang
artiin,artiin
artian,artian
person,person
budaya,budaya
rakaat,rakaat
rajiun,rajiun
during,during
ramuan,ramuan
guenya,guenya
pacarn,pacaran
dibuku,di buku
guilty,guilty
telaah,telaah
bucket,bucket
brutal,brutal
brunei,brunei
buatku,buatku
rahmat,rahmat
teknik,teknik
tehnya,tehnya
little,little
litter,litter
timbul,timbul
sertai,sertai
serius,serius
edgism,edgism
dzalik,dzalik
eating,eating
eatery,eatery
buatan,buatan
timbal,timbal
lo-nya,lo-nya
lizzie,lizzie
living,living
gudang,gudang
tikung,tikung
tiktok,tiktok
gubris,gubris
gubrak,gubrak
cemana,macam mana
brbuat,berbuat
raised,raised
alight,alight
easily,easily
tifosi,tifosi
926e83,926e83
logout,logout
logika,logika
locket,locket
locked,locked
rahang,rahang
beyond,beyond
better,better
kubtau,kuberi tahu
ktauan,kita tahu
artist,artist
editan,editan
brosis,brosis
bronze,bronze
broken,broken
siomay,siomay
ragaku,ragaku
tidur-,tidur-
lonely,lonely
london,london
loncat,loncat
spihak,sepihak
3bulan,3 bulan
akibat,sakit
grusuk,grusuk
radfem,radfem
radang,radang
raissa,raissa
eczema,eczema
groups,groups
looked,looked
longer,longer
athala,athala
sesali,sesali
21.5o0,21.500
awalny,awalnya
sdgkan,sedangkan
rakyat,rakyat
servis,servis
serupa,serupa
raging,raging
echoes,echoes
effect,effect
sinyal,sinyal
throws,throws
thrown,thrown
racing,racing
suport,support
bhatin,batin
sunday,Sunday
lompat,lompat
rabbal,rabbal
lokasi,lokasi
telkom,telkom
teliti,teliti
alergi,alergi
egonya,egonya
easier,easier
editor,editor
effort,effort
kelean,kalian
anjir-,anjir
nonton,menonton
sesaat,sesaat
louisa,louisa
sesama,sesama
atsumu,atsumu
atmnya,atmnya
quotes,quotes
tidung,tidung
single,single
singel,singel
bright,bright
losing,losing
lorong,lorong
grumpy,grumpy
alahai,alahai
akurat,akurat
akunya,akunya
sesepi,sesepi
ekstra,ekstra
ejekan,ejekan
eitsji,eitsji
either,either
though,though
Dudung,Dudung
Doktif,Doktif
lovely,lovely
lounge,lounge
nguras,menguras
kinian,kekinian
hayday,Hay Day
luaran,luaran
eighth,eighth
ekspek,ekspek
ekskul,ekskul
alamat,alamat
petisi,petisi
tempat,tempat
tembus,tembus
tembok,tembok
tembak,tembak
sakitr,sakit
akwkkw,wkwkwk
tokped,tokopedia
rabies,rabies
alasan,alasan
ekstro,ekstro
louder,louder
lowkey,lowkey
lowker,lowker
lowest,lowest
lowbat,lowbat
loving,loving
thread,thread
tempuh,tempuh
emasan,emasan
strohl,stroke
loulan,loulan
pesona,pesona
brings,brings
breaks,breaks
brazil,brazil
thirst,thirst
thinks,thinks
thingy,thingy
things,things
biadab,biadab
pushed,pushed
sesuka,sesuka
sesuci,sesuci
sesuai,sesuai
niatny,niatnya
temani,temani
lovers,lovers
sindir,sindir
endrol,endrol
ending,ending
empati,empati
empath,empath
greget,greget
greges,greges
gratis,gratis
lukamu,lukamu
banhet,banget
addres,address
doang-,doang-
mafiki,<noise>
emakku,emakku
theory,theory
ludahi,ludahi
lucien,lucien
alamak,alamak
enakan,enakan
simpul,simpul
luapan,luapan
linggu,minggu
bnaran,beneran
secape,secapek
nyemil,mengemil
seseru,seseru
enfj-t,enfj-t
energy,energy
energi,energi
entp-a,entp-a
thanos,thanos
thanks,thanks
empang,empang
tenang,tenang
tenaga,tenaga
tempur,tempur
luasin,luasin
engine,engine
enggan,enggan
akikah,akikah
akidah,akidah
tengil,tengil
tenggo,tenggo
simply,simply
simple,simple
simpel,simpel
physio,physio
phuwin,phuwin
php-in,php-in
phoebe,phoebe
phobic,phobic
phobia,phobia
simpen,simpan
ensure,ensure
enough,enough
breath,breath
thammy,thammy
thalib,thalib
lumrah,lumrah
lumpuh,lumpuh
bicara,bicara
puzzle,puzzle
puting,puting
pusing,pusing
lubang,lubang
parrah,parah
ngliat,melihat
dahpah,udah paham
thesis,thesis
luring,luring
lupaan,lupaan
punyai,punyai
punten,punten
punpun,punpun
eemang,emang
dengen,dengan
ilness,illness
nemein,nemenin
idupin,hidupkan
aammin,aamiin
haluin,khayalkan
enfp-a,enfp-a
pusara,pusara
purple,purple
akulah,akulah
bilanh,bilang
numpng,numpang
lkukan,lakukan
allaah,Allah
ceweku,cewekku
engkau,engkau
biasku,biasku
picola,picola
esteem,esteem
esokan,esokan
entire,entire
enteng,enteng
tengah,tengah
tender,tender
akunku,akunku
luteal,luteal
ereksi,ereksi
piglet,piglet
pieces,pieces
Fitrop,Fitrop
Fischl,Fischl
asalku,asalku
asalan,asalan
asalah,asalah
simpan,simpan
grades,grades
lyrics,lyrics
bigger,bigger
atasan,atasan
biayai,biayai
trkena,terkena
knalan,kenalan
brasil,brasil
box-ku,box-ku
bounce,bounce
escape,escape
luthfi,luthfi
grasak,grasak
tetapi,tetapi
texter,texter
teuing,teuing
tetiba,tetiba
tentor,tentor
tensei,tensei
kehuru,keburu
disela,di sela
pungut,pungut
akting,akting
akhiri,akhiri
madoka,madoka
madiun,madiun
madesu,madesu
madara,madara
pulang,pulang
pukuli,pukuli
pundak,pundak
puncak,puncak
biggie,biggie
ortuku,orang tuaku
uploud,upload
biawak,biawak
piknik,piknik
tepati,tepati
esensi,esensi
masuka,masukan
bukain,bukakan
kedele,kedelai
1okilo,bobot turun 1 kilo
kmaren,kemarin
hhihhi,<noise>
kerja-,kerja
nyerah,menyerah
.tidak,. tidak
chears,cheers
tengok,tengok
Fuyuko,Fuyuko
Furuba,Furuba
Friday,Friday
simbok,simbok
eximer,eximer
bidang,bidang
pulpen,pulpen
pindah,pindah
pilots,pilots
pulled,pulled
madang,madang
macam2,macam2
magrib,magrib
magnet,magnet
magica,magica
tested,tested
mksudx,maksudnya
ngecap,mengecap
.2hari,. 2 hari
bities,bts
musuhi,memusuhi
simbah,simbah
silent,silent
madura,madura
goyang,goyang
mainan,mainan
mahiru,mahiru
Fathia,Fathia
Farhan,Farhan
ganiat,tidak niat
menetu,menentu
redain,redakan
luxury,luxury
setdah,setdah
setara,setara
atensi,atensi
bidara,bidara
terang,terang
teraju,teraju
akamin,akamin
akalku,akalku
akhlak,akhlak
gajadi,tidak jadi
kmbung,kembung
khapus,terhapus
Fyodor,Fyodor
excuse,excuse
facing,facing
Eunsoo,Eunsoo
Ersyad,Ersyad
Eminem,Eminem
Eeyore,Eeyore
tepung,tepung
pudong,pudong
asumsi,asumsi
asknya,ask-nya
udhlah,sudahlah
brkali,berkali-kali
setega,setega
extent,extent
pintas,pintas
pintar,pintar
pinned,pinned
pinjam,pinjam
piyoyo,piyoyo
silang,silang
expect,expect
exists,exists
except,except
mainly,mainly
making,making
exhale,exhale
ajakan,ajakan
aisyah,aisyah
terasa,terasa
terapi,terapi
fakmen,fakmen
Harris,Harris
Easter,Easter
magang,magang
mafuyu,mafuyu
makeup,makeup
pukpuk,pukpuk
pujian,pujian
puitis,puitis
suweer,suwer
nunduk,menunduk
Exhuma,Exhuma
publik,publik
public,public
faizin,faizin
failed,failed
piring,piring
plafon,plafon
piyama,piyama
pisang,pisang
gossip,gossip
gosong,gosong
maksud,maksud
maknya,maknya
makmur,makmur
fanfic,fanfic
fandom,fandom
fancam,fancam
faedah,faedah
fading,fading
Hajoon,Hajoon
Haewon,Haewon
Haerin,Haerin
HP-nya,HP-nya
Grindr,Grindr
astral,astral
astaga,astaga
asylum,asylum
asupan,asupan
muncak,memuncak
mmbunh,membunuh
faklah,faklah
places,places
placed,placed
siklus,siklus
sijeni,sijeni
google,google
malang,malang
gotten,gotten
maklum,maklum
Haziel,Haziel
niqmat,nikmat
konglo,konglomerat
syetan,setan
gmpang,gampang
makima,makima
Haruka,Haruka
maluan,maluan
maling,maling
maliki,maliki
goreng,goreng
gorden,gorden
mampus,mampus
srudug,sruduk
srudul,sruduk
nambah,menambah
stelah,setelah
puding,puding
mampat,mampat
Greene,Greene
Gracie,Gracie
farmer,farmer
fardhu,fardhu
cowokm,cowokmu
gasiap,tidak siap
buaang,buang
diksih,dikasih
nongol,muncul
anjinh,anjir
Haruki,Haruki
famous,famous
famine,famine
family,family
biloba,biloba
manage,manage
mamski,mamski
faktor,faktor
setiba,setiba
setiap,setiap
psycho,psycho
psikis,psikis
bimbel,bimbel
airnya,airnya
fanwar,fanwar
faster,faster
faking,faking
bother,bother
bosses,bosses
bosnya,bosnya
gondok,gondok
billie,billie
bikini,bikini
bighit,bighit
setipe,setipe
pikirn,pikiran
aidzin,aidzin
father,father
mencla,mencla
mandir,mandir
mandek,mandek
mancis,mancis
mamang,mamang
mamaku,mamaku
Jaksel,Jaksel
Jailyn,Jailyn
Jaewon,Jaewon
Ivandi,Ivandi
hellaw,halo
percya,percaya
trlalu,terlalu
mampir,mampir
faskes,faskes
planet,planet
sidang,sidang
please,please
mangsa,mangsa
mangga,mangga
mangap,mangap
mangan,mangan
GoFood,GoFood
hadiaj,hadiah
picnya,pic-nya
bliter,blitar
planga,planga
Garuda,Garuda
Gacoan,Gacoan
player,player
mantan,mantan
asrama,asrama
aspire,aspire
settle,settle
bilang,bilang
manhwa,manhwa
fcking,fcking
liatan,lihatan
bdnnya,badannya
proyek,proyek
agatha,agatha
agamis,agamis
ahelah,ahelah
manner,manner
manjur,manjur
manjat,manjat
karuan,menangis
syedih,sedih
mkanya,makanya
matiin,matikan
2.ujub,2. ujub
ngmgin,membicarakan
dimana,di mana
Gerald,Gerald
female,female
fellow,fellow
fiasco,fiasco
fiance,fiance
agensi,agensi
marina,marina
goblok,goblok
mantap,mantap
pliket,pliket
pledis,pledis
filter,filter
prolog,prolog
prolly,prolly
manula,manula
manual,manual
maning,maning
maniak,maniak
maniac,maniac
gombal,gombal
golput,golput
feelin,feelin
mencle,mencle
banegt,banget
narkob,narkoba
findom,findom
fidget,fidget
menata,menata
marahi,marahi
bising,bising
biseks,biseks
protes,protes
proses,proses
birahi,birahi
agenda,agenda
boujee,boujee
bottom,bottom
benern,benaran
bangat,banget
agency,agency
plonga,plonga
masjid,masjid
masing,masing
prokes,prokes
biznet,biznet
bitter,bitter
proper,proper
prompt,prompt
godain,godain
godaan,godaan
afraid,afraid
agnosa,agnosa
niatin,niatkan
fender,fender
mencak,mencak
finger,finger
finest,finest
zelalu,selalu
tmnnya,temannya
27.tpi,27. tapi
uangga,uang ga
mintak,minta
sebela,sebelah
selaka,selaku
ngehpe,main hape
kepada,dunia
ngapan,ngapain
fnatik,fanatik
plongo,plongo
pocket,pocket
pobsos,pobsos
sialan,sialan
masker,masker
fetish,fetish
finish,finish
afford,afford
affect,affect
bisaan,bisaan
promag,promag
SMP-ku,SMP-ku
mapres,mapres
Ichigo,Ichigo
INTJ-A,INTJ-A
Hyunju,Hyunju
Hiruma,Hiruma
Hikaru,Hikaru
Hendri,Hendri
menari,menari
finale,finale
ginjal,ginjal
master,master
massal,massal
masror,masror
masnya,masnya
marley,marley
markle,markle
market,market
markas,markas
markah,markah
marino,marino
gloomy,gloomy
global,global
firman,firman
gaakan,tidak akan
imejin,imajinasi
menahu,menahu
adults,adults
glitch,glitch
mataku,mataku
bisnis,bisnis
profil,profil
produk,produk
giving,giving
matian,matian
materi,materi
matcha,matcha
ditlpn,ditelepon
siakng,siang
peraan,perasaan
asbung,asbung
ginkgo,ginkgo
fistum,fistum
fisika,fisika
shrink,shrink
shrimp,shrimp
shower,shower
showed,showed
doesnt,doesn't
berrti,berarti
bentar,sebentar
takuut,takut
gabisa,tidak bisa
firaun,firaun
points,points
flight,flight
fitnes,fitnes
fitnah,fitnah
severe,severe
seusia,seusia
seumur,seumur
seulgi,seulgi
seulet,seulet
seuisi,seuisi
matang,matang
assets,assets
assess,assess
bitchy,bitchy
flying,flying
menace,menace
podium,podium
maslow,maslow
afeksi,afeksi
menang,menang
ngukur,mengukur
welcol,welcome
bener3,bener-bener
triaak,teriak
anjinc,anjir
palalu,kepalamu
polaku,polaku
Sunday,Sunday
Sulsel,Sulsel
______,______
maupun,maupun
maunya,maunya
polisi,polisi
memuji,memuji
fobsos,fobsos
maukah,maukah
follow,follow
format,format
formal,formal
forgot,forgot
forget,forget
borong,borong
borneo,borneo
boring,boring
mature,mature
matter,matter
matkul,matkul
mbakku,mbakku
mazmur,mazmur
mazele,mazele
galagi,ga lagi
cekeli,dicekik
blokir,blokir
police,police
folder,folder
forced,forced
adopsi,adopsi
bleach,bleach
mc-nya,mc-nya
mbulet,mbulet
admire,admire
advise,advise
gadeng,ga deng
mkasih,terima kasih
buruin,buru-buruin
diabet,diabetes
setuju,setuju
freaky,freaky
aamiin,aamiin
shalat,shalat
shadow,shadow
sexual,sexual
sexist,sexist
sexily,sexily
should,should
shoujo,shoujo
shopee,shopee
shmpah,sumpah
Sydney,Sydney
sholeh,sholeh
pookie,pookie
ponsel,ponsel
adiksi,adiksi
primer,primer
bilqng,bilang
nyiksa,menyiksa
biarla,biarlah
seginj,segini
ngotak,mengotak
matdas,matematika dasar
isteri,istri
sumfeh,sumpah
draine,drain
advice,advice
mempan,mempan
fotoin,fotoin
terpal,terpal
abroad,abroad
megumi,megumi
pretty,pretty
sholih,sholih
friend,friend
ponian,ponian
pondok,pondok
polusi,polusi
bonyok,bonyok
bontot,bontot
medrep,medrep
medico,medico
medali,medali
mecima,mecima
gilaan,gilaan
ababil,ababil
adikmu,adikmu
adikku,adikku
teriak,teriak
freeze,freeze
memicu,memicu
asikan,asikan
accept,accept
accent,accent
gentle,gentle
privat,privat
pripun,pripun
gifted,gifted
ghibah,ghibah
aborsi,aborsi
blonde,blonde
blitar,blitar
priadi,priadi
memory,memory
ajasih,aja sih
gereja,gereja
abused,abused
bonggu,bonggu
boneka,boneka
bloody,bloody
termos,termos
gercep,gercep
geunah,geunah
medsos,medsos
fuckin,fuckin
fucked,fucked
plshlh,plis lah
ganusa,ga usah
ketare,ketara
gegera,gara-gara
aduhai,aduhai
chatin,chat
rasism,rasisme
ngajar,mengajar
sangan,sangat
prcuma,percuma
asfawk,as fuck
cwacca,cuaca
rwmjur,rawan jujur
mmberi,memberi
jwbnya,jawabnya
anjrid,anjrit
memori,memori
fungsi,fungsi
adegan,adegan
terjal,terjal
melaut,melaut
adinje,adinje
pororo,pororo
boomer,boomer
booked,booked
boncos,boncos
aslian,aslian
asleep,asleep
asking,asking
askari,askari
shalie,shalie
shaleh,shaleh
portal,portal
adinie,adinie
future,future
strees,stres
ngagap,menganggap
melody,melody
absurd,absurd
geprek,geprek
gepeng,gepeng
gentar,gentar
bodohi,bodohi
blurry,blurry
premis,premis
preman,preman
asmara,asmara
syulit,sulit
dimksd,dimaksud
animek,anime
mbtiku,mbti-ku
fücķ,fücķ
aditya,aditya
gencet,gencet
genapi,genapi
gembok,gembok
meleng,meleng
genius,genius
gengsi,gengsi
terjun,terjun
adidas,adidas
bkalan,bakalan
konfem,konfirmasi
futsal,futsal
posisi,posisi
shitty,shitty
shisui,shisui
shinra,shinra
shinji,shinji
melucu,melucu
gendut,gendut
gender,gender
galbay,galbay
gadget,gadget
gadang,gadang
nuntut,menuntut
mnding,mending
terima,terima
gairah,gairah
adakah,adakah
gamble,gamble
ganjal,ganjal
ganito,ganito
melupa,melupa
bombay,bombay
gejala,gejala
gegana,gegana
acakan,acakan
meluap,meluap
dgnnya,dengannya
diluar,di luar
gabung,gabung
gemini,gemini
gembul,gembul
gedung,gedung
gedor2,gedor2
gagang,gagang
gambar,gambar
mellow,mellow
gelang,gelang
melulu,melulu
montor,motor
krnakn,karenakan
suapin,suapi
ngemod,nge-mod
gajian,gajian
member,member
ganjil,ganjil
ganjen,ganjen
accuse,accuse
access,access
action,action
praise,praise
pptnya,pptnya
bojoku,bojoku
prefer,prefer
bodrex,bodrex
potong,potong
boiyen,boiyen
boikot,boikot
bohong,bohong
galeri,galeri
postur,postur
postku,postku
poster,poster
bolong,bolong
bondol,bondol
ppampm,ppampm
pp-nya,pp-nya
gamtek,gamtek
gimane,gimana
shampo,sampo
ngirim,mengirim
ad-hoc,ad-hoc
garing,garing
acting,acting
gayung,gayung
geliat,geliat
geleng,geleng
memang,memang
memaki,memaki
membas,membas
gaspol,gaspol
ganggu,ganggu
iilnes,illness
pinsan,pingsan
gempur,gempur
gandum,gandum
potret,potret
gdrive,gdrive
aching,aching
sheher,sheher
sheets,sheets
shayla,shayla
bobrok,bobrok
acelin,acelin
actual,actual
msalah,masalah
diumur,di umur
orgtua,orang tua
gampar,gampar
addict,addict
adapun,adapun
adanya,adanya
adakan,adakan
omongn,omongan
dpaksa,dipaksa
berger,burger
sedark,sedari
ketiwi,ketawa
sruduk,sruduk
active,active
zypraz,zypraz
",2hari",",2hari"
zalimi,zalimi
zaidul,zaidul
yvonne,yvonne
yurina,yurina
jingga,jingga
jingan,jingan
jin-wo,jin-wo
nemuin,menemukan
takyah,tak usah
haerin,Haerin
mncari,mencari
prusak,perusak
dikost,di kos
offlen,offline
nempuh,menempuh
jadiny,jadinya
mkanan,makanan
hedset,headset
.orang,. orang
maluin,memalukan
tnyata,ternyata
soalya,soalnya
sngguh,sungguh
-ibnu,-ibnu
-malu,-malu
도겸,도겸
선우,선우
jkta8,jkta8
jkt48,jkt48
nahan,menahan
ssuai,sesuai
gimna,bagaimana
tersa,terasa
alsan,alasan
mutah,muntah
hapir,hampir
timur,timur
koyoe,kayaknya
linen,linen
lindu,lindu
limit,limit
lilit,lilit
lilin,lilin
tnggu,tunggu
nikkh,nikah
berea,beres
nysel,nyesel
bgsul,bgsul
rapat,rapat
tipes,tipes
kebwa,kebawa
kcewa,kecewa
ᅠᅠada,ada
zolta,Zolta
nanyi,nyanyi
bgini,begini
crash,crash
ampai,sampai
6kali,6 kali
asyek,asik
2thun,2 tahun
anakq,anakku
smpek,sampai
gr-gr,gara-gara
ramen,ramen
rambu,rambu
ramai,ramai
ramah,ramah
doain,doakan
gugup,gugup
gugul,gugul
guguk,guguk
guilt,guilt
guide,guide
guard,guard
liter,liter
licin,licin
cowok,cowok
covid,covid
outta,outta
anuan,anuan
stalk,stalk
stage,stage
staff,staff
cried,cried
crews,crews
crowd,crowd
jinny,jinny
yudis,yudis
yucil,yucil
jngat,jngat
nympe,nyampe
mnjga,menjaga
anaku,anakku
gnggu,ganggu
langs,langsung
nnton,nonton
tibaw,tiba
gndut,gendut
neken,menekan
semwa,semua
crany,crany
licik,licik
liked,liked
lihat,lihat
lihai,lihai
light,light
lifes,lifes
lieur,lieur
gugat,gugat
guest,guest
range,range
audhd,audhd
au-ku,au-ku
seret,seret
betah,betah
guruh,guruh
noleh,menoleh
bundr,bunder
ngais,mengais
.kalo,. kalau
7-May,7-May
teken,tekan
ksana,ke sana
suseh,susah
pebri,februari
wanya,WA-nya
bykin,banyakin
00.30,00:30
bnget,banget
imina,iminnya
galaw,galau
tidai,tidak
sbntr,sebentar
rawat,rawat
rawan,rawan
raung,raung
ratna,ratna
ratio,ratio
serba,serba
tired,tired
tiran,tiran
gabis,habis
rapuh,rapuh
rapor,rapor
lidia,lidia
lidah,lidah
gurat,gurat
tegor,tegur
crita,cerita
binun,bingung
gajih,gaji
sbgai,sebagai
nunda,menunda
jlsin,jelaskan
akuin,akui
dbyar,dibayar
punuh,penuh
gakan,tidak akan
kurng,kurang
2.gua,2. gua
maaci,terima kasih
1 jam,1 jam
sdgkn,sedangkan
gbntu,membantu
bgung,bingung
bhkan,bahkan
sneng,senang
gatot,gagal total
banc1,banci
ginih,gini
orgil,orgil
organ,organ
order,order
anyel,anyel
spklu,spklu
mreka,mereka
amiin,amin
7-Jun,7 Juni
tinj0,tinj0
gumoh,gumoh
besti,besti
rasah,rasah
apala,apa lagi
libby,libby
liang,liang
lglsa,lglsa
likes,likes
liker,liker
lemme,lemme
lewat,lewat
gabsa,tidak bisa
slera,selera
tmbal,timbal
tuaqw,tua
bljar,belajar
korup,korupsi
tirus,tirus
seram,seram
serai,serai
autis,autis
beser,beser
besar,besar
betis,betis
rayap,rayap
rawwr,rawwr
rawit,rawit
tipsy,tipsy
tipis,tipis
gurau,gurau
title,title
spnjg,sepanjang
pedes,pedas
3 jam,3 jam
pling,paling
ansos,antisosial
ninta,minta
3rtus,300
wasap,whatsapp
sukak,suka
bocio,bocah
banar,benar
tidir,tidur
kslhn,kesalahan
matiy,mati
dkjar,dikejar
sisim,sisi
males,malas
aplgi,apalagi
aktip,aktif
ovtan,ovtan
msalh,masalah
court,court
stans,stans
stand,stand
stall,stall
ordal,ordal
sstbz,sstbz
srsly,srsly
ounce,ounce
crazy,crazy
kwrja,kerja
mnder,minder
ngles,ngeles
gaiso,tidak bisa
titit,titit
titip,titip
titik,titik
level,level
letoy,letoy
letih,letih
letak,letak
lesti,lesti
tlou1,tlou1
gupuh,gupuh
liebe,liebe
lesse,lesse
libur,libur
lgaug,lgaug
lewis,lewis
lejen,lejen
slmat,selamat
bnyak,banyak
pepeq,pepek
duiit,duit
breng,bareng
gamao,tidak mau
gmpng,gampang
tntng,tentang
cover,cover
7teen,17
nafas,napas
ounya,punya
bigna,bunga
soleh,sholeh
wempy,Wempy
sgala,segala
robah,ubah
dongk,dongkok
fuuck,fuck
bhruk,buruk
woyla,woilah
lepas,lepas
lensa,lensa
guyur,guyur
tk-sd,tk-sd
besok,besok
tjkrl,tjkrl
tixus,tixus
adain,adakan
daera,daerah
.walo,. walau
xabel,<noise>
bngsd,bangsat
kouta,kuota
onlen,online
ndiri,sendiri
kuaat,kuat
jaman,zaman
sukur,syukur
bnggt,banget
14.00,14:00
corla,corla
coret,coret
pacar,pacar
owner,owner
spion,spion
spill,spill
spice,spice
crush,crush
cruel,cruel
crown,crown
5buln,5 bulan
apapn,apapun
kukuh,kuhuh
umur7,umur 7
cemes,cemas
tdnya,tadinya
bego0,bego
3.klo,3. kalau
serem,seram
brjln,berjalan
biyar,biar
strsz,stres
rebut,rebut
rebus,rebus
rebel,rebel
lemas,lemas
lemak,lemak
gusti,gusti
gusar,gusar
react,react
reach,reach
rciel,rciel
ready,ready
02.07,02:07
lekas,lekas
lodeh,lodeh
apain,apakan
ryhtm,rhythm
catet,catat
troma,trauma
wlpun,walaupun
bngun,bangun
ridho,rida
etapi,tetapi
oppak,oppak
oplen,oplen
cross,cross
ortho,ortho
ornge,ornge
orkay,orkay
antis,antis
antik,antik
spent,spent
spend,spend
speed,speed
paced,paced
oneng,oneng
ondel,ondel
bhnya,bahan
brthn,bertahan
diblg,dibilang
triak,teriak
nabok,menampar
8hari,8 hari
imess,imessage
brgkt,berangkat
innmy,in my
cwoku,cowokku
lemot,lemot
lemon,lemon
leggo,leggo
ledek,ledek
lecet,lecet
lebur,lebur
lemah,lemah
lelet,lelet
leleh,leleh
lelap,lelap
tl-ku,tl-ku
lesbi,lesbi
lepuk,lepuk
lepok,lepok
toefl,toefl
hampb,hampir
.maaf,. maaf
teros,terus
gadah,ada
yuyur,jujur
pcran,pacaran
maren,kemarin
gityu,gitu
onana,onana
onair,onair
ontwt,ontwt
orang,orang
opung,opung
count,count
cptsd,cptsd
pndek,pendek
sesek,sesak
lngsg,langsung
costs,costs
pagar,pagar
padok,padok
padil,padil
padat,padat
cekek,cekik
okaay,okay
ngaku,mengaku
umroh,umrah
anzer,anjing
adkah,ada kah
truma,trauma
geela,gila
sakid,sakit
onani,onani
8-9an,8-9an
"8,8sr","8,8sr"
serum,serum
serta,serta
audio,audio
rancu,rancu
ranah,ranah
guess,guess
lines,lines
lisan,lisan
lirik,lirik
lipat,lipat
login,login
logic,logic
logat,logat
lelah,lelah
netap,menetap
ktawa,ketawa
ustad,ustaz
mnrut,menurut
weaak,weak
08.30,08:30
semlm,semalam
padah,padah
ombak,ombak
antek,antek
antar,antar
steve,steve
stepa,stepa
steel,steel
opini,opini
start,start
stars,stars
antre,antre
hapal,hafal
bwaan,bawaan
koyok,kayak
-6bln,-6 bulan
dgrin,dengar
anjig,anjing
infil,ilfil
slese,selesai
wudhu,wudu
bofoh,bodoh
mgkin,mungkin
patal,fatal
padhl,padahal
rsany,rasanya
wkwwk,wkwkw
gyaat,gyaat
lebih,lebih
hasud,hasut
12yrs,12 tahun
nepuk,menepuk
redup,redup
redam,redam
token,token
tokek,tokek
tohru,tohru
tokoh,tokoh
jahad,jahat
smape,sampai
ngira,mengira
curht,curhat
takod,takut
bgitu,begitu
hiduf,hidup
sampi,sampai
sayya,saya
atach,attach
yauda,yaudah
ancem,ancam
penah,pernah
bilag,bilang
datap,datang
sivat,sifat
yidak,tidak
jangn,jangan
bhgia,bahagia
telen,telan
bsnya,bisanya
nipis,menipis
ya___,<noise>
lebar,lebar
receh,receh
recap,recap
berth,berth
reels,reels
today,today
todau,todau
tocit,tocit
leher,leher
legit,legit
leave,leave
gusah,gusah
tobat,tobat
to-do,to-do
tonya,tonya
shbis,sehabis
still,still
stick,stick
omzet,omzet
omori,omori
omong,omong
5giga,5 giga
annya,deg-degan
rgkas,ringkas
taroh,taruh
kmren,kemarin
brita,berita
cplos,ceplos
kinin,kinian
mknya,makanya
kynya,kayaknya
teruz,terus
pucet,pucat
jugak,juga
ngrsa,merasa
omgfg,omgfg
omeli,omeli
omega,omega
speak,speak
pahit,pahit
okeng,okeng
om-om,om-om
onnya,onnya
state,state
could,could
cough,cough
older,older
toned,toned
refer,refer
rehat,rehat
rehan,rehan
rehab,rehab
60-75,60-75
56-57,56-57
lebay,lebay
lebat,lebat
6oorb,6oorb
redah,redah
tomat,tomat
tolol,tolol
tolak,tolak
tokyo,tokyo
gyobo,gyobo
bende,benda
widad,Widad
sellu,selalu
5kggw,5 kg aku
kitha,kita
bunvh,bunuh
cmass,cemas
2tthn,2 tahun
ditlp,ditelfon
.krna,. karena
ancur,hancur
tmbah,tambah
troms,troms
lkukn,lakukan
tebel,tebal
doank,doang
layak,layak
rekap,rekap
rekan,rekan
rekam,rekam
tough,tough
ngada,mengada
korsi,kursi
udahs,udah
ciuma,cium
lazim,lazim
toped,toped
tooth,tooth
laugh,laugh
apalg,apalagi
gkuat,tidak kuat
wtsan,WA-an
cerei,cerai
jatoh,jatuh
ornag,orang
sm-sm,sama-sama
pulng,pulang
femes,famous
olaah,olaah
sifaf,sifat
paham,paham
pakai,pakai
pajak,pajak
pains,pains
cucuk,cucuk
cubit,cubit
ok-ok,ok-ok
ohara,ohara
ogawa,ogawa
stecu,stecu
steam,steam
stays,stays
stock,stock
kayag,kayak
rezki,rezeki
prcya,percaya
08.00,08:00
12.12,12:12
wulan,Wulan
22nya,dua-duanya
ghoib,gaib
lebjh,lebih
muluh,mulut
anjoy,anjing
oknum,oknum
latte,latte
latih,latih
large,large
lebam,lebam
lebai,lebai
lawan,lawan
lawak,lawak
realy,really
later,later
toreh,toreh
least,least
learn,learn
leads,leads
serah,serah
muter,putar
munth,muntah
mtrku,motorku
gatao,tidak tahu
skrng,sekarang
stray,stray
strap,strap
often,often
offer,offer
9-Jul,9-Jul
4anak,4 anak
mufon,move on
-1oi0,<noise>
smpay,sampai
rata-,rata-rata
gwejh,gue
padet,padat
gtuan,gituan
cintu,cinta
bedua,berdua
sekul,sekolah
garem,garam
redha,reda
dluan,duluan
pines,pinus
bwlum,belum
netes,menetes
sikis,psikis
anjrt,anjrit
aizin,izin
copot,copot
mslah,masalah
lapis,lapis
lapar,lapar
hadir,hadir
hadeu,hadeu
hadeh,hadeh
lasts,lasts
lasik,lasik
topik,topik
topic,topic
layar,layar
layan,layan
touch,touch
total,total
torte,torte
3othn,30 tahun
palah,palah
paksa,paksa
paket,paket
convo,convo
ociel,ociel
ocean,ocean
oleng,oleng
stoic,stoic
stops,stops
stonk,stonk
oeang,oeang
spark,spark
space,space
sowan,sowan
notis,notifikasi
neror,meneror
tissu,tisu
dumah,dirumah
siaap,siap
iblez,iblis
anyim,anjing
gjlas,tidak jelas
xbaca,ga baca
3-Feb,3 Februari
copet,copet
mauny,maunya
tskut,takut
bazet,bujet
01.36,01:36
girls,text
parte,partai
nebus,menebus
wr.wb,Wassalamu'alaikum Warahmatullahi Wabarakatuh
fakyu,fuck you
panas,panas
pamit,pamit
lapuk,lapuk
lapor,lapor
remah,remah
haein,haein
trade,trade
track,track
trace,trace
toxis,toxis
toxid,toxid
toxic,toxic
hadap,hadap
latar,latar
tours,tours
aurat,aurat
larat,larat
obess,obess
obese,obese
obati,obati
culun,culun
culak,culak
story,story
storm,storm
store,store
anjir,anjir
semes,semester
vidio,video
itung,hitung
smstr,semester
tidor,tidur
jarng,jarang
ptadi,tadi
dbawa,dibawa
ktorg,kita orang
nafah,nafkah
objek,objek
brang,barang
wilde,Wilde
smkin,semakin
stiap,setiap
prnah,pernah
malez,malas
yogak,ya gak
civoq,civok
hariy,hari
baeah,bawah
1tthn,1 tahun
pntes,pantes
habit,habit
habis,habis
hafal,hafal
relax,relax
beria,beria
remot,remot
remix,remix
remis,remis
remeh,remeh
lamar,lamar
hajar,hajar
takde,tidak ada
eknmi,ekonomi
sipat,sifat
hadis,hadis
bibik,bibi
adakh,ada kah
mauka,maukah
pamer,pamer
paman,paman
palsu,palsu
conan,conan
panen,panen
panel,panel
anies,anies
strok,strok
strip,strip
stres,stres
ktaun,ketahuan
bayik,bayi
kpdku,kepadaku
asslm,assalamualaikum
asdos,asisten dosen
FALSE,FALSE
kesna,kesana
skian,sekian
lemes,lemas
trasa,terasa
ke.wc,ke wc
condi,kondisi
mntal,mental
maina,mainan
ngrti,ngerti
larut,larut
laris,laris
hadah,hadah
lapak,lapak
abies,habis
lambe,lambe
renji,renji
remuk,remuk
trash,trash
"5,5jt","5,5jt"
4teen,4teen
49-50,49-50
lampu,lampu
laren,laren
hajah,hajah
deman,demam
dmana,di mana
dluar,di luar
sklai,sekali
sutup,tutup
yuhan,Yuhan
ampon,ampun
07.45,07:45
haish,haish
lalui,lalui
lalin,lalin
lahir,lahir
langa,langa
lando,lando
hahay,hahay
hagag,hagag
gimme,gimme
wanna,wanna
anjem,anjing
pokus,fokus
haduh,haduh
hadnt,hadnt
tried,tried
murde,murder
rimek,remix
kmbli,kembali
syapa,siapa
ngiri,iri
sampw,sampai
ampir,hampir
annoy,annoy
cueki,cueki
hhmmz,hmm
cuara,cuara
cuaca,cuaca
oergi,oergi
panin,panin
panik,panik
panic,panic
studi,studi
stuck,stuck
struk,struk
anjay,anjay
anisd,anisd
anisa,anisa
10.31,10:31
jersi,jersey
.saya,. saya
trwma,trauma
axied,anxiety
03.22,03:22
hahah,hahaha
burem,buram
batre,baterai
yaolo,ya Allah
eksha,ekstra
natap,tatap
obses,obses
akutu,aku tuh
alloh,allah
inima,ini mah
anina,anina
anime,anime
cupet,cupet
cukur,cukur
cukup,cukup
oddly,oddly
octaf,octaf
rsnya,rasanya
keada,keadaan
drnya,darinya
bouje,boujee
trial,trial
trend,trend
trejo,trejo
treat,treat
lahya,lahya
lahul,lahul
beres,beres
repan,repan
renta,renta
halau,halau
labuh,labuh
landa,landa
50-an,50-an
trait,trait
train,train
beras,beras
nying,nying
nyawa,nyawa
nyaut,nyaut
nyatu,nyatu
mnggu,minggu
nyeri,nyeri
curam,curam
curah,curah
pansy,pansy
pansa,pansa
panji,panji
nyari,nyari
attck,attack
oasis,oasis
oalah,oalah
panda,panda
panci,panci
dmnta,diminta
gniin,giniin
nyaru,nyaru
compe,compe
papah,papah
panti,panti
nyayi,nyanyi
suapi,suapi
suami,suami
suaka,suaka
style,style
stuff,stuff
study,study
nular,nular
cupaw,cupaw
cunty,cunty
nyman,nyman
nyita,nyita
nyar1,nyar1
nurun,nurun
sound,sound
soumu,soumu
sotoy,sotoy
sosok,sosok
sosis,sosis
sosio,sosio
apple,apple
sampk,sampai
asyik,asik
papma,papma
notes,notes
noted,noted
nyapu,nyapu
suara,suara
nyali,nyali
nyata,nyata
yelah,ya lah
tetep,tetap
07.30,07:30
papip,papip
papih,papih
nnggu,nunggu
bbrpa,beberapa
pecis,peci
tahla,tahulah
nurut,nurut
heheh,hehe
truly,truly
trtpm,trtpm
tring,tring
triji,triji
kyoto,kyoto
kwkwk,kwkwk
kuyup,kuyup
sepet,sepet
repot,repot
hamba,hamba
hamas,hamas
halal,halal
hamka,hamka
paper,paper
comot,comot
comme,comme
comma,comma
sudah,sudah
sucks,sucks
subuh,subuh
subub,subub
anhin,anhin
angst,angst
curse,curse
nyala,nyala
subak,subak
suatu,suatu
cumuk,cumuk
bliau,beliau
mydei,myday
segen,segan
kumha,kumaha
fiqih,fikih
crmin,cermin
combo,combo
color,color
colok,colok
parah,parah
colin,colin
coli-,coli-
.soal,. soal
nonik,nonik
cycle,cycle
cyber,cyber
cvdi9,cvdi9
north,north
d-day,d-day
nuhun,nuhun
nugas,nugas
npsle,npsle
gaush,tidak usah
pasar,pasar
pasan,pasan
pasal,pasal
nggak,tidak
party,party
angep,angep
paken,pakai
hiduo,hidup
anjng,anjing
angau,angau
angan,angan
sugar,sugar
sufor,sufor
sudut,sudut
norak,norak
angry,angry
novel,novel
colek,colek
comes,comes
bvnvh,bunuh
coded,coded
cocot,cocot
pasir,pasir
pasif,pasif
fikir,pikir
nobar,nobar
noban,noban
daddy,daddy
dadah,dadah
nomor,nomor
anggi,anggi
parut,parut
suits,suits
norri,norri
norma,norma
parno,parno
paris,paris
takan,tak akan
dlnya,dalamnya
tngga,tetangga
sakir,sakit
kqmar,kamar
notig,notig
lahat,lahat
lalai,lalai
lakui,lakui
laket,laket
dapet,dapat
kuput,kuput
kusam,kusam
kurus,kurus
kurun,kurun
kursi,kursi
kurir,kurir
kuras,kuras
reply,reply
banya,banyak
noise,noise
pasca,pasca
sorta,sorta
sorry,sorry
sorot,sorot
pasti,pasti
sulit,sulit
sulap,sulap
engga,enggak
sukma,sukma
sukai,sukai
nngid,nngid
nmnun,nmnun
nopal,nopal
anger,anger
nonis,nonis
cogan,cogan
sumbu,sumbu
paste,paste
cokor,cokor
coach,coach
patch,patch
patah,patah
kykny,kayaknya
dahla,dahlah
nikah,nikah
nihil,nihil
night,night
nifas,nifas
dahal,dahal
angka,angka
angin,angin
nolep,nolep
nolan,nolan
kenpa,kenapa
iphon,iphone
adzan,azan
keram,kram
jwban,jawaban
tlonk,tolong
noona,noona
gasih,tidak sih
todur,tidur
ngfly,ngefly
macem,macam
2othn,2 tahun
fikss,fix
trnyt,ternyata
nguli,nguli
ngtve,ngtve
nikki,nikki
pastu,pastu
pasts,pasts
pause,pause
dahak,dahak
patuh,patuh
ngopi,ngopi
ngono,ngono
ngong,ngong
ngode,ngode
njiir,njiir
njeng,njeng
sujud,sujud
ninja,ninja
pngen,pengen
sunda,sunda
sumur,sumur
ngtsi,ngtsi
slalu,selalu
cocok,cocok
cobra,cobra
pd-pd,pd-pd
payah,payah
pawat,pawat
sopir,sopir
sopan,sopan
damri,damri
daina,daina
dafuq,dafuq
nilai,nilai
ni-ki,ni-ki
ngunu,ngunu
ngide,ngide
negri,negeri
patut,patut
sndri,sendiri
ngewe,ngewe
sooho,sooho
songs,songs
pecat,pecat
pecah,pecah
peaks,peaks
dapat,dapat
daoet,daoet
ngeri,ngeri
dance,dance
ngehe,ngehe
lntrn,lantaran
kunti,kunti
kunci,kunci
kunat,kunat
labil,labil
label,label
labas,labas
kyung,kyung
rerun,rerun
berau,berau
reset,reset
hampa,hampa
resek,resek
dalih,dalih
dalan,dalan
dalam,dalam
nngis,nangis
pkirn,pikiran
wasaf,WhatsApp
xtahu,ga tahu
punua,punya
milih,memilih
besae,biasa
peace,peace
apply,apply
pedri,pedri
pedih,pedih
andro,andro
andri,andri
andre,andre
andor,andor
andon,andon
serti,seperti
andin,andin
andil,andil
ngead,ngead
daily,daily
dalil,dalil
nginu,nginu
ngilu,ngilu
mnang,menang
dasum,dasum
pedas,pedas
cmtok,cmtok
clues,clues
cliff,cliff
pegat,pegat
super,super
supel,supel
sunyi,sunyi
sunwo,sunwo
sunoo,sunoo
damai,damai
ngent,ngent
ngene,ngene
ngena,ngena
swdih,sedih
deact,deact
dazai,dazai
ancen,ancen
pegal,pegal
dsruh,disuruh
jijih,jijik
23.00,23:00
ngjng,ngjng
betul,betul
rajin,rajin
tilep,tilep
tikus,tikus
lmfao,lmfao
llsif,llsif
livin,livin
lived,lived
gubuk,gubuk
tiket,tiket
lolos,lolos
lolol,lolol
loker,loker
rafly,rafly
anjim,anjing
pedro,pedro
class,class
pekan,pekan
decaf,decaf
debut,debut
debes,debes
debay,debay
debat,debat
dayak,dayak
darah,darah
dapur,dapur
aneh2,aneh2
risen,resign
komis,komisi
bpkku,bapakku
bejad,bejat
jarus,harus
andal,andal
andai,andai
close,close
clock,clock
arabi,arabi
april,april
solve,solve
citra,citra
dekil,dekil
zoaai,zoaai
.bagi,. bagi
ilnes,illness
dedek,dedek
ngaha,ngaha
dasar,dasar
deals,deals
david,david
dates,dates
gaiys,guys
ngang,ngang
pelan,pelan
datar,datar
clear,clear
clean,clean
pelet,pelet
never,never
demam,demam
delay,delay
dekat,dekat
dekan,dekan
surga,surga
debar,debar
death,death
supir,supir
andep,andep
ppnya,pp-nya
dekky,dekky
2athn,2 tahun
clash,clash
claim,claim
civic,civic
peluk,peluk
peluh,peluh
pelor,pelor
pelit,pelit
nenek,nenek
nempa,nempa
nelan,nelan
dekor,dekor
dekon,dekon
ngadi,ngadi
pekok,pekok
degan,degan
nganu,nganu
gt_lt,lebih besar lebih kecil
kekny,kayanya
gelud,gelut
gw-gw,aku
twrus,terus
demot,demot
amrah,amrah
surut,surut
suruh,suruh
tello,telo
lgian,lagian
tspmo,tspmo
tryna,tryna
truth,truth
trust,trust
kuper,kuper
kuota,kuota
kumuh,kumuh
halah,halah
hakim,hakim
kutek,kutek
kusut,kusut
hanan,hanan
resep,resep
kuhuh,kuhuh
demen,demen
nenen,nenen
cipta,cipta
cewe1,cewek
gmnsi,gimana sih
yekan,ya kan
perna,pernah
dirri,diri
cinta,cinta
denji,denji
ngaco,ngaco
denda,denda
surat,surat
suram,suram
surah,surah
ancam,ancam
bajir,banjir
needs,needs
deobi,deobi
nderb,nderb
ndang,ndang
susun,susun
susui,susui
demon,demon
cilok,cilok
cilik,cilik
cikgu,cikgu
naswa,naswa
deras,deras
neuro,neuro
nessa,nessa
nerve,nerve
nerdy,nerdy
hdpin,hadapin
pcnya,pc-nya
mksih,makasih
nekat,nekat
ngaca,mengaca
depok,depok
circa,circa
solid,solid
solar,solar
sokor,sokor
ciduk,ciduk
cicil,cicil
cicak,cicak
cibai,cibai
desek,desek
sweet,sweet
swear,swear
ektra,ekstra
cimol,cimol
phpin,php-in
baik-,baik-baik
pegel,pegal
gaksi,tidak sih
amway,amway
sushi,sushi
susah,susah
needy,needy
mmtus,memutus
resmi,resmi
berak,berak
reseh,reseh
berat,berat
tubuh,tubuh
tuamu,tuamu
tuaku,tuaku
hamin,hamin
hamil,hamil
kuman,kuman
kulli,kulli
halus,halus
halte,halte
halim,halim
resah,resah
civok,cium
natal,natal
napas,napas
napak,napak
nasib,nasib
narko,narko
narik,narik
ciawi,ciawi
chuui,chuui
ngigo,mengindigo
chris,chris
ampuh,ampuh
ampas,ampas
swiss,swiss
nazar,nazar
navia,navia
89e65,<noise>
naura,naura
padal,padahal
socks,socks
sober,sober
sobek,sobek
sobat,sobat
buanh,buah
hancr,hancur
18thn,18 tahun
nalar,nalar
nakes,nakes
nakan,nakan
nanti,nanti
nanon,nanon
namun,namun
najla,najla
suwun,suwun
suwer,suwer
suwek,suwek
depan,depan
sbaik,sebaik
notif,notifikasi
nauur,nauur
3taun,3 tahun
nyuci,mencuci
kuwat,kuat
nahdi,nahdi
nahas,nahas
desta,desta
chill,chill
penak,penak
child,child
chiko,chiko
chika,chika
nadir,nadir
nanta,nanta
tugas,tugas
tuduh,tuduh
tulis,tulis
mnyet,monyet
fweek,freak
zhang,Zhang
hikss,sedih
thaun,tahun
hanat,hanat
hanji,hanji
hanip,hanip
hania,hania
kuduk,kuduk
syair,syair
ampun,ampun
swing,swing
swift,swift
desak,desak
desah,desah
siyel,sial
1oojt,100 juta
gonna,gonna
apakh,apakah
mkkwu,mauku
trima,terima
myday,myday
chest,chest
cheol,cheol
choco,choco
chloe,chloe
chase,chase
sylus,sylus
hantu,hantu
kenak,kena
2-Jan,2 Januari
kucel,kucel
kubur,kubur
hapus,hapus
happy,happy
hanma,hanma
kumon,kumon
kumel,kumel
kumau,kumau
kumat,kumat
sepgu,sepuluh
rezim,rezim
penat,penat
tabel,tabel
tabah,tabah
taala,taala
amira,amira
najis,najis
najem,najem
naila,naila
nahis,nahis
semuq,semua
duirt,duit
musuh,musuh
musim,musim
musik,musik
cheer,cheer
sisah,sisa
cheat,cheat
munzu,munzu
munir,munir
dhuar,dhuar
detik,detik
music,music
tabur,tabur
nakal,nakal
ambon,ambon
cmpur,campur
nafsu,nafsu
detak,detak
chart,chart
kebon,kebun
doanh,doang
chang,chang
charl,charl
mulus,mulus
muluk,muluk
multi,multi
mulia,mulia
btapa,betapa
mules,mules
dhedi,dhedi
dgitm,dgitm
check,check
dewan,dewan
mugen,mugen
muzan,muzan
mutia,mutia
murni,murni
murka,murka
3-Jan,3 Januari
gwnya,guenya
snowy,snowy
snack,snack
smurf,smurf
cewek,cewek
chaos,chaos
chant,chant
chans,chans
tahap,tahap
tahan,tahan
tagih,tagih
tagar,tagar
tabok,tabok
tabib,tabib
murid,murid
murah,murah
dgang,dgang
kplap,kplap
koyak,koyak
kotor,kotor
tulah,tulah
hanya,hanya
kuasa,kuasa
retak,retak
restu,restu
resto,resto
rewel,rewel
tuman,tuman
tulus,tulus
tulul,tulul
kulit,kulit
kudus,kudus
awali,awali
diadu,diadu
tajam,tajam
taiin,taiin
smile,smile
smell,smell
smdya,smdya
smart,smart
cepek,cepek
cetek,cetek
motif,motif
mosok,mosok
mudik,mudik
mumet,mumet
brsik,berisik
cfans,cfans
chara,chara
cepet,cepat
mourn,mourn
motto,motto
cerna,cerna
chain,chain
ceria,ceria
ambil,ambil
amber,amber
ambek,ambek
amaze,amaze
motor,motor
motik,motik
mucet,mucet
certa,cerita
smwny,semuanya
nelen,nelan
ambik,ambil
morat,morat
mulai,mulai
mukul,mukul
tahun,tahun
mudah,mudah
temen,teman
zuzur,jujur
diari,diari
mulut,mulut
diapa,diapa
moody,moody
moods,moods
cerai,cerai
pikmi,pick me
cerah,cerah
cenat,cenat
cemen,cemen
momen,momen
month,month
money,money
diaji,diaji
movie,movie
moves,moves
mouth,mouth
ngtuk,ngantuk
mommy,mommy
momma,momma
cepat,cepat
betol,betul
nagis,nangis
trjga,terjaga
baik1,baik
injek,injak
cenut,cenut
cekam,cekam
cegil,cegil
cegah,cegah
cemas,cemas
diare,diare
mojok,mojok
mohon,mohon
mogok,mogok
moran,moran
moral,moral
moots,moots
diana,diana
kallo,kalau
ngmgn,ngomong-ngomong
tb-tb,tiba-tiba
18.00,18:00
bnrrn,beneran
malem,malam
modal,modal
celah,celah
areez,areez
arash,arash
small,small
smaga,smaga
slump,slump
cause,cause
takwa,takwa
takut,takut
ktnya,katanya
celup,celup
korea,korea
koran,koran
kosan,kosan
harta,harta
krauk,krauk
harap,harap
haram,haram
kripi,kripi
ribut,ribut
ribet,ribet
riang,riang
rezin,rezin
djual,dijual
takes,takes
diary,diary
molor,molor
mokad,mokad
momon,momon
sumpa,sumpah
maksa,memaksa
9.5i0,9.500
catur,catur
catch,catch
bnran,beneran
skdar,sekadar
cebok,cebok
slide,slide
talak,talak
talah,talah
mochi,mochi
mocha,mocha
mobil,mobil
mnies,mnies
mixed,mixed
modus,modus
modis,modis
model,model
modar,modar
mitos,mitos
takla,takla
misua,misua
slept,slept
sleep,sleep
casan,casan
carry,carry
carny,carny
carmy,carmy
dicap,dicap
misal,misal
miris,miris
taken,taken
ambis,ambis
cekin,cekin
cekik,cekik
wonwo,wonwoo
catat,catat
hisup,hidup
kt-kt,kata-kata
10.30,10:30
jahui,jauhi
1othn,1 tahun
isoke,is okay
jdiin,jadikan
dritd,dari tadi
penis,penis
carat,carat
pensi,pensi
minta,minta
misuh,misuh
minim,minim
minho,minho
mingi,mingi
tmnan,temanan
diddy,diddy
miras,miras
mipon,mipon
dicut,dicut
dicek,dicek
mitze,mitze
mitya,mitya
mitra,mitra
satgi,saat lagi
apaya,apa ya
slave,slave
slang,slang
slack,slack
buriq,burik
sksks,sksks
skrol,skrol
caper,caper
mimin,mimin
tamat,tamat
taman,taman
minor,minor
lmpar,lempar
anjer,anjir
rindi,rindi
rinda,rinda
tukul,tukul
tukar,tukar
tuhan,tuhan
tumpu,tumpu
tumor,tumor
tummy,tummy
aware,aware
awang,awang
turut,turut
amang,amang
didua,didua
mirip,mirip
minut,minut
minus,minus
minum,minum
zahwa,Zahwa
isine,isinya
penge,pengen
smbuh,sembuh
wkaka,<noise>
bagun,bangun
belom,belum
didik,didik
penuh,penuh
cares,cares
capai,capai
canva,canva
alter,alter
alsha,alsha
tanam,tanam
tanak,tanak
ngasi,memberi
1juta,1 juta
tanah,tanah
mimik,mimik
milik,milik
amati,amati
minek,minek
minds,minds
casey,casey
ksian,kasihan
ktika,ketika
candy,candy
candu,candu
canda,canda
capek,capek
didot,didot
didnt,didnt
ngisi,mengisi
milan,milan
mikum,mikum
mikir,mikir
mikey,mikey
mikan,mikan
minda,minda
minat,minat
minal,minal
mimpi,mimpi
cedih,sedih
might,might
arius,arius
aring,aring
aries,aries
mines,mines
pentg,penting
ruqya,ruqyah
mmbri,memberi
o___o,<noise>
boong,bohong
pngil,panggil
camat,camat
digit,digit
micro,micro
micin,micin
micha,micha
mewek,mewek
milea,milea
kotak,kotak
harga,harga
harry,harry
tunda,tunda
harsh,harsh
harsa,harsa
tulla,tulla
3os21,3os21
kuaku,kuaku
ksbur,ksbur
seklh,sekolah
gatel,gatal
harus,harus
almet,almet
miles,miles
capri,capri
peony,peony
canon,canon
meuni,meuni
rapih,rapi
attak,attack
meter,meter
metal,metal
perak,perak
perah,perah
pepek,pepek
caleg,caleg
caleb,caleb
peras,peras
merta,merta
mesum,mesum
altho,altho
tanda,tanda
alvin,alvin
mihya,mihya
tmnku,temanku
wlgyt,<noise>
wilda,Wilda
alnst,alnst
4-Mar,4 Maret
.awet,. awet
yugad,ya juga
epnuh,penuh
keman,ke mana
kpada,kepada
3athn,3 tahun
rhmti,rahmati
diisi,diisi
merem,merem
dikit,dikit
merid,merid
mergo,mergo
pepes,pepes
peran,peran
calon,calon
calms,calms
merek,merek
merch,merch
dikos,dikos
mesra,mesra
meski,meski
mesin,mesin
mewah,mewah
susye,susah
dilan,dilan
merah,merah
tusuk,tusuk
30-an,30-an
benih,benih
right,right
rider,rider
rindu,rindu
rinci,rinci
rimas,rimas
rilis,rilis
riley,riley
hasut,hasut
hasnt,hasnt
hasil,hasil
haris,haris
korek,korek
avoid,avoid
diluc,diluc
cakep,cakep
hpnya,hp-nya
jeleq,jelek
cakar,cakar
cakap,cakap
skkan,skkan
skizo,skizo
skill,skill
mepet,mepet
dimas,dimas
mesti,mesti
messy,messy
mesem,mesem
merge,merge
dngan,dengan
jeput,jemput
senen,senin
2e2gb,<noise>
pakek,pakai
cuwek,cuek
sgede,segede
doktr,dokter
dilap,dilap
skena,skena
buyer,buyer
buyar,buyar
perek,perek
cacat,cacat
cacar,cacar
cabut,cabut
cabik,cabik
diner,diner
dinda,dinda
dinas,dinas
dikom,dikom
meras,meras
copit,covid
meres,meres
riban,ribuan
nyapa,menyapa
ssllu,selalu
dikta,dikta
diksi,diksi
direp,direp
menye,menye
disko,disko
arsip,arsip
aroma,aroma
alone,alone
skala,skala
sjhon,sjhon
pergi,pergi
ditto,ditto
ditra,ditra
ditvi,ditvi
tangi,tangi
alphi,alphi
alpha,alpha
along,along
mldak,meledak
sepek,sepek
rjsjd,rjsjd
rizky,rizky
tweet,tweet
tuyul,tuyul
tutur,tutur
risky,risky
risih,risih
riset,riset
risau,risau
ririn,ririn
rinto,rinto
rings,rings
ringo,ringo
hasan,hasan
turns,turns
tanpa,tanpa
diuji,diuji
buyuh,buyuh
perih,perih
butuh,butuh
butir,butir
siwer,siwer
thnan,tahunan
situs,situs
tarik,tarik
taraf,taraf
tanya,tanya
tanwa,tanwa
diril,diril
skate,skate
diset,diset
disor,disor
njing,anjing
udhlh,udahlah
doaku,doaku
dm-ku,dm-ku
dm-in,dm-in
dobby,dobby
zhong,Zhong
3kali,3 kali
axety,anxiety
dalah,adalah
doang,doang
sitha,sitha
siswa,siswa
wloun,walaupun
busuk,busuk
busui,busui
tatap,tatap
tatan,tatan
ditch,ditch
allan,allan
allah,allah
tante,tante
99.99,99.99
pduli,peduli
dobel,dobel
dirty,dirty
dongv,dongv
dongo,dongo
buset,buset
busan,busan
buruk,buruk
buruh,buruh
burst,burst
burnt,burnt
dosis,dosis
dosen,dosen
menus,menus
menua,menua
doing,doing
doamu,doamu
givin,giving
buram,buram
rilit,relate
3anak,3 anak
brumh,berumah
kntor,kantor
donts,donts
donor,donor
burik,burik
bumbu,bumbu
bumay,bumay
bunyi,bunyi
bunuh,bunuh
gamau,tidak mau
smnjk,semenjak
anniv,anniversary
domba,domba
buntu,buntu
draft,draft
doyan,doyan
downs,downs
dovey,dovey
taste,taste
tasks,tasks
taruh,taruh
dodol,dodol
kpala,kepala
drain,drain
bunga,bunga
sissy,sissy
siska,siska
babhi,babi
sirna,sirna
sirik,sirik
dsnew,dsnew
dread,dread
drank,drank
drama,drama
draka,draka
perlu,perlu
domku,domku
menji,menji
taxes,taxes
tawan,tawan
adueh,aduh
atlit,atlet
bukit,bukit
alike,alike
zoalx,soalnya
align,align
tebar,tebar
tebal,tebal
tebak,tebak
drive,drive
drink,drink
dress,dress
dream,dream
bulol,bulol
doubt,doubt
tease,tease
tears,tears
apasi,apa sih
cobak,coba
.tapi,. tapi
crcle,circle
bujut,bujut
bujuk,bujuk
bukti,bukti
turah,turah
koper,koper
sayah,saya
sgini,segini
haver,haver
healt,healt
river,river
kmrnᅳ,kemarin
begok,bego
degar,dengar
trllu,terlalu
kowan,kawan
roban,roban
bujet,bujet
teens,teens
teduh,teduh
tebus,tebus
aliya,aliya
alive,alive
drunk,drunk
drugs,drugs
dugem,dugem
bundi,bundi
bunda,bunda
bumil,bumil
bulak,bulak
dubes,dubes
menit,menit
dukia,dukia
tegal,tegal
tegak,tegak
bulan,bulan
build,build
bener,benar
bugis,bugis
bugar,bugar
budir,budir
dusta,dusta
duper,duper
bully,bully
budek,budek
buddy,buddy
bukan,bukan
bujug,bujug
dunio,dunia
tekad,tekad
tegur,tegur
noone,no one
nomer,nomor
yudai,Yudai
tegas,tegas
tegar,tegar
dulur,dulur
arwah,arwah
dukun,dukun
sirih,sirih
siram,siram
sipil,sipil
alias,alias
alian,alian
duduk,duduk
dunia,dunia
dungu,dungu
dumay,dumay
sngat,sangat
kepla,kepala
mfkan,maafkan
acces,access
heavy,heavy
heart,heart
heads,heads
30-60,30-60
haula,haula
hates,hates
hated,hated
nyium,mencium
tutup,tutup
tutuk,tutuk
tutor,tutor
tuton,tuton
konon,konon
turun,turun
earth,earth
early,early
budak,budak
bucks,bucks
bucin,bucin
bubur,bubur
bubuk,bubuk
bruno,bruno
bubar,bubar
bubai,bubai
pesen,pesan
vobia,fobia
artis,artis
ebook,ebook
dunno,dunno
dugun,dugun
ealah,ealah
tekan,tekan
gmter,gemetar
belio,beliau
6than,6 tahun
tmnin,temanin
alibi,alibi
buang,buang
buana,buana
babby,baby
kalok,kalau
sampe,sampai
brook,brook
brong,brong
broke,broke
bsc-2,bsc-2
sinyo,sinyo
aleon,aleon
album,album
teler,teler
alien,alien
ebrut,ebrut
telan,telan
telah,telah
dying,dying
ednos,ednos
sinus,sinus
sinis,sinis
brian,brian
teman,teman
telus,telus
telur,telur
telmi,telmi
alert,alert
edits,edits
iyaya,iya
tampa,tanpa
iduup,hidup
kokas,kokas
komen,komen
kolot,kolot
kolom,kolom
hebat,hebat
awful,awful
awasi,awasi
sepak,sepak
ritme,ritme
robot,robot
robet,robet
robek,robek
robbi,robbi
twins,twins
egoku,egoku
eater,eater
eaten,eaten
alief,alief
alice,alice
bicra,bicara
cabet,capek
kecoa,kecoak
telas,telas
eleuh,eleuh
ekhem,ekhem
eksim,eksim
alami,alami
pesan,pesan
perut,perut
guweh,gue
brklo,berkeliaran
petir,petir
petik,petik
petak,petak
petah,petah
email,email
ehehe,ehehe
easly,easly
eases,eases
efort,efort
edtwt,edtwt
.biar,. biar
emamg,emang
emang,emang
pesta,pesta
bring,bring
rapot,rapor
takok,takut
phase,phase
singa,singa
sindi,sindi
emosi,emosi
emoji,emoji
embun,embun
ember,ember
empet,empet
egois,egois
elmer,elmer
elite,elite
eling,eling
srmua,semua
brapa,berapa
alarm,alarm
bayak,banyak
7taun,7 tahun
dsana,di sana
23.30,23:30
empuk,empuk
empty,empty
since,since
photo,photo
phone,phone
phnya,phnya
engan,engan
ended,ended
break,break
twink,twink
twice,twice
komik,komik
komet,komet
hayfa,hayfa
hayat,hayat
bntuk,bentuk
yawla,ya Allah
rokok,rokok
roket,roket
ronda,ronda
tytyd,tytyd
knock,knock
sumah,rumah
encok,encok
encer,encer
tenda,tenda
enjoy,enjoy
tempt,tempt
tempo,tempo
tempe,tempe
emban,emban
0rang,orang
engap,engap
enola,enola
asahi,asahi
brrti,berarti
picky,picky
picka,picka
estes,estes
ester,ester
essay,essay
eonni,eonni
akses,akses
akrab,akrab
empat,empat
tenan,tenan
temui,temui
jdiny,jadinya
sampa,sampai
kerna,karena
2anak,2 anak
7 jam,7 jam
skrps,skripsi
brant,brant
brand,brand
brake,brake
brain,brain
braga,braga
entah,entah
tight,tight
tiger,tiger
tifus,tifus
90-an,90-an
grows,grows
grown,grown
group,group
grogi,grogi
pagil,panggil
ngaji,mengaji
01.15,01:15
abiez,habis
rahim,rahim
beuki,beuki
twist,twist
benci,benci
tensi,tensi
tense,tense
tengz,tengz
aktif,aktif
ertio,ertio
error,error
enjel,enjel
enwoo,enwoo
entuk,entuk
engeh,engeh
pills,pills
pilih,pilih
pilek,pilek
piled,piled
pikun,pikun
alama,alama
pikuk,pikuk
waknp,whatsapp kenapa
tepuk,tepuk
tepos,tepos
tepat,tepat
esdeh,esdeh
etnis,etnis
picek,picek
piatu,piatu
piano,piano
piala,piala
hehhe,hehe
ngluh,mengeluh
pikir,pikir
dripd,daripada
2kali,2 kali
tentu,tentu
gakda,tidak ada
brave,brave
bowel,bowel
bourn,bourn
pinak,pinak
pilot,pilot
exact,exact
eungh,eungh
akhir,akhir
akgae,akgae
akbar,akbar
pikul,pikul
eropa,eropa
pijat,pijat
pihak,pihak
piece,piece
brtmn,berteman
enggk,enggak
emanh,emang
spupu,sepupu
sking,saking
silap,silap
silam,silam
pinus,pinus
antri,antre
expat,expat
exist,exist
every,every
event,event
exchu,exchu
excel,excel
neguk,meneguk
exams,exams
eyang,eyang
etika,etika
etdah,etdah
tepar,tepar
simak,simak
dpean,depan
zahra,Zahra
kalin,kalian
brkat,berkat
f60.3,f60.3
extra,extra
pinta,pinta
pitam,pitam
pitak,pitak
pisau,pisau
pisan,pisan
ajaib,ajaib
pintu,pintu
teras,teras
extro,extro
fakta,fakta
silly,silly
silih,silih
silet,silet
silat,silat
yeaay,yeay
ripyu,review
ngcht,ngobrol
pipis,pipis
plagi,plagi
place,place
teori,teori
sikon,sikon
sikka,sikka
sikap,sikap
sihir,sihir
facts,facts
false,false
falla,falla
farel,farel
akang,akang
faces,faces
faced,faced
fa1.2,fa1.2
06feb,06 Februari
01.02,01:02
cream,krim
aiueo,aiueo
rizki,rezeki
inten,intens
8 jam,8 jam
sigma,sigma
botol,botol
botak,botak
bosan,bosan
plank,plank
aimar,aimar
ailsa,ailsa
ajasi,ajasi
ajari,ajari
geter,gemetar
siksa,siksa
bench,bench
types,types
tyler,tyler
kodar,kodar
kocak,kocak
koala,koala
knows,knows
known,known
udele,udele
komit,komit
kolek,kolek
kolam,kolam
kokoh,kokoh
dipil,dipilih
klien,klien
drimu,dirimu
yakan,ya kan
b.ing,bahasa inggris
ajapa,ajapa
ajang,ajang
fe1.5,fe1.5
fajar,fajar
faith,faith
fails,fails
pisah,pisah
teges,tegas
sidik,sidik
sidak,sidak
dwasa,dewasa
ashin,ashin
plave,plave
aidin,aidin
aibku,aibku
faves,faves
fault,fault
faula,faula
fears,fears
fe-fe,fe-fe
faker,faker
sihhb,sihhb
sihbh,sihbh
signs,signs
lgsng,langsung
idung,hidung
ahead,ahead
ahaha,ahaha
gituh,begitu
menjd,menjadi
feeds,feeds
fiksi,fiksi
fikih,fikih
figur,figur
fight,fight
plans,plans
plong,plong
sibyl,sibyl
after,after
agony,agony
ahmad,ahmad
fatal,fatal
plang,plang
sifat,sifat
rilek,rileks
mklum,maklum
smpng,samping
gedeg,gedek
crilh,crilh
field,field
finch,finch
final,final
asbun,asbun
sibuk,sibuk
siapa,siapa
siang,siang
pnsig,pnsig
fishy,fishy
first,first
flash,flash
filed,filed
fckin,fckin
again,again
felix,felix
feels,feels
yarob,ya Rabb
deoan,depan
sang3,sange
skrrg,sekarang
fisip,fisip
fisik,fisik
shoya,shoya
pokok,pokok
pojok,pojok
point,point
flies,flies
anget,hangat
mksut,maksud
soses,sosis
beli-,beli-
partn,partner
flame,flame
fitur,fitur
adult,adult
aduin,aduin
fobia,fobia
agnes,agnes
aging,aging
agent,agent
feyla,feyla
hrgai,hargai
kacaw,kacau
menda,menda
klein,klein
klaim,klaim
knetz,knetz
knets,knets
rolls,rolls
bengi,bengi
benak,benak
belva,belva
belur,belur
ronta,ronta
ujung,ujung
ujian,ujian
3-nya,3-nya
heard,heard
benda,benda
bop-b,bop-b
polip,polip
pener,bener
kalow,kalau
kasik,kasih
fluff,fluff
fluct,fluct
folio,folio
fokus,fokus
foggy,foggy
focus,focus
foods,foods
fleet,fleet
fiqri,fiqri
afgan,afgan
aeswe,aeswe
agama,agama
jdlah,jadilah
adzim,adzim
fluid,fluid
forum,forum
forth,forth
forte,forte
folls,folls
shout,shout
short,short
shope,shope
ponyo,ponyo
bop-p,bop-p
force,force
fntik,fntik
floor,floor
pohon,pohon
bored,bored
entar,nanti
pdhal,padahal
mntan,mantan
iyyes,iya
adiku,adiku
polri,polri
polos,polos
boros,boros
flaws,flaws
bonto,bonto
popup,popup
fuchi,fuchi
fuagh,fuagh
blokm,blok m
fresh,fresh
frost,frost
popok,popok
adopt,adopt
admit,admit
aesol,aesol
aelah,aelah
bulay,bule
terik,terik
wotch,watch
rasax,rasanya
copid,covid
trmsk,termasuk
giler,gila
trdkt,terdekat
bonus,bonus
coffe,kopi
ukhti,ukhti
kitab,kitab
kista,kista
roots,roots
dikmr,dikamar
seoul,seoul
senut,senut
round,round
rough,rough
rosie,rosie
kisah,kisah
kirim,kirim
knats,knats
seorg,seseorang
hiang,hilang
ashon,ashon
shoes,shoes
shock,shock
porto,porto
porsi,porsi
furry,furry
funny,funny
fully,fully
memed,memed
gadak,gadak
gadai,gadai
found,found
front,front
freak,freak
frank,frank
wifes,wives
gemec,gemas
sethn,setahun
jstru,justru
adkel,adkel
adira,adira
poros,poros
porno,porno
pergu,pergi
books,books
bomat,bomat
posko,posko
terka,terka
adhds,adhds
adeku,adeku
gacha,gacha
asing,asing
aside,aside
asian,asian
ashya,ashya
shits,shits
brsma,bersama
shiki,shiki
memek,memek
shift,shift
shifa,shifa
shiet,shiet
galau,galau
gadun,gadun
gaduh,gaduh
gadis,gadis
galak,galak
gajah,gajah
memet,memet
memes,memes
gagah,gagah
admin,admin
porji,porji
gagap,gagap
galuh,galuh
galon,galon
bolot,bolot
bolos,bolos
bolil,bolil
boleh,boleh
bolak,bolak
boker,boker
ganda,ganda
ganya,ganya
gamon,gamon
shiit,shiit
knaps,knaps
klise,klise
2wink,2wink
kknan,kknan
kkeut,kkeut
udara,udara
heedo,heedo
hedon,hedon
heboh,heboh
bhong,bohong
kicik,kecil
umpet,umpet
bahkn,bahkan
klean,kalian
nolak,menolak
seppi,sepi
trlht,terlihat
169cm,169 cm
gabut,gabut
gabby,gabby
g-gak,g-gak
gagal,gagal
.cuma,. cuma
emgga,enggak
gangs,gangs
poxxr,poxxr
power,power
potek,potek
bohay,bohay
bogor,bogor
10.36,10:36
bogem,bogem
bodys,bodys
gatal,gatal
ktemu,ketemu
adane,adane
ganti,ganti
adaji,adaji
games,games
gamer,gamer
ganja,ganja
bg-bg,bagi-bagi
gedek,gedek
arrgh,argh
celap,celup
bulik,bolak-balik
anggp,anggap
umpan,umpan
kilau,kilau
kilat,kilat
kk-kk,kk-kk
kjlkn,kjlkn
ulang,ulang
ukiss,ukiss
rooms,rooms
benar,benar
ruang,ruang
royal,royal
ayang,ayang
umbar,umbar
ultra,ultra
ultah,ultah
gebuk,gebuk
gcnya,gcnya
achin,achin
shell,shell
share,share
aspal,aspal
bocor,bocor
bocil,bocil
bocah,bocah
aches,aches
acels,acels
gamma,gamma
garut,garut
garuk,garuk
garis,garis
adapt,adapt
yoona,Yoona
betuh,butuh
tuker,tukar
pulak,pula
pecya,percaya
aneeh,aneh
dirmh,di rumah
geber,geber
ge-er,ge-er
gempa,gempa
gemoy,gemoy
gedor,gedor
bokep,bokep
gbkal,tidak bakal
prank,prank
melow,melow
melon,melon
gelap,gelap
gelak,gelak
adaan,adaan
panaz,panas
sgitu,segitu
acute,acute
garam,garam
gawat,gawat
dsini,di sini
kipop,k-pop
sulid,sulit
genre,genre
genit,genit
bodoh,bodoh
bodat,bodat
bobby,bobby
naruh,menaruh
omset,omzet
spele,sepele
bnhdr,bnhdr
blush,blush
asmen,asmen
melek,melek
gerak,gerak
bokap,bokap
gemuk,gemuk
acted,acted
memar,memar
gelas,gelas
gelar,gelar
hmbar,hambar
skola,sekolah
zolim,zalim
abuse,abuse
acara,acara
inget,ingat
askrl,askrl
shame,shame
blues,blues
bloon,bloon
teror,teror
terms,terms
ac-ac,ac-ac
getar,getar
meets,meets
genap,genap
gemas,gemas
gemar,gemar
gelut,gelut
aseli,asli
blood,blood
gerah,gerah
bobot,bobot
bobok,bobok
block,block
blitz,blitz
blink,blink
blind,blind
abang,abang
terpa,terpa
ttapi,tetapi
pokol,pukul
dgrkn,dengarkan
absen,absen
abrek,abrek
aslam,aslam
gerik,gerik
geser,geser
abyan,abyan
iyaap,iya
9.6i0,9.600
trkhr,terakhir
press,press
blurb,blurb
anjyr,anjing
print,print
blong,blong
mabok,mabuk
kidal,kidal
kicks,kicks
kicep,kicep
kibum,kibum
rujuk,rujuk
rumus,rumus
kinda,kinda
kimia,kimia
rumit,rumit
rumah,rumah
rukun,rukun
rukuk,rukuk
heleh,heleh
umrah,umrah
rumor,rumor
aaggh,aaggh
a.k.a,a.k.a
medis,medis
medic,medic
media,media
medan,medan
mecim,mecim
abadi,abadi
gerry,gerry
gibah,gibah
ghost,ghost
ghina,ghina
nentu,tentu
meler,meler
balek,balik
dtang,datang
baiik,baik
means,means
aargh,aargh
shade,shade
shabu,shabu
blast,blast
maybe,maybe
mayat,mayat
mawar,mawar
mbloc,mbloc
pride,pride
Yoona,Yoona
Yifan,Yifan
above,above
about,about
gform,gform
megah,megah
bikkn,bikin
ashar,asar
blank,blank
blame,blame
prodi,prodi
black,black
kejem,kejam
lagih,lagi
jdwal,jadwal
yowis,ya wis
bjrot,bjrot
bjing,bjing
bleng,bleng
sewot,sewot
matur,matur
matre,matre
matis,matis
aargj,aargj
Yudai,Yudai
22:40,22:40
under,under
heish,heish
hehim,hehim
ulkus,ulkus
kipas,kipas
kinky,kinky
kings,kings
rutin,rutin
rusuk,rusuk
rusuh,rusuh
12.31,12:31
4.ada,4. ada
undir,undir
mecat,mecat
meant,meant
8.8sr,8.8 sr
Zolta,Zolta
Zhong,Zhong
Zhang,Zhang
Zahwa,Zahwa
yages,ya guys
13.30,13:30
Zahra,Zahra
Yuhan,Yuhan
mauku,mauku
bites,bites
masya,masya
blade,blade
matik,matik
matek,matek
Yahya,Yahya
XBank,XBank
Wulan,Wulan
terry,terry
frend,friend
indan,indah
dalem,dalam
dngin,dingin
given,given
gigit,gigit
massa,massa
bitch,bitch
bisul,bisul
gmeet,gmeet
gmail,gmail
Woozi,Woozi
Willy,Willy
Wilde,Wilde
Wilda,Wilda
gives,gives
nekad,nekat
mbabi,mbabi
mayor,mayor
mayis,mayis
mayhq,mayhq
masuk,masuk
masal,masal
gmmtv,gmmtv
marki,marki
markf,markf
marke,marke
marit,marit
mario,mario
glory,glory
proof,proof
prone,prone
naini,ini
ngmng,ngomong
mohoh,mohon
angkt,angkat
gitar,gitar
gocek,gocek
maria,maria
match,match
Widad,Widad
Wempy,Wempy
giver,giver
marak,marak
marah,marah
promo,promo
bisik,bisik
binge,binge
binar,binar
binal,binal
proud,proud
yanga,yang
mapel,mapel
mapan,mapan
manut,manut
gladi,gladi
masak,masak
masih,masih
masha,masha
gokil,gokil
gojek,gojek
gocar,gocar
gobok,gobok
goals,goals
aspek,aspek
setua,setua
dl.jd,dulu. jadi
anjnk,anjing
setor,setor
setir,setir
gofud,gofud
gofod,gofod
mania,mania
margo,margo
maret,maret
march,march
maras,maras
pengn,pengen
brobt,berobat
strez,stres
pakej,paket
brbgi,berbagi
manja,manja
ddlam,didalam
gntng,gantung
mnrus,menerus
kdang,kadang
2.dia,2. dia
khong,khong
kfstl,kfstl
23:54,23:54
23:44,23:44
23:30,23:30
23:00,23:00
hence,hence
kikuk,kikuk
kihno,kihno
unand,unand
2oi0-,2oi0-
helps,helps
rumpi,rumpi
rusak,rusak
curat,curhat
rupek,rupek
s.ked,s.ked
ryuji,ryuji
ruwet,ruwet
azzam,azzam
azali,azali
uneuk,uneuk
helly,helly
hello,hello
sensi,sensi
sense,sense
senja,senja
senin,senin
undur,undur
heula,heula
loser,loser
lopyu,lopyu
looks,looks
ipong,iphone
gakam,tidak akan
mcmne,macam mana
radit,radit
radar,radar
racun,racun
raiso,raiso
raise,raise
raine,raine
rahmi,rahmi
tikam,tikam
rusli,rusli
helsy,helsy
gaada,tidak ada
tkdir,takdir
pegih,pergi
bikij,bikin
busok,busuk
trims,terima kasih
adany,adanya
radak,agak
serng,sering
ngata,mengata
jenid,jenis
ketok,ketok
ketir,ketir
hella,hella
ketus,ketus
ketua,ketua
henti,henti
sendu,sendu
senat,senat
unnes,unnes
heres,heres
heran,heran
ketik,ketik
hibur,hibur
unity,unity
hewan,hewan
kevin,kevin
keulu,keulu
hemat,hemat
beluk,beluk
buliy,buli
10.21,10:21
below,below
2-3an,2-3an
up-an,up-an
hiper,hiper
hijau,hijau
hijab,hijab
belok,belok
belly,belly
bella,bella
belin,belin
sabar,sabar
sadar,sadar
untuk,untuk
until,until
unsur,unsur
apaka,apakah
musti,mesti
bahag,bahagia
8-oan,80-an
ffnya,fanficnya
tm-tm,teman-teman
nyruh,menyuruh
tkang,tukang
sadly,sadly
sadis,sadis
sadha,sadha
sakai,sakai
nyisa,menyisa
brcnd,bercanda
jelah,jelas
sajah,saja
hdpku,hidupku
sabun,sabun
sabtu,sabtu
sabit,sabit
belum,belum
keset,keset
unsos,unsos
hilir,hilir
hilih,hilih
hilal,hilal
sahih,sahih
belet,belet
belas,belas
hinil,hinil
hirup,hirup
hiruk,hiruk
upaya,upaya
hidup,hidup
hidih,hidih
ketat,ketat
ketar,ketar
usagi,usagi
meluk,memeluk
urusi,urusi
hp-ku,hp-ku
20.30,20.30
20-an,20-an
kesus,kesus
hitam,hitam
ktiga,ketiga
sains,sains
saing,saing
saiki,saiki
uring,uring
urban,urban
urang,urang
upset,upset
proxy,proxy
prove,prove
bingo,bingo
psych,psych
psiko,psiko
mamun,mamun
maneh,maneh
mandu,mandu
mando,mando
mandi,mandi
mamam,mamam
mantu,mantu
manic,manic
golek,golek
goldy,goldy
fcnya,fungsinya
lt.12,lantai 12
5-Feb,5 Februari
mrpkn,merupakan
psalm,psalm
5.5jt,5.5 juta
nutup,menutup
skali,sekali
sakha,sakha
sakau,sakau
semut,semut
semua,semua
saldo,saldo
saksi,saksi
sakit,sakit
usaha,usaha
1s6cm,1s6cm
1odtk,1odtk
1eokg,1eokg
horor,horor
horny,horny
horeg,horeg
hodob,hodob
uprak,uprak
sahut,sahut
sahur,sahur
kalou,kalau
mnjdi,menjadi
byata,nyata
13.40,13:40
2sthn,2 tahun
syang,sayang
house,house
hours,hours
hotel,hotel
kesal,kesal
kesah,kesah
usual,usual
ustaz,ustaz
using,using
hp-an,hp-an
honey,honey
homow,homow
homey,homey
ushun,ushun
kesan,kesan
hoshi,hoshi
horus,horus
ptong,potong
cepeg,cepat
gnung,gunung
skrnk,sekarang
salsa,salsa
salon,salon
salju,salju
salin,salin
salim,salim
sales,sales
salut,salut
salty,salty
kerja,kerja
hsjdk,hsjdk
80-kg,80 kg
dutuh,butuh
gugug,gugup
mkany,makanya
aeಥ_ಥ,aja <noise>
grief,grief
tidur,tidur
atika,atika
sesal,sesal
sesak,sesak
serve,serve
ragam,ragam
local,local
9.600,9.600
9.500,9.500
"88,05","88,05"
lomba,lomba
tiada,tiada
chtan,chatan
utama,utama
trang,terang
keruk,keruk
saleh,saleh
kerap,kerap
valor,valor
valid,valid
vakum,vakum
uwong,uwong
salat,salat
salam,salam
salah,salah
belia,belia
sdnya,sekolah dasarnya
vapak,vapak
hutan,hutan
sampo,sampo
bekas,bekas
value,value
keren,keren
keras,keras
humor,humor
hujat,hujat
hujan,hujan
huhuy,huhuy
samar,samar
sanak,sanak
venti,venti
vegan,vegan
hufft,hufft
utang,utang
sekrg,sekarang
kadng,kadang
mintk,minta
verba,verba
ver.1,ver.1
samoe,sampai
nerka,menerka
psyco,psycho
human,human
hukum,hukum
kepet,kepet
vecna,vecna
takda,tidak ada
karir,karier
renov,renovasi
apapa,apa-apa
18:00,18:00
hugen,hugen
hynna,hynna
bekal,bekal
bejir,bejir
bejat,bejat
being,being
vespa,vespa
verve,verve
hshss,hshss
hshsh,hshsh
hufth,hufth
17:40,17:40
ibuk2,ibuk2
smlem,semalam
pelis,please
inchi,inci
gayah,gaya
onnie,eonni
video,video
vibes,vibes
beken,beken
babel,babel
babak,babak
venue,venue
huruf,huruf
hurts,hurts
sange,sange
sandi,sandi
sanun,sanun
bekti,bekti
kenot,kenot
ialah,ialah
i-iya,i-iya
viral,viral
hncur,hancur
versi,versi
verse,verse
versa,versa
verge,verge
sikit,sedikit
sdkit,sedikit
vlive,vlive
visit,visit
virus,virus
3-4jt,3-4 juta
1-2th,1-2 tahun
nrima,menerima
.....,.
ibuku,ibuku
sarah,sarah
saraf,saraf
behel,behel
13:40,13:40
13:30,13:30
12:31,12:31
vocal,vocal
hutao,hutao
keoss,keoss
hyper,hyper
hyped,hyped
voice,voice
ba-ba,ba-ba
kenal,kenal
hyung,hyung
ibumu,ibumu
ielts,ielts
vit.b,vitamin B
yaene,ya ini
bilng,bilang
15-16,15-16
14:00,14:00
bacok,bacok
badut,badut
badan,badan
idols,idols
idola,idola
keluh,keluh
villa,villa
views,views
ibrah,ibrah
iblis,iblis
aprhq,april
virgo,virgo
saran,saran
waits,waits
ksitu,ke situ
bngke,bangkai
negur,menegur
dimna,di mana
blkng,belakang
t___t,<noise>
wadah,wadah
wa-wa,wa-wa
wa-an,wa-an
igwvs,igwvs
kelon,kelon
begin,begin
begah,begah
sawan,sawan
sawah,sawah
ideal,ideal
ifrit,ifrit
telor,telur
kelas,kelas
kelar,kelar
kelil,kelil
idgaf,idgaf
ideas,ideas
vonis,vonis
vomit,vomit
babik,babi
becus,becus
sayat,sayat
wajib,wajib
wajar,wajar
wajan,wajan
wajah,wajah
sawit,sawit
quest,quest
queer,queer
queen,queen
racik,racik
rabun,rabun
rabes,rabes
rabak,rabak
lokal,lokal
lokak,lokak
three,three
those,those
lover,lover
loved,loved
hebis,habis
seolh,seolah
febhq,februari
wahyu,wahyu
wahai,wahai
ilahi,ilahi
ilaha,ilaha
ikuti,ikuti
iisma,iisma
vt-vt,vt-vt
wafat,wafat
waduh,waduh
slain,selain
gataw,tidak tahu
image,image
ilfil,ilfil
wakak,wakak
walas,walas
hobby,hobi
naroh,menaruh
ginit,gini
nyoba,mencoba
bilik,bilik
marhq,marah
walah,walah
waktu,waktu
wakil,wakil
badak,badak
badai,badai
bacot,bacot
semen,semen
bagus,bagus
kekar,kekar
kekal,kekal
inara,inara
kelen,kelen
iklan,iklan
saved,saved
bedak,bedak
yaudh,yaudah
inbox,inbox
scene,scene
scary,scary
scars,scars
gemes,gemas
stuju,setuju
beber,beber
beben,beben
bebel,bebel
bebek,bebek
bebef,bebef
bebeb,bebeb
walau,walau
keila,keila
bntak,bentak
willy,Willy
imbas,imbas
sayur,sayur
sayup,sayup
bebet,bebet
kekeh,kekeh
imasu,imasu
kelaq,kelaq
kelam,kelam
kelak,kelak
injak,injak
gaisa,tidak bisa
surem,suram
12-ku,12-ku
12-an,12-an
11-an,11-an
10:40,10:40
10:36,10:36
10:31,10:31
10:30,10:30
indah,indah
score,score
indra,indra
ingin,ingin
kejar,kejar
kejap,kejap
indie,indie
india,india
inspo,inspo
kehed,kehed
inner,inner
bagay,bagay
bagas,bagas
bagai,bagai
semau,semau
bahas,bahas
bahar,bahar
bctzh,bctzh
entuh,sentuh
1sthn,setahun
bebas,bebas
beban,beban
bebal,bebal
beats,beats
tiang,tiang
mikar,mikir
nagih,menagih
didlm,didalam
luang,luang
third,third
think,think
bi-bi,bi-bi
twtny,twt-nya
10.40,10:40
nuang,menuang
throw,throw
quirk,quirk
quiet,quiet
kejut,kejut
incel,incel
incan,incan
gugel,google
ingat,ingat
infus,infus
intip,intip
intim,intim
keigo,keigo
iniac,iniac
kejam,kejam
infjs,infjs
3onya,3 onya
greja,gereja
quite,quite
tidak,tidak
tiber,tiber
irony,irony
23.44,23:44
irian,irian
kegep,kegep
insya,insya
inter,inter
intan,intan
intro,intro
bayar,bayar
sebab,sebab
waras,waras
wants,wants
wangi,wangi
12:12,12:12
12:00,12:00
wamil,wamil
walls,walls
wasit,wasit
siain,sia-siakan
wasir,wasir
kecil,kecil
io-io,io-io
kedip,kedip
kedia,kedia
beads,beads
beach,beach
sebal,sebal
sebak,sebak
bahan,bahan
isahi,isahi
isagi,isagi
pacrn,pacaran
yaloh,ya Allah
ngntk,ngantuk
ssama,sesama
kerjo,kerja
insan,insan
input,input
insta,insta
kedua,kedua
pcrku,pacarku
takud,takut
dgnku,denganku
kring,kering
10-11,10-11
wasnt,wasnt
items,items
1.3s0,1.350
mngis,menangis
nanya,tanya
kedap,kedap
kecwe,kecwe
kecup,kecup
warni,warni
iseng,iseng
semak,semak
isyak,isyak
istri,istri
issue,issue
islam,islam
10-15,10-15
keeps,keeps
warna,warna
waris,waris
warga,warga
batak,batak
syiok,syok
ingfo,info
kebal,kebal
jajan,jajan
jajaj,jajaj
izone,izone
10:21,10:21
kecap,kecap
kebut,kebut
sebat,sebat
sebar,sebar
bawel,bawel
bawah,bawah
batuk,batuk
iwaoi,iwaoi
kebun,kebun
ituin,ituin
jakun,jakun
nyuri,mencuri
hspot,hotspot
bissu,bisu
jaket,jaket
jaime,jaime
jahit,jahit
jahat,jahat
jagat,jagat
knapa,kenapa
8pagi,8 pagi
auloh,allah
weird,weird
iuran,iuran
jacin,jacin
batok,batok
batin,batin
batas,batas
batal,batal
biksu,biksu
bikos,bikos
bikin,bikin
bijak,bijak
setim,setim
malik,malik
gorok,gorok
mampu,mampu
mamih,mamih
mamas,mamas
goofy,goofy
manga,manga
manis,manis
manip,manip
going,going
stlah,setelah
ykali,ya kali
nguap,menguap
whats,whats
keaku,keaku
ke-up,ke-up
ke-ke,ke-ke
sebut,sebut
basic,basic
wayah,wayah
water,water
watch,watch
watak,watak
ngapa,mengapa
jadul,jadul
keban,keban
jalan,jalan
keanu,keanu
sprti,seperti
xbank,XBank
keang,keang
jaeil,jaeil
trjdi,terjadi
kayak,kayak
kawin,kawin
kawan,kawan
jamin,jamin
kebab,kebab
0nan1,0nan1
08:30,08:30
weeks,weeks
italy,italy
iykyk,iykyk
welas,welas
jalur,jalur
upnya,up-nya
lambt,lambat
08:00,08:00
07:45,07:45
where,where
wheel,wheel
krena,karena
5 jam,5 jam
based,based
basah,basah
kdian,kdian
whose,whose
whole,whole
white,white
kebas,kebas
kesel,kesal
gprnh,gajelas
ilang,hilang
janda,janda
jamur,jamur
katai,katai
kasus,kasus
kasur,kasur
basuh,basuh
basmi,basmi
jamet,jamet
james,james
jambu,jambu
baris,baris
sedar,sedar
sedap,sedap
kasir,kasir
kartu,kartu
banga,bangga
lipet,lipat
sangt,sangat
karma,karma
karim,karim
while,while
which,which
"1,3s0","1,3s0"
wingi,wingi
kasas,kasas
kasar,kasar
barra,barra
selow,selow
selly,selly
bailu,bailu
notip,notifikasi
dkira,dikira
karib,karib
yutub,youtube
karba,karba
karya,karya
wkwkw,wkwkw
jalin,jalin
kaveh,kaveh
kauan,kauan
wired,wired
bngst,bangsat
kapok,kapok
kapan,kapan
jaran,jaran
sedih,sedih
sedia,sedia
seeds,seeds
7thun,7 tahun
hmpir,hampir
segar,segar
segan,segan
japri,japri
kapal,kapal
kapak,kapak
kanya,kanya
karil,karil
japan,japan
janur,janur
kasih,kasih
staga,astaga
hodup,hidup
1njak,injak
bahwa,bahwa
janji,janji
seems,seems
giman,gimana
barik,barik
baper,baper
03:22,03:22
02:07,02:07
01:36,01:36
01:21,01:21
01:15,01:15
01:02,01:02
00:30,00:30
wives,wives
wisma,wisma
jatuh,jatuh
karam,karam
jarak,jarak
barat,barat
smpet,sempat
h2jam,kurang dari 2 jam
apart,apartemen
gotta,gotta
whoaw,wow
2ajam,2 jam
appun,apa pun
arghj,argh
obyek,objek
kejer,kejar
jawab,jawab
jauhi,jauhi
kamis,kamis
kamar,kamar
kalut,kalut
segel,segel
jarum,jarum
kanji,kanji
sehat,sehat
kalau,kalau
kalap,kalap
kalah,kalah
kalab,kalab
kalor,kalor
wonho,wonho
women,women
woman,woman
jatah,jatah
suyrt,surat
17.40,17:40
ttiba,tiba-tiba
bapul,bapul
bantu,bantu
kakel,kakel
kakek,kakek
kakbg,kakbg
kakak,kakak
kajon,kajon
kajja,kajja
jelek,jelek
jelas,jelas
jebal,jebal
jebak,jebak
kanar,kanar
kanan,kanan
jeder,jeder
jebol,jebol
sehun,sehun
3hari,3 hari
gowes,gowes
teruk,teruk
setia,setia
astor,astor
pudar,pudar
pucil,pucil
pucat,pucat
puber,puber
makan,makan
makam,makam
gosok,gosok
skolh,sekolah
disni,di sini
lovey,lovey
loves,loves
great,great
grave,grave
lukai,lukai
luffy,luffy
sesat,sesat
sesar,sesar
atres,atres
atlet,atlet
atiny,atiny
quran,quran
quote,quote
quora,quora
barai,barai
solat,shalat
drpda,daripada
iklas,ikhlas
smbil,sambil
ᅠᅠair,air
brani,berani
dteng,datang
works,works
words,words
07:30,07:30
06:49,06:49
kagag,kagag
1ojam,1 jam
nimba,menimba
2tahn,2 tahun
kadir,kadir
jeans,jeans
kalem,kalem
worry,worry
world,world
sejam,sejam
sejak,sejak
kafka,kafka
kaeng,kaeng
jemur,jemur
jejak,jejak
kahga,kahga
kalih,kalih
baran,baran
barak,barak
akrap,akrab
dithn,di tahun
k-pop,k-pop
kabut,kabut
kabur,kabur
kabul,kabul
kacau,kacau
wound,wound
would,would
worth,worth
worst,worst
worse,worse
kagok,kagok
kaget,kaget
kagen,kagen
kagak,kagak
jurus,jurus
pstve,positive
wdueh,waduh
wrote,wrote
wrong,wrong
kagum,kagum
seisi,seisi
bapak,bapak
sejuk,sejuk
jutek,jutek
-yang,-yang
khwin,kawin
kayae,kayanya
23.54,23:54
jumat,jumat
paçar,pacar
ngadu,mengadu
wlwkw,<noise>
inbok,inbox
julid,julid
yakin,yakin
yaitu,yaitu
yahud,yahud
kades,kades
kader,kader
kadar,kadar
kabar,kabar
2ethn,2 tahun
kabon,kabon
kabin,kabin
kabel,kabel
kabeh,kabeh
sekar,sekar
frens,friends
nanem,menanam
jerit,jerit
jones,jones
jidat,jidat
jepit,jepit
jenuh,jenuh
judes,judes
juara,juara
yatim,yatim
yalah,yalah
-rank,-rank
-pura,-pura
junji,junji
jumpa,jumpa
jumbo,jumbo
jovan,jovan
write,write
jenis,jenis
wujud,wujud
jyakh,jyakh
tidue,tidur
baker,baker
bakat,bakat
bakar,bakar
bakal,bakal
yesus,yesus
bentr,bentar
jeung,jeung
mnjwb,menjawab
mersa,merasa
3 day,3 hari
pahan,paham
jessi,jessi
jeruk,jeruk
jerry,jerry
yknow,yknow
jujur,jujur
judul,judul
judol,judol
judge,judge
sekre,sekre
banci,banci
balut,balut
bakti,bakti
bakso,bakso
balik,balik
jompo,jompo
insom,insomnia
blook,blok
cowoq,cowok
dieum,diem
qasha,qasha
pydra,pydra
qtime,qtime
biasa,biasa
louis,louis
lotte,lotte
lotre,lotre
loyal,loyal
lovya,lovya
lovin,lovin
years,years
jiakh,jiakh
jiper,jiper
brkta,berkata
zaman,zaman
zalim,zalim
bakor,bakor
youre,youre
young,young
youll,youll
jogja,jogja
joget,joget
jodoh,jodoh
jotos,jotos
jorok,jorok
jorie,jorie
joong,joong
jdnya,jadinya
blang,bilang
jolok,jolok
anxty,anxiety
kenap,kenapa
apkah,apakah
pkran,pikiran
jolly,jolly
jokes,jokes
seksi,seksi
sters,stres
applu,aplikasi
gueke,gue ke
kayaj,kayak
br-br,baru-baru
bosen,bosan
banyk,banyak
crack,crack
belem,belum
gwehj,gue
otoge,otoge
other,other
osfed,osfed
oscar,oscar
osaka,osaka
ospek,ospek
yuuji,yuuji
yusra,yusra
jinna,jinna
jimin,jimin
jimat,jimat
balau,balau
balas,balas
-0.75,-0.75
sptfy,sptfy
06.49,06:49
mamak,mamak
mamah,mamah
gonta,gonta
gomen,gomen
ketmu,ketemu
kliny,klien
mndri,mandiri
betui,betul
pijet,pijat
makin,makin
makes,makes
maker,maker
gosip,gosip
mngkn,mungkin
soale,soalnya
12jam,12 jam
mlhan,malahan
spoil,spoil
apage,apage
cramp,cramp
sprei,sprei
bgmna,bagaimana
yodah,ya udah
sport,sport
spore,spore
hoduo,hidup
crime,crime
cries,cries
jitak,jitak
jisep,jisep
jirly,jirly
jiran,jiran
gatau,tidak tahu
sprty,sprty
sebap,sebab
pegah,pegal
mncri,mencari
6-May,6-May
gueeh,gue
munde,mundur
theme,theme
ludah,ludah
lucky,lucky
lucid,lucid
lucas,lucas
9oorb,9oorb
"99,99","99,99"
thnks,thnks
thank,thank
lunak,lunak
lumer,lumer
bible,bible
diorg,dia orang
doakn,doakan
telat,terlambat
vnnya,vn-nya
.akus,. aku
boyeh,boleh
gbisa,tidak bisa
slmet,selamat
kecik,kecil
cinte,cinta
llnya,lainnya
apaja,apa saja
sebel,sebal
1oorb,100 ribu
klrga,keluarga
keuar,keluar
cerik,cerita
nakut,takut
kemna,ke mana
gkjdi,tidak jadi
yahya,Yahya
scara,secara
sitik,sedikit
eskul,ekskul
brhrp,berharap
sihat,sehat
sygku,sayangku
slama,selama
rekom,rekomendasi
putih,putih
putar,putar
pushy,pushy
lubuk,lubuk
lubna,lubna
greet,greet
grepe,grepe
lusin,lusin
lurus,lurus
lurah,lurah
ghuwe,gua
thing,thing
theyd,theyd
these,these
there,there
56org,56 org
kmrin,kemarin
puter,putar
apdet,update
dnger,dengar
aduuh,aduh
bbisa,bisa
2hari,2 hari
nraka,neraka
minuj,minum
bekel,bekal
pmalu,pemalu
pijit,pijat
drstu,dari situ
takpe,tidak apa
2 jam,2 jam
konfl,konflik
janco,jancok
ghaib,gaib
narok,menaruh
brrty,berarti
bangt,banget
manta,mantan
smngt,semangat
mmang,memang
4othn,40 thn
kakau,kakak
apaan,apa
asiap,siap
bgiku,bagiku
sinet,sinetron
atiku,hatiku
klian,kalian
doonk,doang
brasa,berasa
denga,dengan
dibls,dibalas
2oorb,200 ribu
mabar,mabar
dakit,dikit
seung,seung
tetap,tetap
lunch,lunch
lunas,lunas
gt.lt,lebih besar lebih kecil
boloa,bodo amat
bibit,bibit
bibir,bibir
putus,putus
putsa,putsa
putri,putri
putra,putra
wudlu,wudu
wiken,weekend
laper,lapar
ceook,cewek
smpku,smp-ku
horu5,horus
pngin,pengin
sblom,sebelum
thanx,thanx
3ethn,3 tahun
ruwed,ruwet
88.05,88.05
hallo,halo
msjid,masjid
oline,online
geble,goblok
puasa,puasa
bilal,bilal
pukul,pukul
pujuk,pujuk
puisi,puisi
puguh,puguh
terus,terus
major,major
mager,mager
malas,malas
malam,malam
malah,malah
makwe,makwe
.atau,. atau
hrsny,harusnya
16ocm,160 cm
enask,enak
jerni,jernih
siaal,sial
1arah,1 arah
gangz,gangs
nuduh,menuduh
erima,terima
nyamn,nyaman
luput,luput
pupus,pupus
puppy,puppy
punya,punya
puni0,puni0
pusat,pusat
pusar,pusar
purut,purut
their,their
thaya,thaya
thats,thats
walao,walau
maalu,malu
9 jam,9 jam
jampt,jamet
pisik,fisik
ginin,ginikan
01.21,01:21
ganj4,ganja
cepak,cepat
22.40,22:40
emank,emang
menpa,mengapa
iyasi,iya sih
buaat,buat
iyain,iyakan
방탄소년단,방탄소년단
pernh,pernah
gmana,gimana
adalh,adalah
trhdp,terhadap
butah,butuh
tfrus,terus
degre,degree
8omqi,<noise>
tudur,tidur
rehap,rehab
oghey,oke
riweh,riweuh
enkkn,enakkan
sereh,serai
3kgcw,3 kg cw
tngan,tangan
yegak,ya gak
haloh,halo
bawan,bawaan
cuman,cuma
dsaat,di saat
ateis,ateis
ateez,ateez
atasi,atasi
biaya,biaya
lulus,lulus
luluh,luluh
lukis,lukis
mahad,mahad
magne,magne
magic,magic
tests,tests
kamum,kamu
detox,detoks
seger,segar
yifan,Yifan
dsitu,di situ
pitah,patah
malaz,malas
sblum,sebelum
smpai,sampai
rubah,ubah
komun,komunitas
napsu,nafsu
lakik,laki
crmah,ceramah
diksh,dikasih
holup,hold up
2xthn,2 tahun
faham,paham
6 jam,6 jam
pedku,pediku
tmpat,tempat
msuka,masuka
bntar,bentar
kalik,kali
dunya,dunia
mmgak,memang gak
.gimn,. gimana
anjeg,anjing
jgkel,jengkel
biaar,biar
mayan,lumayan
yusro,yusra
ngaur,ngawur
nulis,menulis
belon,belum
dengn,dengan
dngrn,dengaran
mndki,mendaki
anter,antar
deres,deras
ampeh,sampe
amaat,amat
jngan,jangan
puluh,puluh
luwes,luwes
mabuk,mabuk
gpnya,gpnya
gpmya,gpmya
goyah,goyah
mahou,mahou
tewas,tewas
teume,teume
tetek,tetek
teteh,teteh
grand,grand
harud,harus
gausa,tidak usah
pabji,pubg
stoop,stop
nitip,titip
cw-cw,cewek-cewek
makek,memakai
dengr,dengar
mcmni,macam ini
mrasa,merasa
deket,dekat
-udah,-udah
ngbls,membalas
brada,berada
pegen,pengen
yaiya,ya iya
nebak,menebak
ibroh,ibrah
ceray,cerai
kluar,keluar
cumak,cuma
knpah,kenapa
delet,delete
kngen,kangen
baang,bang
sttus,status
pglmn,pengalaman
aamin,amin
sdang,sedang
gtloh,gitu loh
tesla,tesla
tesis,tesis
pulih,pulih
pules,pules
pulau,pulau
pulas,pulas
punga,punga
punch,punch
punca,punca
blnja,belanja
karen,karena
tiktk,tiktok
10-an,10-anf
bncib,benci
netas,menetas
sring,sering
1secm,1 detik
aslkm,assalamu'alaikum
rilet,relate
nirus,menirus
4 jam,4 jam
8.7i0,8.700
smoga,semoga
kmbuh,kambuh
woozi,Woozi
kmana,ke mana
lemod,lemot
ijasa,ijazah
traum,trauma
driku,diriku
bawak,bawa
bales,balas
ortua,orang tua
minfa,minta
.bisa,. bisa
kelur,keluar
garet,garuk
sbuah,sebuah
hyong,hyung
wkkwk,<noise>
sbrpa,seberapa
astma,asma
gilak,gila
takot,takut
hutuh,butuh
srius,serius
mahar,mahar
mahal,mahal
setel,setel
setan,setan
bidan,bidan
pulse,pulse
pulsa,pulsa
madam,madam
macet,macet
macau,macau
macan,macan
macam,macam
maksi,maksi
makna,makna
grade,grade
grace,grace
inboq,inbox
sesag,sesak
mohin,mohon
karna,karena
bukak,buka
12.00,12:00
pumya,punya
jjong,jjong
jjang,jjang
youve,youve
youth,youth
yours,yours
selak,selak
selah,selah
jikan,jikan
jijik,jijik
jijay,jijay
squid,squid
ziggy,ziggy
zigot,zigot
zikir,zikir
tlong,tolong
-dari,-dari
timid,timid
times,times
timer,timer
80-an,80-an
80-90,80-90
8.700,8.700
zenly,zenly
selca,selca
zayne,zayne
-cont,-cont
-dada,-dada
takit,takut
6oo0,6 ribu
8okg,80-kg
haal,hal
gmny,gimananya
gjls,gajelas
ocen,ocen
kuat,kuat
apa3,apa
cery,cerah
clas,class
kuar,keluar
msak,masak
ujan,hujan
yaah,ya
jean,jeans
jila,jika
krma,karma
cita,cita-cita
tmen,teman
bsbs,bisa-bisa
5mnt,5 menit
oala,oalah
lsub,dan lain sebagainya
stre,stre
ofis,ofis
tula,tula
tuku,tuku
oleh,oleh
olah,olah
cuai,cuai
ctsk,ctsk
cuek,cuek
cucu,cucu
olga,olga
anon,anon
stok,stok
stnk,stnk
anti,anti
okay,okay
tswa,tswa
sato,satu
daru,dari
hanu,hanu
ogah,ogah
alus,halus
ones,ones
onde,onde
once,once
onar,onar
onad,onad
open,open
nnti,nanti
bljr,belajar
odsk,odsk
odin,odin
kubu,kubu
hans,hans
hani,hani
kudu,kudu
kuda,kuda
kuis,kuis
kuih,kuih
hard,hard
3nak,3nak
ogut,ogut
cuan,cuan
cuak,cuak
yank,yank
bsgt,banget
dosi,dosis
cuti,cuti
olis,olis
olin,olin
tuli,tuli
kpps,kpps
hara,hara
krim,krim
kres,kres
only,only
stay,stay
haru,haru
tuna,tuna
stat,stat
crob,crob
oppa,oppa
tgga,tetangga
stop,stop
yall,yall
yaer,yaer
juga,juga
judy,judy
emng,memang
shif,shift
nýa,nýa
nyut,nyut
anne,anne
anna,anna
odha,odha
odgj,odgj
okey,okey
okep,okep
olok,olok
olle,olle
ortu,ortu
kpop,kpop
koyo,koyo
kowe,kowe
kota,kota
hari,hari
opik,opik
star,star
stan,stan
anya,anya
cafe,kafe
gmbr,gambar
5oth,50th
hand,hand
kuli,kuli
kuku,kuku
harv,harv
have,have
haus,haus
turn,turn
mins,minus
ajja,saja
omel,omel
omah,omah
stfu,stfu
step,step
kori,kori
crop,crop
ootd,ootd
oomf,oomf
onya,onya
onoh,onoh
osmb,osmb
oskp,oskp
osis,osis
ssri,ssri
sslu,sslu
orok,orok
orgy,orgy
orga,orga
oreo,oreo
anus,anus
staf,staf
crew,crew
oshi,oshi
4ook,400 ribu
hate,hate
hary,hary
ıllı,<noise>
juan,juan
jual,jual
jsjd,jsjd
jpra,jpra
joys,joys
yari,yari
kopl,kopl
kopi,kopi
koor,koor
joon,joon
jong,jong
jude,jude
anut,anut
opsi,opsi
osnk,osnk
sreg,sreg
kook,kook
harm,harm
kosa,kosa
hayu,hayu
hayo,hayo
30th,30th
3.88,3.88
3.43,3.43
tuti,tuti
hati,hati
izin,izin
osce,osce
opor,opor
krat,krat
kram,kram
went,went
wene,wene
welt,welt
welp,welp
well,well
ivan,ivan
hawa,hawa
spik,spik
spes,spes
apik,apik
apes,apes
ntah,entah
yapi,yapi
yaoi,yaoi
osry,osry
osos,osos
nyes,nyes
nuas,nuas
nsfw,nsfw
novi,novi
nyuk,nyuk
nyon,nyon
tsum,tsum
tshd,tshd
kung,kung
halu,halu
halo,halo
kupu,kupu
cute,cute
sppa,sppa
spot,spot
jaga,jaga
apal,apal
spec,spec
srek,srek
cool,cool
paha,paha
pagi,pagi
pain,pain
cpns,cpns
cust,customer
kgen,kangen
2.30,20:30
otot,otot
oti3,oti3
spkj,spkj
drpd,daripada
cuma,cuma
comp,comp
pang,pang
cost,cost
page,page
padi,padi
pada,pada
pacu,pacu
otak,otak
izem,izem
pack,pack
pace,pace
cowo,cowo
over,over
oven,oven
ovan,ovan
apek,apek
soss,soss
para,para
papi,papi
pape,pape
come,come
coli,coli
sift,shift
cope,cope
coop,coop
oyen,oyen
cook,cook
span,span
spam,spam
sour,sour
palu,palu
cons,cons
kyak,kayak
ptus,putus
5orb,50 ribu
sthn,setahun
apel,apel
heal,heal
kono,kono
kong,kong
hdmi,hdmi
mrah,marah
nget,banget
hehe,hehe
heeh,heeh
twit,twit
hear,hear
koko,koko
nyah,nyah
suap,suap
stut,stut
nyam,nyam
mals,malas
ngak,gak
suci,suci
such,such
note,note
nugu,nugu
keno,kenapa
lalo,lalu
3jam,3 jam
trip,trip
ozzy,ozzy
lwat,lewat
kwkw,kwkw
kuya,kuya
hang,hang
hana,hana
cure,cure
cung,cung
cuki,cuki
cuit,cuit
obat,obat
-rek,-rek
iyan,Iyan
cont,cont
sort,sort
sori,sori
core,core
nyai,nyai
mlam,malam
sore,sore
past,past
cold,cold
coke,coke
coba,coba
cngw,cngw
paut,paut
degn,dengan
usha,usaha
3sdm,3 sdm
uang,uang
tyun,tyun
tysm,tysm
trik,trik
kyai,kyai
clue,clue
club,club
typo,typo
type,type
sopi,sopi
sope,sope
soos,soos
pubg,PUBG
part,part
park,park
paru,paru
paid,paid
copy,copy
paku,paku
rame,ramai
sans,santai
koas,koas
koar,koar
udud,udud
udah,udah
cond,cond
papa,papa
soul,soul
sotu,sotu
koki,koki
koin,koin
koma,koma
head,head
soon,soon
sony,sony
sons,sons
sono,sono
2sth,2sth
ugut,ugut
ugly,ugly
tnyt,ternyata
pase,pase
song,song
some,some
apps,apps
arak,arak
pedi,pedi
pede,pede
peci,peci
cmon,cmon
peer,peer
kodo,kodo
kode,kode
solo,solo
city,city
clan,clan
ciyu,ciyu
ciut,ciut
heck,heck
know,know
knot,knot
knew,knew
clay,clay
peka,peka
arah,arah
aqua,aqua
ubah,ubah
2tth,2tth
2t28,2t28
ugal,ugal
ueue,ueue
yeri,yeri
yeay,yeay
year,year
yeah,yeah
jerk,jerk
peel,peel
char,char
ciri,ciri
cing,cing
paul,paul
pcos,pcos
8oan,8-oan
cpeq,capek
ppek,epek
sohi,sohi
soft,soft
sofa,sofa
kloc,kloc
klik,klik
3-an,3-an
chae,chae
cigs,cigs
sobs,sobs
soar,soar
apsh,apa sih
cium,cium
peak,peak
pdkt,pdkt
ucap,ucap
uban,uban
-per,-per
no.5,no.5
dada,dada
sugu,sugu
suer,suer
kear,kear
wgwg,wgwg
west,west
wess,wess
were,were
jadi,jadi
nusa,nusa
judi,judi
true,true
tris,tris
sold,sold
set7,setengah 7
ujuy,ujuy
ujub,ujub
uhuy,uhuy
cest,cest
chal,chal
cere,cere
chap,chap
soda,soda
cici,cici
cina,cina
chou,chou
udut,udut
knak,knak
klub,klub
ciki,ciki
fren,friend
4orb,40 rb
july,july
klok,klok
.ada,. ada
dsar,dasar
pksa,paksa
soal,soal
soak,soak
chin,chin
cher,cher
chat,chat
chel,chel
chef,chef
kira,kira
klan,klan
ulas,ulas
apap,apa
chan,chan
snbt,snbt
snbp,snbp
klop,klop
suho,suho
lagi,lagi
lads,lads
kutu,kutu
half,half
lada,lada
lack,lack
laci,laci
4-an,4-an
jahe,jahe
subu,subuh
snap,snap
smtm,smtm
smth,smth
smpk,smpk
cctv,cctv
cave,cave
cfku,cfku
argh,argh
arep,arep
aren,aren
cepu,cepu
jack,jack
weel,weel
kind,kind
kimi,kimi
aras,aras
slow,slow
slot,slot
cari,cari
slnx,slnx
slit,slit
slay,slay
case,case
area,area
cewe,cewek
cast,cast
casp,casp
ular,ular
ulah,ulah
akuh,aku
siih,sih
kill,kill
kieu,kieu
kidz,kidz
kids,kids
umbi,umbi
umat,umat
peps,peps
week,week
wear,wear
weak,weak
wdyt,wdyt
itch,itch
kink,kink
kini,kini
king,king
paas,pas
ulin,ulin
kian,kian
hell,hell
heli,heli
umum,umum
ummi,ummi
skip,skip
care,care
caoe,caoe
cant,cant
cara,cara
caur,caur
ceki,ceki
cats,cats
cato,cato
kiri,kiri
juli,juli
-tak,-tak
haai,hai
hmpr,hampir
nina,nina
sula,sula
suku,suku
numb,numb
nori,nori
suck,suck
nope,nope
calo,calo
card,card
cash,cash
slap,slap
ulti,ulti
bydr,bydr
calm,calm
call,call
bzir,bzir
skin,skin
arti,arti
arte,arte
capt,capt
ukur,ukur
kita,kita
kiss,kiss
dapt,dapat
chil,chill
sdah,sudah
skuy,skuy
camp,camp
buto,buto
buta,buta
siya,siya
situ,situ
sksk,sksk
ulur,ulur
uluh,uluh
peod,peod
army,army
argo,argo
skor,skor
skok,skok
came,came
arok,arok
skak,skak
size,size
bule,bule
buku,buku
bulu,bulu
held,held
heir,heir
kiai,kiai
cake,cake
cair,cair
kilo,kilo
2ie0,2ie0
2eth,2eth
2ei1,2ei1
kick,kick
kiat,kiat
buun,buun
buuh,buuh
mndi,mandi
4skg,4 kg
masi,masih
bole,boleh
lbih,lebih
site,site
sita,sita
busy,busy
buru,buru
buya,buya
bung,bung
sist,sist
sisi,sisi
sisa,sisa
aryo,aryo
arya,arya
none,none
njun,njun
njul,njul
njuk,njuk
njek,njek
suka,suka
suja,suja
suit,suit
suhu,suhu
scra,secara
2skm,2 km
jago,jago
jera,jera
jump,jump
nggk,tidak
2ith,2ith
caca,caca
cabe,cabe
wdym,wdym
waze,waze
wayv,wayv
ways,ways
khns,khns
khas,khas
khai,khai
budi,budi
arus,arus
siri,siri
1ook,100 ribu
biza,bisa
umur,umur
noob,noob
bumi,bumi
keyo,keyo
2200,2200
hemz,hemz
helt,helt
help,help
2024,2024
2023,2023
2022,2022
2021,2021
2020,2020
btob,btob
bude,bude
pers,pers
buka,buka
peri,peri
tria,tria
tray,tray
lain,lain
laik,laik
laid,laid
lagu,lagu
sudi,sudi
nopo,nopo
nipu,nipu
kebo,kebo
brat,berat
gmnh,gimana
buah,buah
bruv,bruv
bruk,bruk
burn,burn
pewe,pewe
sing,sing
asar,asar
asap,asap
asam,asam
buat,buat
hero,hero
dias,dia
bada,badai
siot,siot
iyel,iyel
niki,niki
laju,laju
5-10,5-10
haiz,haiz
3s21,3s21
yggr,yggr
kale,kali
tmks,terima kasih
skli,sekali
sich,sih
pics,pics
pick,pick
sion,sion
sink,sink
sini,sini
brim,brim
peti,peti
bubs,bubs
bugs,bugs
bray,bray
phil,phil
uner,uner
unek,unek
uneg,uneg
2627,2627
unik,unik
hers,hers
46kg,46 kg
skrg,sekarang
ungu,ungu
20th,20th
2029,2029
joki,joki
joke,joke
joji,joji
join,join
yian,yian
ning,ning
nine,nine
bdwy,by the way
22e3,<noise>
date,date
data,data
dash,dash
aneh,aneh
dahi,dahi
bpom,bpom
2028,2028
2026,2026
2025,2025
helm,helm
.klo,. kalau
bgtu,begitu
plan,plan
plak,plak
nape,kenapa
yesh,yesh
brda,brda
pita,pita
phjs,phjs
asal,asal
asah,asah
simp,simp
sime,sime
2011,2011
2010,2010
2009,2009
2008,2008
brak,brak
2016,2016
2015,2015
2014,2014
poci,poci
poca,poca
2007,2007
2002,2002
sigh,sigh
boyz,boyz
bout,bout
pilu,pilu
pipi,pipi
pink,pink
plat,plat
plus,plus
pisi,pisi
play,play
ples,ples
pler,pler
plek,plek
siap,siap
pkwu,pkwu
pkpm,pkpm
pjok,pjok
sign,sign
univ,univ
unit,unit
heuw,heuw
hepi,hepi
hias,hias
hgyl,hgyl
2012,2012
2019,2019
2018,2018
2017,2017
hrga,harga
ashe,ashe
asha,asha
aset,aset
plea,plea
boti,boti
both,both
siga,siga
side,side
sick,sick
bpjs,bpjs
piye,piye
pity,pity
plug,plug
plot,plot
plis,plis
plin,plin
hire,hire
hint,hint
hiit,hiit
hihi,hihi
high,high
book,book
pops,pops
pmay,pmay
knpa,kenapa
hide,hide
unri,unri
unni,unni
dark,dark
no.4,no.4
no.3,no.3
no.2,no.2
no.1,no.1
nmax,nmax
daku,daku
sung,sung
niat,niat
enih,ini
suha,suha
dagu,dagu
deal,deal
shun,shun
shua,shua
pola,pola
wasu,wasu
sial,sial
siak,siak
wawo,wawo
gjdi,gak jadi
porn,porn
boom,boom
bond,bond
bona,bona
poke,poke
poin,poin
born,born
shut,shut
suno,suno
dang,dang
ngeh,ngeh
poof,poof
hits,hits
hitc,hitc
2013,2013
here,here
hing,hing
hina,hina
hiro,hiro
"2,5.","2,5."
hngh,hngh
poya,poya
poul,poul
body,body
wawa,wawa
watu,watu
wati,wati
bone,bone
ppdb,ppdb
hmph,hmph
1002,1002
1001,1001
100.,100.
keca,keca
isya,isya
hiji,satu
bbca,bca
poli,poli
show,show
shot,shot
shop,shop
shof,shof
pool,pool
pria,pria
pret,pret
cmna,gimana
2.18,2.18
2-an,2-an
asin,asin
asik,asik
asih,asih
pose,pose
pqrt,pqrt
pray,pray
bomi,bomi
post,post
shit,shit
ship,ship
bola,bola
smgt,semangat
kras,keras
upon,upon
upah,upah
hiye,hiye
hivi,hivi
hive,hive
asem,asam
urut,urut
urus,urus
urin,urin
asma,asma
asli,asli
blue,blue
pres,pres
bobo,bobo
whim,whim
1-an,1-an
when,when
what,what
jake,jake
jaja,jaja
lali,lali
lala,lala
laku,laku
laki,laki
nick,nick
nice,nice
poor,poor
t__t,<noise>
smpw,sampai
6oml,6o ml
blah,blah
prob,prob
prod,prod
bodo,bodo
boba,boba
bnet,bnet
urgh,urgh
urge,urge
urat,urat
ural,ural
1988,1988
ttak,tidak
popo,popo
days,days
daya,daya
dawn,dawn
bisu,bisu
prof,prof
prom,prom
bipo,bipo
bish,bish
bing,bing
ngis,nangis
euhm,ehem
homo,homo
hore,hore
ppkm,ppkm
ppds,ppds
shen,shen
shed,shed
sexy,sexy
blak,blak
user,user
used,used
biru,biru
hobi,hobi
hoax,hoax
1oo0,1oo0
home,home
holo,holo
hole,hole
pt.1,pt.1
seth,seth
asta,asta
hold,hold
hoki,hoki
hoho,hoho
sewa,sewa
puan,puan
bisa,bisa
fkta,fakta
abng,abang
blur,blur
prio,prio
blok,blok
blog,blog
sgst,sgst
hoek,hoek
hong,hong
gksi,gak sih
hope,hope
hoop,hoop
hoon,hoon
hooh,hooh
jjur,jujur
hair,hair
haih,haih
haid,haid
lalu,lalu
45.5,45.5
trap,trap
54.8,54.8
whos,whos
whom,whom
dari,dari
dare,dare
damn,damn
dana,dana
anan,anan
puas,puas
puji,puji
mlah,malah
bird,bird
seto,seto
bini,bini
bina,bina
bilg,bilg
bike,bike
biji,biji
ptsd,ptsd
ptrm,ptrm
hosu,hosu
usri,usri
usop,usop
usir,usir
asyu,asyu
bima,bima
usik,usik
usil,usil
joea,joea
jobs,jobs
joah,joah
yomi,yomi
yolo,yolo
yola,yola
yogi,yogi
usut,usut
usus,usus
usul,usul
bibi,bibi
bila,bila
puki,puki
pure,pure
puqi,puqi
istj,istj
irls,irls
puja,puja
1oan,10-an
cmas,cemas
h-27,kurang dari 27 hari
usai,usai
usah,usah
hour,hour
hoto,hoto
mrka,mereka
hspt,hotspot
yoga,yoga
ykyk,ykyk
rabu,rabu
raba,raba
puim,puim
asuh,asuh
usia,usia
huft,huft
utuh,utuh
utbk,utbk
pwol,pwol
qrts,qrts
bien,bien
atau,atau
atas,atas
atap,atap
biat,biat
push,push
irks,irks
kece,kece
istg,istg
1.77,1.77
1.5x,1.5x
1.30,1.30
mnrt,menurut
atri,arti
isfj,isfj
isau,isau
huah,huah
bias,bias
atma,atma
quiz,quiz
quit,quit
race,race
adop,adopsi
amsi,amsi
demo,demo
daun,daun
dead,dead
daah,dah
sdkt,sedikit
dara,dara
ngap,ngap
deep,deep
dede,dede
deck,deck
next,next
pula,pula
bhas,bahas
saur,sahur
dawg,dawg
anam,anam
anda,anda
deaf,deaf
debu,debu
debt,debt
dayg,dayg
haji,haji
haje,haje
land,land
lana,lana
maem,makan
3oth,30th
valo,valo
uzon,uzon
astu,astu
hrhr,hrhr
huhu,huhu
huhf,huhf
1700,1700
17.5,17.5
atik,atik
athy,athy
ragu,ragu
raga,raga
radi,radi
rada,rada
vape,vape
hula,hula
news,news
dela,dela
deja,deja
hush,hush
vent,vent
veev,veev
1864,1864
1800,1800
hugs,hugs
jmks,jmks
jleb,jleb
jkjk,jkjk
jjk0,jjk0
1oi0,<noise>
sesi,sesi
biar,biar
bian,bian
bets,bets
seru,seru
jogo,jogo
beuh,beuh
audi,audi
atur,atur
atuh,atuh
ramu,ramu
bgfd,bgfd
bgdg,bgdg
rapi,rapi
rape,rape
rant,rant
rank,rank
raja,raja
rain,rain
raih,raih
16th,16th
huge,huge
huga,huga
kept,kept
kepo,kepo
hung,hung
hypo,hypo
very,very
vert,vert
akus,aku
cooy,cowo
menj,menjadi
jjba,jjba
yozo,yozo
your,your
yoon,yoon
yong,yong
beri,beri
reno,reno
rasi,rasi
bete,bete
rayu,rayu
raya,raya
sudh,sudah
gtuh,gitu
seri,seri
beta,beta
best,best
rasa,rasa
rare,rare
rara,rara
rate,rate
rata,rata
5omg,50 minggu
gwej,gue
huwa,huwa
raut,raut
ratu,ratu
read,read
real,real
besi,besi
reel,reel
reda,reda
vero,vero
huru,huru
hurt,hurt
hype,hype
hyna,hyna
rely,rely
hyun,hyun
hyuk,hyuk
vice,vice
vibe,vibe
kene,kene
i.e.,i.e.
hwhw,hwhw
rice,rice
aura,aura
sera,sera
rela,rela
ring,ring
rina,rina
rena,rena
reog,reog
hape,hp
hadi,hadi
last,last
lari,lari
lara,lara
50th,50th
5.55,5.55
demi,demi
neon,neon
dear,dear
dean,dean
nemu,nemu
nerd,nerd
sure,sure
anat,anat
anas,anas
neko,neko
rent,rent
sepi,sepi
rese,rese
rest,rest
resp,resp
warm,warm
ipad,ipad
iodc,iodc
icon,icon
icha,icha
riuh,riuh
rite,rite
rias,rias
auto,auto
awan,awan
hybe,hybe
negi,negi
amuk,amuk
2os0,2020
nder,nder
ribu,ribu
bern,bern
reka,reka
auri,auri
kena,kena
idih,idih
idfc,idfc
away,away
awas,awas
beol,beol
reva,reva
ipul,ipul
roda,roda
rock,rock
ippo,ippo
iphm,iphm
waro,waro
xleh,boleh
awal,awal
riil,riil
ride,ride
rida,rida
rich,rich
ical,ical
icad,icad
vior,vior
view,view
nego,nego
lama,lama
ngab,ngab
deny,deny
naya,naya
ibis,ibis
romo,romo
avpd,avpd
axis,axis
awut,awut
ayli,ayli
ayem,ayem
roti,roti
rose,rose
rued,rued
rude,rude
rodi,rodi
rona,rona
jdny,jadinya
iyah,iya
vids,vids
ndek,ndek
ncus,ncus
ncen,ncen
susu,susu
anak,anak
neet,neet
need,need
nebu,nebu
lany,lany
5.30,5.30
5-an,5-an
trah,trah
roof,roof
rony,rony
kelu,kelu
kelt,kelt
idul,idul
kemo,kemo
idap,idap
icun,icun
kema,kema
igfb,igfb
ayat,ayat
ayam,ayam
ayah,ayah
knal,kenal
bene,bene
role,role
idea,idea
ikan,ikan
vyvy,vyvy
ihsg,ihsg
irit,irit
jitu,jitu
jisa,jisa
adeh,aduh
roam,roam
road,road
awet,awet
idem,idem
vlog,vlog
vivo,vivo
visi,visi
visa,visa
room,room
rook,rook
said,said
s-s.,s-s.
ryan,ryan
azli,azli
aziz,aziz
azan,azan
trjd,terjadi
idol,idol
ijik,ijik
votr,votr
rupa,rupa
ruor,ruor
runs,runs
tgok,tengok
rsud,rsud
vote,vote
void,void
saab,saab
bego,bego
9oan,90-an
yume,yume
yuki,yuki
ytmk,ytmk
ystd,ystd
jiro,jiro
yumi,yumi
gtgt,gitu-gitu
sent,sent
rumi,rumi
ruko,ruko
belt,belt
saha,saha
safe,safe
saja,saja
azal,azal
azab,azab
sale,sale
bela,bela
same,same
sana,sana
beji,beji
sang,sang
seni,seni
rute,rute
rush,rush
rubs,rubs
seng,seng
send,send
sena,sena
saat,saat
sasa,sasa
beli,beli
saku,saku
sake,sake
semu,semu
baca,baca
baby,baby
babu,babu
sama,sama
iris,iris
ruin,ruin
rugi,rugi
nang,nang
nana,nana
namu,namu
amor,amor
juni,juni
jung,jung
june,june
xian,xian
nari,nari
neng,neng
nawr,nawr
nawa,nawa
near,near
ndir,ndir
dept,dept
ayun,ayun
inun,inun
ipdn,ipdn
wara,wara
want,want
tkut,takut
deeh,deh
save,save
saut,saut
satu,satu
beda,beda
sapa,sapa
beku,beku
bntr,bentar
mayb,maybe
sane,sane
nani,nani
ikut,ikut
ikon,ikon
imun,imun
incl,incl
inci,inci
sexs,seks
sara,sara
sapu,sapu
sapi,sapi
been,been
item,hitam
guus,bagus
bgmn,bagaimana
wang,wang
inti,inti
keep,keep
scar,scar
scan,scan
walk,walk
tipi,tv
magh,maag
ipar,ipar
intp,intp
iman,iman
imam,imam
sate,sate
babe,babe
beha,beha
ilmu,ilmu
wajo,wajo
wait,wait
ilah,ilah
saru,saru
sari,sari
sare,sare
semi,semi
back,back
baci,baci
bday,bday
scam,scam
sbux,sbux
says,says
bebe,bebe
seat,seat
bear,bear
bean,bean
saya,saya
seme,seme
naka,naka
naik,naik
late,late
tour,tour
torn,torn
laut,laut
haha,haha
kerj,kerja
gamo,tidak mau
bosh,bos
swag,swag
pemb,pembelajaran
babi,babi
hmps,hmph
11an,11-an
anj-,anjing
keki,keki
imma,imma
into,into
intj,intj
inna,inna
bawl,bawl
batu,batu
bata,bata
bawa,bawa
bath,bath
basi,basi
bcis,bcis
2ojt,20 juta
uler,ular
nasi,nasi
syai,syai
sedu,sedu
sega,sega
seen,seen
seem,seem
bare,bare
segi,segi
bara,bara
banu,banu
sqma,sama
wali,wali
sran,saran
sech,sih
wake,wake
inap,inap
imut,imut
kela,kela
2oi3,2013
fwak,fuck
nama,nama
nala,nala
nano,nano
nada,nada
nabi,nabi
amin,amin
xi-3,xi-3
xeon,xeon
wudu,wudu
juzi,juzi
napi,napi
baja,baja
baik,baik
seek,seek
-1i0,-1i0
fckn,fucking
mauk,mau
bggt,banget
sblm,sebelum
base,base
bebi,bebi
sdit,sdit
beat,beat
bagi,bagi
seks,seks
band,band
sumn,sama
swab,swab
nata,nata
dera,dera
bahu,bahu
bahl,bahl
self,self
sela,sela
bala,bala
baku,baku
baka,baka
basa,basa
baru,baru
infp,infp
info,info
syit,shit
-apa,-apa
-aku,-aku
-nya,-nya
-9i0,-9i0
nagi,nagi
nafs,nafs
nael,nael
nadi,nadi
syok,syok
cala,jala
muti,muti
wibu,wibu
hael,hael
tpam,tpam
town,town
hade,hade
ke-2,ke-2
bank,bank
bdir,bdir
bayi,bayi
dest,dest
nami,nami
name,name
spil,spill
dese,dese
desc,desc
desa,desa
uan9,uang
infj,infj
indy,indy
indo,indo
zico,zico
-mas,-mas
-gue,-gue
-ard,-ard
naon,naon
desk,desk
desu,desu
must,must
taca,taca
cman,cuma
ke-4,ke-4
ke-3,ke-3
tags,tags
kdrt,kdrt
kdok,kdok
kdia,kdia
kdag,kdag
kcon,kcon
kbri,kbri
haah,haah
naif,naif
layu,layu
grub,grup
cema,cema
smsm,sama-sama
1.7k,1700
slgi,selagi
mula,mula
skil,skill
untk,untuk
tabu,tabu
tabs,tabs
mung,mung
dhol,dhol
muse,muse
amer,amer
ambo,ambo
dewe,dewe
dewa,dewa
muna,muna
tadi,tadi
tack,tack
pgen,pengin
2o24,2024
tabe,tabe
taat,taat
amit,amit
amis,amis
muvi,muvi
muts,muts
luhk,luh
twtr,twitter
muat,muat
tahi,tahi
juta,juta
just,just
lazy,lazy
msie,msie
akak,kakak
laun,laun
lato,lato
hack,hack
muka,muka
muji,muji
mulu,mulu
mule,mule
mute,mute
dgaf,dgaf
dewi,dewi
lawn,lawn
muda,muda
much,much
mubi,mubi
cpeg,capek
took,took
kaca,kaca
jeno,jeno
moon,moon
mood,mood
mork,mork
2sun,2 sun
ituh,itu
astg,astaga
ajah,saja
tahu,tahu
leap,leap
lean,lean
lead,lead
mual,mual
muak,muak
moms,moms
pmya,punya
mane,maneh
66rb,66 ribu
klur,keluar
taij,taij
hiks,sedih
jwab,jawab
58.3,58.3
topi,topi
lawu,lawu
molo,molo
gyan,gyan
7.30,7.30
7.10,7.10
7-an,7-an
mnsk,mnsk
tony,tony
tons,tons
tone,tone
tomi,tomi
told,told
jeng,jeng
more,more
mopi,mopi
amay,amay
toku,toku
taik,tai
ttpi,tetapi
pnas,panas
moka,moka
leka,leka
dstu,di situ
mono,mono
dibo,dibo
mizy,mizy
aman,aman
amal,amal
talk,talk
mnet,mnet
take,take
moga,moga
mode,mode
diam,diam
mren,mren
mpok,mpok
move,move
widz,widz
5ojt,5 juta
deym,damn
eece,ece
5okg,5 kg
mnhn,mnhn
mini,mini
miom,miom
misa,misa
miri,miri
toko,toko
todo,todo
nich,nih
tobi,tobi
leha,leha
lega,lega
left,left
lele,lele
coma,koma
gyul,gyul
gyro,gyro
mole,mole
mola,mola
aaah,ah
kayu,kayu
kayo,kayo
taka,taka
most,most
diet,diet
mile,mile
kaya,kaya
wild,wild
wifi,wifi
wife,wife
mila,mila
widi,widi
wide,wide
7-9.,7-9.
tali,tali
moch,moch
mind,mind
amat,amat
mine,mine
dico,dico
alpa,alpa
alot,alot
meow,meow
mesh,mesh
tlvn,telepon
3ojt,30 juta
trun,turun
marh,marah
prna,pernah
ornk,orang
tmbh,tambah
miji,miji
migu,migu
mist,mist
miss,miss
misi,misi
alya,alya
diup,diup
dita,dita
diri,diri
mild,mild
biae,baik
miko,miko
mika,mika
alur,alur
alto,alto
also,also
tamu,tamu
will,will
kbar,kabar
lmas,lemas
dipa,dipa
buad,buat
clos,close
2oan,20-an
7o69,<noise>
3hal,3 hal
mere,mere
lets,lets
digi,digi
mima,mima
milk,milk
mili,mili
died,died
meth,meth
mian,mian
mhai,mhai
tang,tang
meta,meta
disc,disc
dire,dire
dior,dior
lesu,lesu
less,less
guwi,guwi
gusi,gusi
tmap,tmap
micu,micu
diff,diff
ding,ding
dino,dino
dini,dini
lacr,lancar
levi,levi
tiri,tiri
taun,tahun
blng,bilang
alls,alls
tips,tips
guru,guru
gurl,gurl
leon,leon
lenz,lenz
guys,guys
tito,tito
taek,tae
doel,dulu
5oan,50-an
njer,anjir
pljr,pelajar
shud,should
lift,lift
mess,mess
divo,divo
diva,diva
alle,alle
tank,tank
dito,dito
akhr,akhir
gula,gula
guji,guji
liar,liar
lgbt,lgbt
wrap,wrap
tisu,tisu
tiru,tiru
kadi,kadi
kada,kada
prah,parah
wowo,wowo
woth,woth
kafe,kafe
tipu,tipu
dion,dion
tari,tari
tara,tara
tapi,tapi
tape,tape
alma,alma
ally,ally
auah,au ah
gyus,guys
lisa,lisa
like,like
link,link
ubat,obat
siyh,sih
life,life
lier,lier
tipe,tipe
tine,tine
tina,tina
guna,guna
dlsb,dlsb
menu,menu
diwa,diwa
dosa,dosa
kado,kado
task,task
does,does
lina,lina
saia,saya
tds4,tds4
tdol,tdol
tbvh,tbvh
duga,duga
duet,duet
duel,duel
kael,kael
jeje,jeje
jeha,jeha
done,done
gumi,gumi
list,list
taxi,taxi
door,door
dono,dono
dong,dong
team,team
mles,malas
lini,lini
alim,alim
alih,alih
teba,teba
duda,duda
duck,duck
mens,mens
doll,doll
tawa,tawa
tata,tata
litc,litc
8-an,8-an
8-12,8-12
line,line
drum,drum
aloh,allah
tiqp,tiap
dngr,dengar
lima,lima
lily,lily
time,time
kipk,kipas
gueh,gue
down,down
dove,dove
tár,tár
alis,alis
alir,alir
alip,alip
alin,alin
ugha,juga
jaek,jae
blkg,belakang
nady,nadi
gile,gila
teka,teka
liyo,liyo
live,live
guci,guci
duar,duar
dulu,dulu
duke,duke
ebah,ebah
eats,eats
duka,duka
tega,tega
teel,teel
tebs,tebs
wish,wish
naek,naik
tiko,tiko
tiga,tiga
tier,tier
tied,tied
logo,logo
linu,linu
guan,guan
gtlt,gtlt
teki,teki
bjir,anjir
easy,easy
jali,jali
kawa,kawa
kaus,kaus
kaum,kaum
ehem,ehem
gakl,tidak
-100,<noise>
tkda,tidak ada
dumb,dumb
dude,dude
edan,edan
each,each
ebak,ebak
wise,wise
wiri,wiri
wira,wira
wind,wind
till,till
lmao,lmao
teja,teja
duri,duri
duit,duit
dump,dump
thru,thru
hnya,hanya
5oo0,5 ribu
drop,drop
ears,ears
earn,earn
lost,lost
lock,lock
loan,loan
loaf,loaf
9-an,9-an
wlau,walau
eits,eits
eiro,eiro
ekor,ekor
tema,tema
telo,telo
alfa,alfa
ejek,ejek
teks,teks
dyah,dyah
duwe,duwe
gtau,gak tahu
eman,eman
emak,emak
egan,egan
elyn,elyn
efek,efek
alek,alek
aldo,aldo
aldi,aldi
alay,alay
tele,tele
blas,balas
elsa,elsa
brot,bro
sedi,sedih
laim,lain
mang,mamang
kala,kala
9-17,9-17
loly,loly
lola,lola
kata,kata
kasu,kasu
ease,ease
edit,edit
edgy,edgy
edge,edge
emot,emot
saki,sakit
luan,duluan
blez,iblez
bget,banget
akut,akut
akur,akur
elak,elak
emas,emas
elus,elus
elsu,elsu
alat,alat
alas,alas
alan,alan
elah,elah
elab,elab
else,else
lots,lots
elok,elok
ella,ella
elim,elim
tiba,tiba
tiap,tiap
kal1,kal1
kaku,kaku
kali,kali
jedi,jedi
ente,ente
endo,endo
emma,emma
embo,embo
jela,jela
3orb,3 orb
blsn,balasan
brpa,berapa
alam,alam
alah,alah
enfp,enfp
eneq,eneq
enek,enek
eneg,eneg
ends,ends
rang,orang
sklh,sekolah
bner,benar
mipi,mimpi
loud,loud
muke,muka
lohe,lohe
grow,grow
grok,grok
look,look
long,long
erat,erat
exam,exam
evel,evel
euro,euro
eulq,eulq
tian,tian
thus,thus
kaje,kaje
kain,kain
kaia,kaia
work,work
kaki,kaki
entp,entp
etis,etis
esti,esti
aksi,aksi
enge,enge
esok,esok
eugh,eugh
akad,akad
ajup,ajup
tend,tend
temu,temu
enam,enam
enak,enak
emyu,emyu
epic,epic
esai,esai
loss,loss
cpat,cepat
zeus,Zeus
eren,eren
thot,thot
love,love
eril,eril
anjr,anjir
eweh,eweh
akun,akun
akui,akui
enzi,enzi
envy,envy
smbl,sambil
toix,toxic
btul,betul
fvck,fuck
prmh,pernah
ulmg,ulang
enha,enha
luck,luck
loyo,loyo
lowk,lowk
ajun,ajun
exit,exit
99.9,99.9
this,this
luas,luas
ever,ever
piso,pisau
18o0,1800
lose,lose
lore,lore
lord,lord
loop,loop
grup,grup
smjk,semenjak
gpny,gak punya
5aft,<noise>
telp,telepon
12kg,12 kg
gmpg,gampang
ドギョム,dokyeom
day1,day 1
that,that
lsms,lsms
lpdp,lpdp
thir,thir
they,they
then,then
lucy,lucy
lucu,lucu
akeh,akeh
akar,akar
ezra,ezra
eyes,eyes
akan,akan
akal,akal
tuit,tweet
mkan,makan
hows,how's
tnda,tanda
fase,fase
fasa,fasa
aing,aing
ngga,tidak
kapn,kapan
86kg,86 kg
fact,fact
fall,fall
faiz,faiz
fair,fair
fail,fail
ajal,ajal
ajak,ajak
meng,meng
face,face
jeda,jeda
jawa,jawa
kaan,kan
knph,kenapa
fana,fana
fsik,fisik
than,than
grew,grew
lust,lust
luar,luar
luap,luap
luah,luah
kami,kami
word,word
woon,woon
wook,wook
kan.,kan.
kamu,kamu
fast,fast
agar,agar
2oi1,2011
dsni,di sini
even,even
ahay,ahay
ngos,ngos-ngosan
fess,fess
mend,mend
feet,feet
aina,aina
aimi,aimi
ajar,ajar
farm,farm
fake,fake
agit,agit
ingn,ingin
boro,boro-boro
fart,fart
thal,thal
luna,luna
lupa,lupa
thai,thai
faze,faze
fati,fati
fear,fear
ludo,ludo
them,them
thay,thay
hidu,hidup
aiko,aiko
aids,aids
aida,aida
felt,felt
fics,fics
adut,adut
ahli,ahli
agre,agre
maal,maal
aduk,aduk
afie,afie
find,find
aiam,aiam
ahwa,ahwa
ahua,ahua
aisy,aisy
aish,aish
aint,aint
aink,aink
fans,fans
sbel,sebal
afni,afni
agal,agal
film,film
ngwe,ngewe
agak,agak
jeki,jika
mhon,mohon
thag,thag
text,text
teti,teti
tete,tete
lynx,lynx
lyfe,lyfe
greg,greg
gred,gred
luka,luka
lugu,lugu
agus,agus
maba,maba
woke,woke
maag,maag
maaf,maaf
gras,gras
teta,teta
test,test
fish,fish
firm,firm
file,file
kamp,kamp
ahad,ahad
feel,feel
feed,feed
fire,fire
fine,fine
flop,flop
flex,flex
flag,flag
five,five
jang,jang
klau,kalau
4jam,4 jam
food,food
flat,flat
flow,flow
from,from
frog,frog
timw,tim
ibuk,ibu
bodh,bodoh
font,font
wonu,wonu
wont,wont
wong,wong
gado,gado
weyh,weh
pntg,penting
reti,mengerti
zeuz,zeus
trua,terus
jasa,jasa
kang,kang
kaos,kaos
madu,madu
made,made
maha,maha
lusa,lusa
wkwj,wkwj
with,with
kary,kary
gave,gave
jane,jane
jamu,jamu
kate,kate
fond,fond
fomo,fomo
form,form
adoi,adoi
aela,aela
jbjb,jbjb
jaya,jaya
woof,woof
wood,wood
gali,gali
grab,grab
tapu,tapi
gada,tidak ada
gala,gala
gaji,gaji
gain,gain
memo,memo
frik,frik
frgs,frgs
adil,adil
teri,teri
free,free
fuse,fuse
wldr,wldr
wkwk,wkwk
gawd,gawd
adah,adah
gkda,gak ada
gaul,gaul
gata,gata
acuh,acuh
acts,acts
adat,adat
adam,adam
gone,gone
gona,gona
bund,bunda
allh,allah
meme,meme
full,full
fuck,fuck
mair,mair
grad,grad
gaya,gaya
.apa,. apa
injt,intj
makn,makan
maki,maki
maka,maka
gose,gose
goto,goto
mama,mama
malu,malu
aduh,aduh
four,four
foto,foto
pkek,pakai
mami,mami
gong,gong
adak,adak
masa,masa
lpas,lepas
adik,adik
adhd,adhd
adha,adha
adem,adem
gobk,goblok
gade,gadai
geli,geli
gear,gear
main,main
mahu,mahu
maju,maju
enga,tidak
9ojt,9 juta
49kg,49 kg
sngj,sengaja
gasi,gasi
gang,gang
game,game
gaib,gaib
gaza,gaza
acne,acne
adab,adab
maot,maot
2o28,2028
1oox,100 kali
gore,gore
mamo,mamo
marx,marx
maru,maru
mana,mana
good,good
Jeff,Jeff
Iyan,Iyan
goes,goes
gods,gods
gols,gols
gold,gold
gegi,gegi
gege,gege
acak,acak
acdc,acdc
gays,gays
gojo,gojo
geng,geng
wnak,wnak
psti,pasti
dunk,dong
mark,mark
acya,acya
gard,gard
gara,gara
gawe,gawe
tibe,tiba
meki,meki
gift,gift
giat,giat
able,able
bnyk,banyak
set9,setengah 9
mars,mars
marn,marn
ibls,iblis
glow,glow
melu,melu
abin,abin
acab,acab
gede,gede
gebu,gebu
gets,gets
gesa,gesa
term,term
acap,acap
geri,geri
gerd,gerd
melb,melb
woah,woah
mass,mass
beni,benci
gigi,gigi
abys,abys
meds,meds
3sth,3 sth
hpku,hp-ku
flet,flat
glad,glad
gizi,gizi
many,many
mari,mari
mare,mare
Inc.,Inc.
mart,mart
abot,abot
geus,geus
meja,meja
mein,mein
mehp,mehp
gini,gini
mata,mata
girl,girl
mena,semena-mena
geez,geez
gelo,gelo
mega,mega
meet,meet
jala,jalan
bile,bila
jari,jari
maya,maya
mask,mask
mash,mash
mase,mase
Rabb,Rabb
PUBG,PUBG
P.S.,P.S.
give,give
gitu,gitu
maxy,maxy
jauh,jauh
jati,jati
kara,kara
gila,gila
aban,aban
abri,abri
mati,mati
math,math
mate,mate
baju,baju
sath,saat
plng,pulang
smol,kecil
mkin,makin
lahb,lah
enta,entah
gins,gins
Zeus,Zeus
giga,giga
maut,maut
mbak,mbak
mbah,mbah
abai,abai
mean,mean
meal,meal
aben,aben
abeh,abeh
abce,abce
abcd,abcd
byar,bayar
itin,itu
cpek,capek
apah,apa
hod3,hoodie
biki,bikin
leat,lihat
abah,abah
giyu,giyu
-ada,-ada
zayn,zayn
zara,zara
zoro,zoro
zoom,zoom
zonk,zonk
jimi,jimi
5hri,5 hari
zero,zero
zaza,zaza
mbuh,mbuh
mbti,mbti
mbok,mbok
mbkm,mbkm
mbie,mbie
ters,ters
bang,bang
tggl,tinggal
gaak,tidak
mksa,maksa
setl,setel
hllo,halo
ohya,oh iya
gatl,gatal
zone,zone
zona,zona
zina,zina
yuyu,yuyu
yuto,yuto
yuta,yuta
yupi,yupi
yuni,yuni
smlm,semalam
klas,kelas
nnya,nanya
klow,kalau
pleh,oleh
fook,fuck
jadu,jadi
krja,kerja
okok,oke
donk,dong
mwek,mewek
jika,jika
jiir,jiir
jiwa,jiwa
bani,bani
bali,bali
hhah,haha
sikp,sikap
dorg,dia orang
gnti,ganti
jirs,anjir
rril,ril
hduo,hidup
prgi,pergi
nyri,nyari
ttap,tetap
2mgg,2 minggu
tauk,tahu
tetp,tetap
mnta,minta
wlpn,walaupun
yach,ya
pens,pensiun
bikn,bikin
2oi6,2016
kalu,kalau
aphd,ahmad
sndi,sandi
deng,dengan
ttep,tetap
oasu,asu
ntuh,itu
nnek,nenek
ngrs,ngerasa
dtng,datang
apus,hapus
kmar,kamar
joqi,joki
sory,sorry
peng,pengin
ngat,ingat
gblg,goblok
priv,privat
ampe,sampai
tntg,tentang
kgak,kagak
bhay,bohay
sdih,sedih
beza,beda
naah,nah
sorg,sorang
jban,jangan
kits,kita
hrus,harus
jirt,anjir
skrn,sekarang
bbrp,beberapa
knva,kenapa
jink,anjing
2o26,2026
hdeh,hadeh
cakr,cakar
nlfn,nelpon
ment,mental
kpla,kepala
smga,semoga
yups,ya
faak,fuck
0oa4,<noise>
hoby,hobi
bgin,begin
ttai,tapi
jjan,jajan
ggra,gara-gara
maap,maaf
wadu,waduh
gmna,gimana
4oom,<noise>
tkar,tukar
geys,guys
ckup,cukup
sagi,saja
itmy,it's me
brow,bro
nieh,nih
5ook,5oo ribu
ykan,ya kan
2bln,2 bulan
pliz,plis
sape,siapa
kenl,kenal
etah,entah
jlan,jalan
fücķ,fuck
napa,kenapa
syah,sah
nelp,telepon
ksih,kasih
kaga,kagak
kmna,ke mana
najs,najis
epek,efek
jman,zaman
gbsa,gak bisa
2smp,2 smp
.itu,. itu
dpan,depan
tlpn,telepon
diks,diksi
gjni,gini
2-3x,2 sampai 3 kali
crht,curhat
slma,selama
aku-,aku
anjg,anjing
grgr,gara-gara
-udh,<noise>
hmpa,hampa
mntl,mental
1tth,1 tahun
suda,sudah
tuek,tua
ucul,lucu
ijin,izin
kbur,kabur
pnik,panik
tngn,tangan
lach,lah
mntk,minta
helo,halo
mat1,mati
affh,apa
enaf,enough
19jt,19 juta
wkkw,wkwk
dgar,dengar
bace,baca
kiro,kira
aquh,aku
2o22,2022
risi,risih
hbis,habis
oiya,oh iya
mala,malah
bsok,besok
duid,duit
kaak,kak
jani,jadi
pran,peran
yabg,yang
apsi,apa sih
puny,punya
laen,lain
kumn,kalian
7ocm,70 cm
jlas,jelas
skiy,skuy
genz,gen z
kelg,keluarga
hitu,itu
ajgf,<noise>
tuhn,tuhan
lite,lite
cuba,coba
oada,ada
lage,lagi
1sth,1 bulan
laah,lah
gpph,gak apa-apa
mggu,minggu
blik,balik
uwiw,<noise>
cume,cuma
ttng,tentang
ber3,bertiga
trsa,terasa
madt,mad
bntu,bantu
cabi,chubby
jsuh,jauh
dsna,di sana
dadi,jadi
chrs,chris
myat,mayat
akau,aku
cwek,cewek
duls,dulu
aplg,apalagi
.tpi,. tapi
tkud,takut
drmn,dari mana
prns,pronouns
tsay,say
anji,anjing
tdur,tidur
2oi8,2018
bpak,bapak
adoh,aduh
2oi0,2010
yeeu,yeu
okeh,oke
dkat,dekat
anyg,anjing
maci,terima kasih
2o20,2020
ekwk,wkwk
sgat,sangat
eluh,keluh
stlh,setelah
19a5,<noise>
bdoh,bodoh
2oi2,2012
dimn,dimana
3okg,3 kg
adlh,adalah
jing,anjing
2oi4,2014
plit,pelit
klen,kelen
tuir,tua
sbab,sebab
nywa,nyawa
6bln,6 bulan
issu,isu
lbrn,lebaran
suma,sama
shbt,sahabat
8jam,8 jam
pdhk,pedih
6orb,60 ribu
adek,adik
mjdi,menjadi
ngya,ngganya
hduh,haduh
.dan,. dan
plij,plis
orag,orang
make,memakai
jeff,Jeff
selu,selalu
ciku,cikgu
ngjk,ngajak
epsd,episode
butu,butuh
wrna,warna
hmmz,hmm
guwa,gue
udsh,udah
lebi,lebih
bukn,bukan
sblh,sebelah
rase,rasa
rumh,rumah
unur,umur
atah,atau
bles,balas
3bln,3 bulan
mkir,mikir
1.8k,1800
gusy,guys
avoi,avoidant
pcar,pacar
siah,sih
buly,bully
6 am,6 AM
10pm,10 PM
ayok,ayo
.org,. orang
tmpt,tempat
btuh,butuh
8bln,8 bulan
haya,hanya
maah,maaf
kren,keren
uhhm,uhm
nnyk,nanya
byak,banyak
day6,day 6
jnji,janji
ktmu,ketemu
ruma,rumah
prnh,pernah
12an,12-an
shes,she's
2oi5,2015
ngsi,ngisi
tgan,tangan
shlt,shalat
5jam,5 jam
5thn,5 tahun
3hri,3 hari
3-5x,3 sampai lima kali
mmng,memang
6okg,6 kg
lont,lontong
crta,cerita
malz,malas
agap,anggap
jngn,jangan
nyet,monyet
1okg,1 kg
....,<noise>
blom,belum
iyya,iya
cros,cross
2org,2 orang
onny,onnie
1oo2,1002
baix,baik
arga,harga
anju,anjing
12ku,12-ku
jhat,jahat
mslh,masalah
kpan,kapan
dont,don't
ksni,ke sini
aday,ada
trus,terus
keos,chaos
mnjd,menjadi
lebh,lebih
kamh,kamu
kayk,kayak
teru,terus
aslm,assalamualaikum
ingt,ingat
roko,rokok
1thn,1 tahun
22th,22 tahun
bfor,before
chet,chat
1san,1 bulan
brsm,bersama
2ath,<noise>
stgh,setengah
bkin,bikin
idam,idaman
drtd,dari tadi
deuh,deh
hbgn,hubungan
hisa,bisa
kmrn,kemarin
kntl,kontol
pegi,pergi
18jt,18 juta
bunh,bunuh
tggu,tunggu
kalo,kalau
ndri,sendiri
buar,buat
mksd,maksud
ipon,iphone
jnck,jancok
gppa,gak apa-apa
prut,perut
2oo2,2002
sngt,sangat
ndak,tidak
udhn,udahan
4oo0,4 ribu
ber4,berempat
sajh,saja
nov.,November
sico,sico
prbw,prabowo
feck,fuck
tnya,tanya
nmpk,nampak
aakh,akhir
ngmg,ngomong
dhen,dan
anjk,anjing
umun,umum
kcil,kecil
jakn,jalan
puya,punya
mrsa,merasa
bngt,banget
mnyt,monyet
gweh,gue
sedh,sedih
maau,mau
untu,untuk
cwok,cowok
sinj,sini
agat,agar
dket,dekat
mmpu,mampu
oalh,oalah
2jam,2 jam
2oo9,2009
jepi,jepit
pdhl,padahal
udeh,udah
3eth,<noise>
baso,bakso
buli,bully
guwe,gue
ovat,obat
2oi7,2017
lmes,lemas
bdan,badan
kost,kos
puol,puanjang
ngsa,bangsa
nikh,nikah
diac,dia
bgsd,bangsat
klrg,keluarga
kurg,kurang
llai,lain
dlam,dalam
seld,self
prik,freak
njng,anjing
blio,beliau
1orb,10 ribu
isnt,isn't
naro,naruh
smph,sumpah
bkas,bekas
waja,wajah
cowi,cowo
coly,coli
thxu,terima kasih
2oth,20th
fckg,fucking
dngn,dengan
tros,terus
3org,3 orang
smua,semua
tifs,tifus
4thn,4 tahun
rabb,Rabb
sgni,segini
2ogb,20 gb
guis,guys
skng,sekarang
skit,sakit
stts,status
coce,cocok
shka,suka
gblk,goblok
tmne,teman
broh,bro
sndr,sendiri
clon,calon
datj,datang
mipy,mimpi
mgkn,mungkin
hpan,hp-an
aaja,saja
ggak,gak
ckls,ceklis
thun,tahun
taku,takut
seeh,sih
2o23,2023
tbuh,tubuh
oren,oranye
42i2,<noise>
selo,selow
tmpa,tanpa
1ekg,<noise>
geto,gitu
enth,entah
bkan,bukan
twet,tweet
dmku,dm-ku
smpt,sempat
bnuh,bunuh
6san,6 bulan
abiz,habis
aktf,aktif
duuh,duh
sllu,selalu
jlek,jelek
eror,error
cumn,cuma
pngn,pengin
TRUE,TRUE
ahir,akhir
dblg,dibilang
dger,dengar
ilsa,ailsa
belm,belum
merk,merek
mkam,makan
pren,fren
dmna,dimana
jagn,jangan
lmyn,lumayan
tlah,telah
prlu,perlu
bndr,bandar
-mau,-mau
glak,galak
walo,walau
cpet,cepat
gmau,gak mau
sdar,sadar
bkal,bakal
bruh,bro
kgsg,langsung
woey,woi
hikd,sedih
inih,ini
kdng,kadang
1jam,1 jam
sruh,suruh
mpon,mohon
gbuk,gebuk
tlng,tolong
dlem,dalam
saua,saya
folo,follow
krna,karena
abis,habis
tkde,tidak ada
isip,isi
pdpt,pendapat
oake,oke
blum,belum
2hal,2 hal
fkyu,fuck you
toch,toh
8nan,8-an
6thn,6 tahun
zong,zonk
gais,guys
rfly,rafly
cock,cocok
ntuk,untuk
inpo,info
dkit,sedikit
hdup,hidup
dpat,dapat
tdak,tidak
hrmt,hormat
lmrn,lamaran
dbls,dibalas
bagt,banget
cmya,cuma
jiji,jijik
2o25,2025
.spt,. seperti
paan,apaan
bab1,bab 1
hpny,hp-nya
bnrn,beneran
turu,tidur
4tkg,4 kg
pnya,punya
maen,main
smpe,sampai
gil4,gila
orng,orang
dgan,dengan
2oi9,2019
msih,masih
oooh,oh
3skg,3 sekarang
2o21,2021
hsil,hasil
lgsg,langsung
tuuh,tuh
diad,dia
yaak,ya
dir1,diri
slah,salah
apez,apes
9ook,<noise>
pake,pakai
kaka,kakak
brti,berarti
duni,dunia
bres,beres
beut,banget
2thn,2 tahun
kasi,kasih
bcos,because
gimn,gimana
garu,garuk
fiks,fix
tngk,tengok
masu,masuk
malm,malam
poto,foto
.aku,. aku
set3,setengah 3
bnar,benar
intm,intim
ktny,katanya
tlfn,telepon
cuuy,cuy
--gt,--gt
mnum,minum
wlah,walah
pait,pahit
sbtu,sabtu
msti,mesti
bbgt,banget
tida,tidak
karu,karuan
bapa,bapak
wktu,waktu
baek,baik
potg,potong
cape,lelah
malh,malah
ygtu,begitu
egak,tidak
sjak,sejak
dpet,dapat
bgun,bangun
6ook,600 ribu
orio,oreo
ksel,kesal
roso,rasa
nntu,itu
yaud,yaudah
bouz,bos
gues,guess
____,<noise>
crwe,cewe
nkah,nikah
6ekg,6 kg
pcrn,pacaran
rill,riil
jugk,juga
bhsa,bahasa
tido,tidur
egal,ugal
rwrd,reward
bair,biar
galo,galau
.pas,. pas
mhsw,mahasiswa
3oan,30-an
temn,teman
shih,sih
mlem,malam
almh,almarhumah
3nya,3-nya
bleh,boleh
susa,susah
udaj,udah
ajig,anjing
bhkn,bahkan
ataw,atau
18i9,<noise>
42kg,42 kg
atou,atau
gaus,gak usah
vdeo,video
brai,bro
5skg,5 kg
korg,korang
klwr,keluar
bcus,because
brou,bro
dllu,dulu
badn,badan
syng,sayang
mesm,mesem
trau,trauma
bnci,benci
liat,lihat
isok,is okay
jels,jelas
lepi,laptop
mksh,makasih
tukg,tukang
2omg,20 minggu
hiya,iya
mski,meski
amet,amat
spek,spesifikasi
nhan,menahan
diem,diam
tidk,tidak
tidr,tidur
srng,sering
jdoh,jodoh
khan,kan
2okg,20 kg
xtra,ekstra
idup,hidup
taon,tahun
jdar,jeder
nntn,nonton
dose,dosis
dos4,dosa
bgst,bangsat
apan,apa
1i85,<noise>
msuk,masuk
cabs,cabut
stir,setir
xixi,<noise>
pura,pura-pura
7thn,7 tahun
set8,setengah 8
eneh,aneh
3tkg,3 kg
62kg,62 kg
brrt,berarti
3thn,3 tahun
drmh,di rumah
tnpa,tanpa
2oa9,2029
bgni,begini
tuch,tuh
mnit,menit
ywdh,yaudah
pcah,pecah
hpus,hapus
gaes,guys
jona,zona
taro,taruh
dato,datang
sbnr,sebenarnya
mras,meras
dalm,dalam
dyem,damn
udan,hujan
tipa,tiba
iyes,iya
ntar,nanti
apkh,apakah
sgla,segala
pala,kepala
maks,maksimal
snge,sange
sush,susah
jajn,jajan
ingi,ingin
69kg,69 kg
nyrh,nyerah
itud,itu
njir,anjir
haon,haon
brok,bro
ngan,dengan
ber9,bersembilan
rlly,really
keci,kecil
suld,sudah
demn,damn
bwat,buat
h-25,kurang dari 25 hari
inc.,Inc.
tbtb,tiba-tiba
gaje,tidak jelas
1oo1,1001
kngn,kangen
wnna,wanna
ojol,ojol
ojek,ojek
cupu,cupu
anis,anis
anin,anin
nyus,nyus
nyun,nyun
cuci,cuci
yang,yang
tubi,tubi
tube,tube
tuat,tuat
tuap,tuap
tuan,tuan
tuai,tuai
kulo,kulo
jjr,jujur
maf,maaf
yok,ayo
8o0,800
zmn,zaman
kny,kanan
alr,alright
4dx,<noise>
jga,juga
uga,juga
lha,lah
skt,sakit
kzl,kesal
klw,kalau
san,sana
bhs,bahasa
0.1,0.1
dkt,dekat
bat,banget
4jt,4 juta
kia,kita
inj,ini
adk,adik
tdr,tidur
shg,sehingga
djn,dan
dya,dia
hbs,habis
ajh,saja
i.e,i.e.
tiu,itu
aas,as
tao,tahu
1oo,100
2ox,20 kali
ndk,tidak
6rb,6 ribu
mls,malas
cwk,cewek
1ox,<noise>
ari,hari
pdg,padang
bia,biar
yag,yang
byr,bayar
nih,ini
iyh,iya
ttg,tentang
jun,juni
...,<noise>
lsg,langsung
bwt,buat
knl,kenal
jgn,jangan
ino,ini
jkw,jokowi
3o4,<noise>
dri,dari
7an,7-an
mba,mbak
otu,itu
otk,otak
cpa,siapa
lau,lu
2an,2-an
knp,kenapa
mlm,malam
a.m,AM
-sf,-<noise>
kbr,kabar
rmh,rumah
sgt,sangat
hri,hari
sja,saja
y.o,<noise>
2th,2 tahun
bgt,banget
lma,lama
srs,serius
gmn,gimana
pst,pasti
3o1,<noise>
gmb,gambar
gim,game
sni,sini
qta,kita
udh,udah
kgn,kangen
pny,punya
2yg,2 yang
flx,flex
nov,november
yas,yes
10-,10
6am,6 am
agi,lagi
trl,terlalu
hrs,harus
dsn,disini
dim,di
fel,fail
jkt,jakarta
jht,jahat
skr,sekarang
eek,tahi
fe1,fe1
leh,oleh
enk,enak
y.l,<noise>
vol,volume
bkp,bokap
blm,belum
lht,lihat
hti,hati
sya,saya
4o4,404
akn,akan
sie,saya
ksh,kasih
cmb,coba
dgr,dengar
tks,thanks
5i0,510
kea,kayak
1a8,<noise>
nie,ini
loe,kamu
eug,gue
pls,please
mbg,mbak
sdh,sudah
slt,sulit
org,orang
lps,lepas
mkm,makan
utk,untuk
t.t,<noise>
jpn,japan
keq,kayak
fa1,fa1
jwb,jawab
jug,juga
.ko,. kok
gpy,gampangan
kal,kalau
jst,just
yth,yang terhormat
jgj,jogja
mit,meet
keg,kegiatan
cht,chat
dng,dengan
pak,bapak
ttp,tetap
asw,asu
llu,lalu
mtr,motor
krm,kirim
cew,cewek
tuk,untuk
ale,saja
wat,what
jae,aja
ntr,nanti
olh,oleh
mgu,minggu
klo,kalau
skg,sekarang
jan,jangan
sam,sama
dak,tidak
7kg,7 kg
cth,contoh
bun,bunda
no1,nomor 1
aje,saja
sof,soft
mrh,marah
1a0,<noise>
btl,betul
lri,lari
kgk,kagak
mks,terima kasih
tlg,tolong
hhe,hehe
dmn,dimana
.yg,. yang
kod,kode
put,putus
jxb,jiexpo
sem,semester
dsb,dan sebagainya
elo,kamu
fwb,friends with benefit
sha,saya
bgo,bego
aps,apps
kcl,kecil
tlp,telepon
prh,parah
2ha,2 ha
smt,semester
gau,gak
ied,id
yup,ya
1an,1-an
nga,nggak
dni,dini
1t0,<noise>
iyu,itu
1jt,1 juta
kev,kevin
njg,anjing
3i0,<noise>
eps,episode
lgi,lagi
oct,okt
mar,maret
cla,cla
9am,9 am
ayh,ayah
ena,enak
4hr,4 hari
dws,dewasa
stu,situ
sjh,saja
aqw,aku
lho,loh
a-z,<noise>
mti,mati
tár,Tár
b9t,banget
sbg,sebagai
2i0,<noise>
sdg,sedang
2am,2 am
-c-,<noise>
nvr,never
2o0,200
2sk,2 sk
1sx,<noise>
abu,abu-abu
jek,ajak
2s5,2.5
lum,belum
ape,apa
eeh,eh
.ah,. ah
mis,miss
isa,bisa
trs,terus
ckp,cukup
gwe,gue
bhn,bahan
jul,juli
gtw,gak tahu
def,defense
boc,bocah
1sk,<noise>
gni,gini
hrx,hari
4i0,<noise>
bsk,besok
agk,agak
agt,agustus
sft,sifat
lbh,lebih
seh,sehat
1kg,1 kg
abt,about
ggi,gigi
brg,barang
kat,kata
utg,utang
dlm,dalam
kao,kamu
gaf,gak
mlz,malas
tlf,telepon
5ok,50 ribu
egk,tidak
kga,kagak
kil,kill
hdh,hadeh
mlh,malah
hae,hai
agr,agar
ngk,tidak
hny,hanya
5o0,500
jes,yes
ito,itu
dok,dokter
krn,karena
5.5,5.5
yak,ya
.ga,. ga
ntn,nonton
jef,jeff
cwe,cewek
wkt,waktu
bkn,bukan
mmk,memang
aj6,saja
gda,gak ada
aga,agak
mdh,mudah
jgk,juga
sjk,sejak
-3-,<noise>
smw,semua
mjd,menjadi
4an,4-an
gak,tidak
5ak,<noise>
mab,mabuk
jrg,jarang
pha,pah
mmg,memang
tny,tanya
tkd,tidak
mmf,maaf
gar,agar
msi,masih
w.a,<noise>
mrt,maret
owh,oh
anx,anxiety
tkt,takut
.tp,. tapi
nak,anak
hdp,hadap
jlk,jelek
aph,apa
ytb,youtube
cra,cara
kmn,ke mana
bli,beli
hao,halo
cok,jancok
dja,dia
aju,aku
njr,anjrit
kya,kayak
5th,5 tahun
bcd,bacot
fey,Fey
2oo,200
マキマ,<noise>
srg,sering
kak,kakak
kmu,kamu
tgk,tengok
9i1,<noise>
jir,anjir
jls,jelas
mpe,sampai
jin,jin
sat,saat
123,123
120,120
bah,bah
pjk,pajak
-15,-15
thu,tahu
mr.,Mr.
9jt,9 juta
ngp,ngapain
4o0,400
.ak,. aku
kpn,kapan
gmw,gak mau
ssk,resah
2jt,2 juta
trg,tergantung
dpt,dapat
gkn,gak akan
星期一,<noise>
sbr,sabar
dip,di
nny,nanya
kek,kayak
pnh,pernah
iye,iya
.gw,. gw
mku,aku
imo,imo
fav,favorit
msh,masih
bau,bau
sec,sec
sdm,sdm
gig,gig
gio,gio
're,'re
zb1,zb1
zel,zel
zen,zen
zgx,zgx
bak,bak
zat,zat
gih,gih
Mr.,Mr.
gem,gem
mel,mel
gif,gif
abk,abk
abi,abi
bcz,bcz
bcs,bcs
bca,bca
sea,sea
bed,bed
say,say
bad,bad
wal,wal
ina,ina
kog,kok
got,got
mam,mam
adi,adi
ga.,ga.
gpt,gpt
gps,gps
byk,banyak
aqu,aku
ada,ada
gei,gei
geh,geh
act,act
gas,gas
gan,gan
aat,aat
Gon,Gon
goa,goa
tng,tinggal
ftw,ftw
ft.,ft.
gam,gam
gal,gal
geu,geu
abc,abc
med,med
gik,gik
gfr,gfr
mei,mei
mat,mat
god,god
gcr,gcr
gbu,gbu
gbk,gbk
aci,aci
map,map
mal,mal
gov,gov
f60,f60
gay,gay
gat,gat
get,get
acc,acc
geo,geo
gen,gen
mas,mas
man,man
pto,foto
.sy,. saya
luw,luw
flu,flu
fol,fol
fog,fog
fml,fml
fly,fly
gpa,gpa
mai,mai
Fey,Fey
adu,adu
ads,ads
gap,gap
gah,gah
gdm,gdm
gad,gad
fuk,fuk
fug,fug
ssh,susah
kyx,kayaknya
fen,fen
fem,fem
fix,fix
fit,fit
fed,fed
afo,afo
ksi,kasih
1ik,<noise>
lam,lama
tmn,teman
aia,air
for,for
fyp,fyp
fyi,fyi
gag,gag
wlb,wlb
wkw,wkw
wks,wks
wiu,wiu
wit,wit
jap,jap
apr,april
Ece,Ece
tes,tes
mak,mak
fun,fun
04.,04.
03.,03.
ago,ago
ffs,ffs
koq,kok
fic,fic
fib,fib
fhe,fhe
age,age
aib,aib
air,air
men,men
won,won
jat,jat
jas,jas
kap,kap
agz,agz
aih,aih
low,low
9th,9th
-40,<noise>
mad,mad
mac,mac
mah,mah
mag,mag
lur,lur
yng,yang
thb,thb
lul,lul
lta,lta
jaw,jaw
feh,feh
ain,ain
fam,fam
far,far
fak,fak
fan,fan
fag,fag
the,the
krj,kerja
exc,exc
few,few
fil,fil
tfw,tfw
teu,teu
lvu,lvu
lvl,lvl
kan,kan
exu,exu
f2f,f2f
f21,f21
lt3,lt3
lrt,lrt
lrp,lrp
lot,lot
4.5,4.5
ewe,ewe
eye,eye
aka,aka
aji,aji
faq,faq
fck,fck
kah,kah
eng,eng
end,end
aki,aki
exo,exo
99.,99.
tho,tho
los,los
lg-,lagi
eve,eve
euy,euy
eum,eum
euh,euh
eni,eni
02.,02.
wor,wor
era,era
jam,jam
eja,eja
eid,eid
ego,ego
ege,ege
tel,tel
ter,ter
etc,etc
eru,eru
thn,tahun
pac,pacar
tia,tia
tht,tht
kai,kai
ten,ten
ep8,ep8
ep7,ep7
lov,lov
loh,loh
tic,tic
sen,sinyal
teh,teh
dum,dum
duo,duo
duh,duh
lop,lop
thr,thr
erd,erd
esp,esp
eeq,eeq
eeg,eeg
mtk,matematika
ali,ali
duk,duk
ekg,ekg
ems,ems
emo,emo
ala,ala
eko,eko
elt,elt
9.7,9.7
8th,8th
8ni,8ni
lol,lol
aku,aku
tbh,tbh
tbf,tbf
dra,dra
dr.,dr.
dug,dug
due,due
4e5,<noise>
pcr,pacar
mng,memang
drg,drg
dua,dua
dst,dst
dub,dub
gt3,gt3
gsi,gsi
dyk,dyk
drt,drt
eak,eak
tek,tek
liz,liz
tik,tik
log,log
lip,lip
gth,gth
ksl,kesal
eea,eea
eat,eat
kau,kau
wis,wis
wip,wip
win,win
til,til
dnt,dnt
dnf,dnf
muk,mau
sma,sama
tio,tio
tin,tin
dom,dom
dol,dol
doc,doc
doi,doi
7tk,7tk
7th,7th
tim,tim
all,all
dry,dry
bdn,badan
mke,memakai
tka,tka
tix,tix
ksr,kasar
lin,lin
810,810
800,800
tea,tea
tds,tds
tbz,tbz
tbl,tbl
lhi,lhi
lex,lex
tis,tis
doa,doa
lil,lil
lib,lib
nge,ngeh
tle,tle
ydh,ya udah
gon,Gon
dos,dos
tbc,tbc
tba,tba
tax,tax
dor,dor
dot,dot
dpr,dpr
dpa,dpa
gue,gue
tip,tip
tkw,tkw
tkp,tkp
les,les
leo,leo
let,let
met,met
dis,dis
dir,dir
doh,doh
dps,dps
wps,wps
woy,woy
wow,wow
kae,kae
don,don
gun,gun
mob,mob
moa,moa
die,die
min,min
lek,lek
mid,mid
dik,dik
mes,mes
dih,dih
dig,dig
dnd,dnd
dna,dna
dlk,dlk
dkv,dkv
jem,jem
lie,lie
gut,gut
gus,gus
toa,toa
tnt,tnt
tni,tni
tmj,tmj
tmi,tmi
.ya,. ya
aja,saja
nno,no
mmd,mmd
mmc,mmc
kni,sini
ywd,ya udah
wih,wih
wig,wig
mmr,mmr
mic,mic
mfs,mfs
mey,mey
mie,mie
miu,miu
mik,mik
tan,tan
kay,kay
wil,wil
wik,wik
fek,fak
gax,gak
thx,thanks
len,len
guy,guy
mos,mos
7i0,7i0
h-4,h-4
tam,tam
did,did
tok,tok
toh,toh
h-7,h-7
h-6,h-6
lem,lem
gym,gym
mol,mol
mom,mom
mjb,mjb
mix,mix
mot,mot
dgt,dgt
dia,dia
mua,mua
mtl,mtl
msg,msg
mrs,mrs
moe,moe
gye,gye
gws,gws
750,750
mgr,manager
jik,jika
wtb,wtb
wsp,wsp
jen,jen
700,700
7.5,7.5
tol,tol
jus,jus
wth,wth
wtf,wtf
mrk,mereka
8jm,8 jam
tah,tah
tag,tag
mui,mui
mun,mun
dha,dha
tae,tae
h-3,h-3
1i0,<noise>
600,600
6-7,6-7
56.,56.
lay,lay
det,det
h-2,h-2
h-1,h-1
law,law
ldr,ldr
ldm,ldm
ldk,ldk
lcd,lcd
lca,lca
lbp,lbp
atw,atau
amp,dan
amp,amp
dev,dev
nah,nah
mut,mut
dgm,demi
nao,nao
nad,nad
n95,n95
n't,n't
mwo,mwo
ami,ami
mri,mri
tai,tai
lbi,lbi
top,top
had,had
tab,tab
t-t,t-t
wid,wid
kda,kda
kbs,kbs
wib,wib
h2h,h2h
kta,kita
tnp,tanpa
5-7,5-7
svu,svu
svt,svt
dep,dep
nay,nay
nan,nan
deg,deg
deo,deo
nek,nek
neh,neh
amo,amo
swt,swt
des,des
h-h,h-h
tot,tot
tos,tos
lan,lan
hah,hah
tps,tps
tpa,tpa
kna,kena
gdk,gak
den,den
hai,hai
510,510
why,why
dap,dap
dea,dea
dbd,dbd
xic,xic
ww3,ww3
wts,wts
der,der
swf,swf
nct,nct
sus,sus
ful,full
hak,hak
nom,nom
nol,nol
nok,nok
lap,lap
las,las
500,500
kpd,kepada
_ツ_,<noise>
dah,dah
dar,dar
dat,dat
ane,ane
dan,dan
dai,dai
1-3,1-3
1-2,1-2
"1,5","1,5"
lak,lak
nic,nic
"4,8","4,8"
ana,ana
nen,nen
net,net
new,new
del,del
dek,dek
deh,deh
and,and
dec,dec
lah,lah
sun,sun
dam,dam
ngw,ngw
nik,nik
5-6,5-6
"5,5","5,5"
"4,5","4,5"
3s0,3s0
tri,tri
noh,noh
dag,dag
sup,sup
das,das
day,day
who,who
1.2,1.2
ani,ani
not,not
d-d,d-d
nis,nis
nip,nip
nim,nim
nor,nor
nlp,nlp
kka,kakak
xx1,xx1
xpe,xpe
dad,dad
dab,dab
non,non
ngl,ngl
400,400
4-5,4-5
nta,nta
npd,npd
npc,npc
now,now
sub,sub
nya,nya
wfo,wfo
wfh,wfh
wfc,wfc
gur,guru
num,num
cuz,cuz
cuy,cuy
mnt,menit
tnh,tanah
krg,kurang
1ok,<noise>
jdi,jadi
tdi,tadi
blh,boleh
bgi,bagi
syg,sayang
___,<noise>
slm,salam
4.8,4.8
ijo,hijau
wew,wew
wet,wet
wes,wes
ham,ham
hal,hal
kut,kut
yan,yan
yah,yah
yae,yae
"0,1","0,1"
cup,cup
nyi,nyi
cyu,cyu
lag,lag
lab,lab
404,404
ach,ah
trp,trp
kys,kys
kyo,kyo
kvh,kvh
han,han
ttl,ttl
ttd,ttd
cum,cum
nye,nye
dgn,dengan
old,old
okt,okt
off,off
wey,wey
ofc,ofc
odl,odl
str,str
nvm,nvm
cui,cui
oat,oat
cut,cut
cus,cus
tta,tta
try,try
kun,kun
kur,kur
kul,kul
39.,39.
38.,38.
one,one
oma,oma
olo,olo
oli,oli
nyh,nyh
oke,oke
obs,obs
ocd,ocd
obv,obv
tub,tub
tua,tua
ttu,ttu
ttm,ttm
hap,hap
8sr,<noise>
1i8,<noise>
ikt,ikut
alm,almarhum
sek,seks
luh,lu
-31,<noise>
ktp,ktp
ono,ono
oni,oni
cso,cso
cry,cry
omg,omg
omo,omo
ok.,ok.
ojo,ojo
ohm,ohm
kel,kelas
tap,tapi
tuh,tuh
kui,kui
kuh,kuh
kue,kue
krs,krs
any,any
orb,orb
ora,ora
orz,orz
oot,oot
anu,anu
365,365
360,360
36.,36.
tgs,tugas
1⁄2,1/2
kpi,kpi
kot,kot
krb,krb
kpr,kpr
har,har
krl,krl
tum,tum
3rd,3rd
3os,3os
kua,kua
1th,1 tahun
8i0,810
jpf,jpf
yap,yap
ogh,ogh
osa,osa
ot8,ot8
opo,opo
wht,what
yao,yao
orv,orv
out,out
our,our
sth,sth
std,std
ktm,ktm
kst,kst
ksk,ksk
kos,kos
kpk,kpk
own,own
api,api
coy,coy
cow,cow
apa,apa
aot,aot
coz,coz
ost,ost
lom,belum
spo,spo
spm,spm
owe,owe
ovt,ovt
spy,spy
spv,spv
osd,osd
30.,30.
3.3,3.3
tut,tut
aoa,aoa
yuk,ayo
two,two
twk,twk
com,com
ama,sama
3om,3 am
kpy,kpy
hat,hat
has,has
tur,tur
tuo,tuo
jss,jss
oug,oug
otw,otw
ots,ots
iza,iza
wer,wer
wen,wen
wei,wei
weh,weh
ive,ive
kon,kon
osn,osn
ssg,ssg
31.,31.
300,300
pat,pat
4wd,<noise>
pbm,pbm
pay,pay
coi,coi
cod,cod
apk,apk
son,son
pah,pah
ovp,ovp
oya,oya
spd,spd
pas,pas
pal,pal
sos,sos
pcd,pcd
tgl,tanggal
ybs,ybs
pam,pam
tvi,tvi
hbu,hbu
hbd,hbd
heh,heh
tws,tws
agh,ah
apt,apt
cli,cli
cit,cit
cis,cis
ubi,ubi
ugm,ugm
twt,twt
hed,hed
hec,hec
kno,kno
uda,uda
ucu,ucu
nda,tidak
5an,5-an
pap,pap
kok,kok
koh,koh
kom,kom
uas,uas
tzu,tzu
tyt,tyt
txt,txt
1os,1 os
rsa,rasa
clo,kalo
cih,cih
cie,cie
soc,soc
yay,yay
yaw,yaw
joy,joy
sol,sol
sok,sok
som,som
cmp,cmp
peh,peh
pdf,pdf
ugk,ugk
ugh,ugh
ugd,ugd
ueu,ueu
yer,yer
yep,yep
yen,yen
yel,yel
yea,yea
ych,ych
che,che
so7,so7
iyo,iya
ing,ing
bru,baru
3.2,3.2
ccm,ccm
ci9,ci9
cik,cik
uek,uek
ugw,ugw
kne,kne
kmt,kmt
klk,klk
3-7,3-7
3-5,3-5
3-4,3-4
mcm,macam
sik,sih
sob,sob
chn,chn
"3,2","3,2"
6jt,6 juta
lgs,langsung
kin,kin
slb,slb
cas,cas
cen,cen
cek,cek
cel,cel
klc,klc
kkt,kkt
gaq,gak
1ts,<noise>
snm,snm
snd,snd
sms,sms
kkn,kkn
uji,uji
uid,uid
uhs,uhs
uhm,uhm
uhf,uhf
uha,uha
ity,ity
kie,kie
umi,umi
cam,cam
per,per
can,can
cah,cah
cbt,cbt
ooh,oh
but,but
cbp,cbp
cha,cha
cgv,cgv
cfd,cfd
smp,smp
smk,smk
smh,smh
web,web
itb,itb
umk,umk
skn,skn
ski,ski
art,art
car,car
arm,arm
27.,27.
umr,umr
32k,32 ribu
are,are
ard,ard
arc,arc
cap,cap
cao,cao
cat,cat
cea,cea
cdr,cdr
ukt,ukt
ukm,ukm
2nd,2nd
kid,kid
sit,sit
c-c,c-c
kim,kim
hel,hel
hei,hei
bhw,bahwa
bus,bus
sis,sis
cau,cau
skz,skz
sky,sky
sks,sks
ulu,ulu
uln,uln
kip,kip
29.,29.
bwf,bwf
buy,buy
iya,iya
itu,itu
sir,sir
sip,sip
bua,bua
btw,btw
bts,bts
bub,bub
sjw,sjw
sjs,sjs
bye,bye
bxg,bxg
bxb,bxb
bws,bws
jng,jangan
hes,hes
21.,21.
jok,jok
yih,yih
tsb,tersebut
pda,pada
bri,bri
pes,pes
bre,bre
buk,buk
phd,phd
pfw,pfw
23.,23.
22.,22.
hem,hem
bso,bso
bsd,bsd
bsc,bsc
7o0,700
tdk,tidak
oom,om
ngt,sangat
its,its
itl,itl
wdc,wdc
way,way
wax,wax
bug,bug
hhz,hhz
pil,pil
boy,boy
box,box
pin,pin
pfp,pfp
peu,peu
sin,sin
phu,phu
jka,jika
ygy,ygy
yey,yey
bur,bur
kfc,kfc
ké,ké
24.,24.
uni,uni
heu,heu
him,him
hft,hft
hey,hey
poc,poc
pob,pob
bot,bot
yeu,yeu
yet,yet
yes,yes
ori,original
tmr,tomorrow
tgu,tunggu
cot,bacot
her,her
hih,hih
pon,pon
pom,pom
bos,bos
pns,pns
brb,brb
pho,pho
phk,phk
asa,asa
pie,pie
pid,pid
pic,pic
php,php
bro,bro
26.,26.
25.,25.
sim,sim
bpm,bpm
bpd,bpd
pit,pit
pkp,pkp
pkn,pkn
pkl,pkl
pjo,pjo
sih,sih
200,200
10.,10.
isi,isi
ish,ish
pke,pakai
tpi,tapi
uns,uns
bon,bon
ask,ask
hiv,hiv
ash,ash
asf,asf
pol,pol
asd,asd
asb,asb
pod,pod
hin,hin
his,his
hir,hir
ket,ket
boi,boi
pop,pop
2a7,<noise>
asi,asi
sho,sho
shm,shm
pos,pos
png,png
pnd,pnd
pms,pms
pmo,pmo
pmi,pmi
sia,sia
shy,shy
waw,waw
101,101
100,100
mhn,mohon
fah,paham
rbu,ribu
bgd,banget
aza,saja
7s0,750
kab,kabupaten
tar,entar
p.s,P.S.
gys,guys
aca,saja
ank,anak
6kg,6 kg
hmu,hmu
pov,pov
9i0,<noise>
ure,ure
hnr,hnr
hoh,hoh
bjd,bjd
kls,kelas
20.,20.
hlt,hlt
19.,19.
ppn,ppn
ppl,ppl
ppg,ppg
hiu,hiu
hit,hit
pre,pre
bom,bom
ppd,ppd
ppa,ppa
hmm,hmm
hmc,hmc
ups,ups
caf,cafe
2.5,2.5
2.5,2.5
2.5,2.5
2-5,2-5
2-4,2-4
2-3,2-3
"2,5","2,5"
hng,hng
kes,kes
usn,usn
jog,jog
plg,pulang
ps5,ps5
prt,prt
psy,psy
psk,psk
bin,bin
bla,bla
ppe,ppe
bit,bit
bio,bio
pra,pra
ppt,ppt
bok,bok
hop,hop
usg,usg
bir,bir
psi,psi
psh,psh
t_t,<noise>
she,she
sé,sé
sex,sex
pro,pro
prj,prj
boa,boa
bni,bni
bnh,bnh
asn,asn
hot,hot
bjs,bjs
bil,bil
bik,bik
ptn,ptn
bis,bis
use,use
1st,1st
hsr,hsr
how,how
joe,joe
job,job
sfs,sfs
hoe,hoe
1e7,1e7
1e0,1e0
ush,ush
hua,hua
atp,atp
atm,atm
quo,quo
yoi,yoi
yme,yme
yll,yll
hug,hug
huf,huf
isu,isu
puk,puk
pui,pui
asu,asu
ath,ath
bie,bie
bkm,bkm
uts,uts
htu,htu
hts,hts
htp,htp
huh,huh
18.,18.
r-r,r-r
ati,ati
ses,ses
qrt,qrt
pul,pul
pun,pun
pum,pum
tug,tugas
1.5,1.5
1.5,1.5
hub,hub
big,big
ate,ate
ata,ata
pup,pup
pus,pus
irl,irl
1/2,1/2
jjs,jjs
jjk,jjk
jjd,jjd
you,you
yon,yon
rab,rab
pvt,pvt
uud,uud
vcs,vcs
180,180
rek,rek
aus,aus
pvj,pvj
set,set
val,val
vak,vak
uya,uya
uwe,uwe
uwa,uwa
hrd,hrd
ker,ker
bet,bet
huw,huw
ver,ver
reg,reg
rap,rap
bsa,bisa
brt,berat
hde,hadeh
rdp,rdp
red,red
hyg,hyg
qot,qot
qlc,qlc
qda,qda
169,169
168,168
160,160
hue,hue
hum,hum
ken,ken
vid,vid
via,via
cpt,cepat
aul,aul
ser,ser
rem,rem
rin,rin
rat,rat
rai,rai
bft,bft
ram,ram
rak,rak
aug,aug
ran,ran
jnt,jnt
rom,rom
ris,ris
rip,rip
rio,rio
aya,aya
seo,seo
rep,rep
boz,bos
gji,gaji
ice,ice
rnd,rnd
rls,rls
ria,ria
rhe,rhe
rey,rey
hxh,hxh
ava,ava
irt,irt
iri,iri
ips,ips
ipk,ipk
was,was
ipa,ipa
ndg,nggak
vet,vet
iam,iam
hwi,hwi
ber,ber
rei,rei
rel,rel
sdr,saudara
roy,roy
aye,aye
ben,ben
bem,bem
sep,sep
ieu,ieu
rex,rex
vip,vip
vin,vin
ibu,ibu
iba,iba
ian,ian
idn,idn
kit,kita
reo,reo
avo,avo
rok,rok
ron,ron
ang,saja
b-b,b-b
ruu,ruu
rut,rut
rts,rts
rsj,rsj
rsd,rsd
ayo,ayo
rot,rot
roh,roh
tad,tadi
aqe,saja
1s0,150
wan,wan
inv,inv
ipb,ipb
vit,vit
idc,idc
icu,icu
ide,ide
igd,igd
ifs,ifs
rps,rps
jiu,jiu
yun,yun
yuj,yuj
yuh,yuh
ytd,ytd
idk,idk
vue,vue
iin,iin
igs,igs
cpe,capek
blg,bilang
yrs,yrs
150,150
15.,15.
14.,14.
13.,13.
12m,12m
voc,voc
idv,idv
iiu,iiu
iis,iis
run,run
sas,sas
bag,bag
sah,sah
s2u,s2u
s-s,s-s
ryn,ryn
bae,bae
saw,saw
sau,sau
rrq,rrq
153,153
152,152
iki,iki
ika,ika
ile,ile
wae,wae
kei,kei
ini,ini
've,'ve
'll,'ll
갑자기,갑자기
aap,aap
-gt,<noise>
kmr,kamar
bln,bulan
ema,emak
sby,sby
sbm,sbm
sch,sch
scd,scd
ikr,ikr
ikn,ikn
inc,inc
iso,bisa
plf,plafon
njs,najis
bgm,bagaimana
ayu,ayu
sad,sad
sac,sac
beg,beg
sal,sal
war,war
st7,setuju
adl,adalah
wni,wni
wml,wml
beb,beb
bar,bar
bbl,bbl
ban,ban
bam,bam
sel,sel
bal,bal
bel,bel
bab,bab
beh,beh
ily,ily
ilo,ilo
wak,wak
wah,wah
11.,11.
aah,aah
abg,abg
stp,setiap
-_-,<noise>
jar,jar
woi,woi
woe,woe
woa,woa
dlu,duluan
dsj,dan sejenisnya
4th,4 tahun
klu,kalau
pkt,paket
nhn,nuhun
bpk,bapak
kaq,kak
mlu,melulu
kli,kali
3an,3-an
fre,free
cri,cari
mau,mau
may,may
git,git
kar,kar
pdh,padahal
ಡᴗ-,<noise>
mch,masih
ngx,nggak
bas,bas
12.,12.
max,max
mdr,mdr
mcu,mcu
mcd,mcd
hay,hai
msa,masa
cuk,jancok
30-,30
a-j,<noise>
suk,suka
ska,suka
aeh,saja
tpt,tempat
lgu,lagu
bgn,bangun
anj,anjing
abs,absen
nma,nama
ksy,kasih
sls,selesai
8x7,<noise>
gtu,gitu
3jt,3 juta
3th,3 tahun
jln,jalan
obt,obat
mna,mana
yha,ya
ggl,gagal
ked,ked
bwa,bawa
-90,<noise>
fal,fall
3cm,3 cm
deb,debu
bnr,benar
nýa,-nya
mnh,mana
sij,saja
koe,kowe
ouh,oh
kyk,kayak
gpp,ga apa-apa
adh,ada
tau,tahu
ece,Ece
1o1,101
psl,pasal
5jt,5 juta
aky,aki
fto,foto
jmn,zaman
nam,nama
tlh,telah
cal,call
pen,ingin
msk,masuk
slh,salah
iti,itu
adm,admin
aaj,saja
bgs,bagus
blk,balik
rly,really
aer,air
9ok,<noise>
smg,semoga
yez,yes
5oo,500
mao,mau
plz,please
3kg,3 kg
anw,anyway
gua,gue
gua,aku
ggr,gara-gara
tgh,tengah
kdg,kadang
cma,cuma
tgn,tangan
req,request
gbs,gak bisa
gil,gila
sna,sana
stg,setengah
9ay,<noise>
iih,ih
mul,mulut
kms,kamis
nnt,nanti
feb,februari
brp,berapa
1sm,<noise>
jni,sini
pgi,pagi
1s3,153
akh,ah
spt,seperti
pgn,ingin
k-k,kakak
3o0,300
mkn,makan
apo,apa
mon,maaf
thd,terhadap
ade,ada
scr,secara
u.u,<noise>
wlo,walau
bls,balas
2e6,<noise>
qaq,kak
mta,mata
bkl,bakal
rht,right
ges,guys
dtg,datang
4j4,aja
elu,kamu
1s2,152
prg,pergi
ato,atau
sua,semua
sak,saat
emg,emang
lwt,lewat
kra,kira
gwa,gue
ajg,anjing
lrs,lurus
hrz,harus
kmp,kamp
cwo,cowok
ntu,itu
dpn,depan
mmh,mamah
.ap,. apa
இдஇ,<noise>
bdg,bandung
cmn,cuma
9an,9-an
tak,tidak
bng,bang
1o0,100
ril,riil
mka,maka
hlo,halo
6i0,<noise>
fay,fey
1i9,<noise>
kt,kita
dh,dah
yt,youtube
39,39
ku,ku
47,47
46,46
ᴗಡ,<noise>
jp,jepang
ké,ke
ms,mas
cb,coba
cm,cuma
ar,ar
sé,se
5x,5 kali
pg,pagi
ts,terus
lu,kamu
ud,udah
pd,pada
kl,kalau
ti,ti
60,60
lb,lb
lc,lc
tl,tl
to,to
tj,tj
48,48
5.,5.
50,50
51,51
62,62
63,63
65,65
66,66
67,67
45,45
wh,wh
4.,4.
40,40
41,41
42,42
ub,ub
u.,u.
-ω,<noise>
br,baru
ue,gue
89,89
8k,8k
9.,9.
90,90
mb,mbak
도겸,Dokyeom
ld,ld
le,le
7.,7.
70,70
74,74
75,75
69,69
kb,kb
bg,bang
qo,qo
qw,qw
3G,3G
ks,ks
43,43
m.,m.
ra,ra
bh,bh
bf,bf
rd,rd
re,re
tk,tk
li,li
80,80
85,85
86,86
8.,8.
gs,gs
92,92
lk,lk
rs,rumah sakit
gr,gr
gq,gq
gn,gn
qt,qt
q3,q3
qa,qa
qc,qc
bi,bi
pw,pw
qf,qf
go,go
gm,gm
99,99
9a,9a
ls,ls
ly,ly
fp,fp
gl,gl
ab,ab
mc,mc
me,me
a.,a.
aa,aa
wm,wm
wn,wn
wo,wo
gf,gf
gg,gg
ac,ac
96,96
98,98
wl,wl
eh,eh
fg,fg
ah,ah
fh,fh
fi,fi
fb,fb
fc,fc
ey,ey
gi,gi
ge,ge
gb,gb
gc,gc
gd,gd
fu,fu
fw,fw
fx,fx
fe,fe
ai,ai
00,00
02,02
f.,f.
f1,f1
fa,fa
dj,dj
dk,dk
fr,fr
fm,fm
af,af
fk,fk
fl,fl
ff,ff
el,el
do,do
ew,ew
ex,ex
ev,ev
et,et
eu,eu
es,es
eo,eo
ep,ep
eq,eq
en,en
je,je
06,06
07,07
al,al
fd,fd
36,36
37,37
38,38
hc,hc
hd,hd
33,33
34,34
tv,tv
tw,tw
he,he
iu,iu
30,30
31,31
tb,tb
wr,wr
dm,dm
ne,ne
an,an
db,db
mt,mt
mu,mu
mv,mv
ek,ek
ed,ed
dw,dw
dx,dx
e.,e.
ea,ea
du,du
te,te
dp,dp
35,35
am,am
mk,mk
ml,ml
mp,mp
mr,mr
k-,k-
k0,k0
ws,ws
wt,wt
di,di
bl,bl
ps,ps
pt,pt
py,punya
xd,xd
xl,xl
pp,pp
yo,yo
pu,pu
at,at
qs,qs
t.,t.
mx,mx
my,my
n.,n.
sx,sx
nb,nb
sw,sw
x.,x.
x1,x1
ia,iya
mi,mi
y.,y.
y9,y9
ya,ya
oc,oc
od,od
oa,oa
h-,h-
xx,xx
.-,.-
..,..
.2,.2
cz,cz
cv,cv
cy,cy
pm,pm
po,po
nl,nl
d.,d.
d1,d1
da,da
xr,xr
op,op
on,on
cs,cs
pr,pr
bm,bm
bo,bo
sf,sf
bj,bj
bk,bk
ob,ob
.g,.g
ct,ct
st,st
js,js
sr,sr
ss,ss
ot,ot
np,np
nt,nt
nu,nu
su,su
ow,ow
ap,ap
oz,oz
og,og
dc,dc
de,de
co,co
pc,pc
pe,pe
ck,ck
yb,yb
ci,ci
sn,sn
so,so
of,of
oh,oh
oi,oi
om,om
cd,cd
oo,oo
os,os
or,or
ce,ce
bz,bz
c.,c.
by,by
sk,sk
ca,ca
bt,bt
yi,yi
yk,yk
as,as
pj,pj
pl,pl
cp,cp
cr,cr
sq,sq
sp,sp
28,28
29,29
2D,2D
2E,2E
we,we
j.,j.
j1,j1
uh,uh
ui,ui
3.,3.
2x,2x
hh,hh
21,21
22,22
sc,sc
bd,bd
cf,cf
ch,ch
-2,-2
-6,-6
ze,ze
vu,vu
s1,s1
s3,s3
s4,s4
az,az
ba,ba
32,32
hb,hb
11,11
12,12
in,in
il,il
im,im
io,io
ih,ih
ii,ii
bb,bb
bc,bc
be,be
z.,z.
za,za
--,--
zi,zi
-c,-c
's,'s
cw,cewek
au,aku
ka,kak
mw,mau
jg,juga
1b,1B
ez,easy
rp,rupiah
3g,3G
ʚɞ,<noise>
gx,gak
nj,anjir
iy,iya
4g,4G
mg,minggu
sj,saja
kq,kok
6o,60
th,tahun
wk,wkwk
lw,lu
ak,aku
4d,4D
1d,1D
jn,jangan
se,seperti
奧克,oke
sb,sebab
no,nomor
tq,terima kasih
1B,1B
1D,1D
1M,1M
1k,1k
um,um
uk,uk
iz,iz
hm,hm
2.,2.
20,20
活该,rasain
26,26
23,23
gk,gak
2k,2k
un,un
27,27
ht,ht
t4,tempat
lg,lagi
ny,nya
jt,juta
hy,hai
ad,ada
._,<noise>
lm,lama
tg,tinggal
pa,apa
rb,ribu
ur,your
dg,dengan
sl,selalu
ko,kok
mo,mau
kk,kak
ta,tahu
jk,jika
qu,aku
it,it
24,24
25,25
kf,kf
kg,kg
kh,kh
wb,wb
wc,wc
wd,wd
us,us
19,19
hl,hl
hw,hw
ve,ve
16,16
17,17
18,18
hq,hq
hp,hp
wa,wa
ik,ik
vs,vs
yu,yuk
kp,kapan
ng,nggak
yh,ya
aq,aku
15,15
ho,ho
jo,saja
hr,hr
hs,hs
hu,hu
is,is
10,10
ut,ut
tf,transfer
jl,jalan
-_,<noise>
up,up
1x,1x
hg,hg
hv,hv
aw,aw
rj,rj
rl,rl
rn,rn
ro,ro
ay,ay
rt,rt
s8,s8
ma,mau
ᅲᅲ,<noise>
mh,mah
jd,jadi
sd,sudah
vt,vt
13,13
14,14
rz,rz
s.,s.
ni,ini
__,_
ok,oke
2e,2E
ji,saja
if,if
id,id
ic,ic
ip,ip
iq,iq
uu,uu
ir,ir
i.,i.
vi,vi
yg,yang
nm,nama
jb,juga
mf,maaf
sh,sih
mm,memang
aj,aja
lo,kamu
tp,tapi
hi,hai
lh,lah
b.,b.
b4,b4
yq,yq
yr,yr
dy,dia
wp,wattpad
na,nah
sm,sama
bs,bisa
ll,ll
si,sih
ln,lain
1m,1M
tu,itu
w8,wait
md,mood
mz,mas
jw,jawa
ᵎᵎ,<noise>
ft,ft
pn,pun
wq,wkwk
mn,mana
ig,instagram
ga,tidak
jm,jam
ja,saja
ᅠᅠ,<noise>
ty,thank you
ae,aja
nd,nggak
em,emang
gw,aku
td,tadi
sg,sangat
gu,aku
nk,nggak
sa,saja
gt,gitu
2d,2D
dr,dari
ky,kayak
kn,kan
bp,bapak
선우,Sunoo
vn,voice note
la,lah
bu,ibu
56,56
dn,dan
kr,kerja
pk,pak
dl,dulu
km,kamu
bw,bawa
ye,ya
gp,gpp
ᄋᄌ,oz
ki,kita
sy,saya
4a,4A
lt,lantai
vc,video call
h.,h.
ha,ha
kd,kd
ke,ke
59,59
6.,6.
3x,3x
49,49
4A,4A
4D,4D
4G,4G
4x,4x
1.,1.
52,52
54,54
55,55
ノ,<noise>
彡,<noise>
ꕤ,<noise>
ʿ,<noise>
ʚ,<noise>
୭,<noise>
𓂃,<noise>
?,?
;,;
2,2
v,<noise>
ა,<noise>
",",","
1,1
l,l
3,3
u,<noise>
j,<noise>
_,_
a,a
>,>
𓆌,<noise>
e,<noise>
<,<
m,<noise>
q,<noise>
r,r
8,8
9,9
h,<noise>
7,7
6,6
4,4
5,5
i,i
b,<noise>
s,<noise>
-,-
ᅠ,<noise>
&,&
!,!
c,<noise>
p,<noise>
0,<noise>
y,<noise>
o,<noise>
.,.
.,.
d,<noise>
n,<noise>
x,<noise>
k,<noise>
t,<noise>
f,<noise>
g,<noise>
ʖ,<noise>
w,<noise>
z,<noise>
૮,<noise>
𖥸,<noise>
,dan
